ply
format ascii 1.0
element vertex 432
property float x
property float y
property float z
property float opacity
property float scale_0
property float scale_1
property float scale_2
property float rot_0
property float rot_1
property float rot_2
property float rot_3
property float f_dc_0
property float f_dc_1
property float f_dc_2
property float mass
property float volume
property float density
property float youngs_modulus
property float poisson_ratio
property int material_id
property int pinned
end_header
-0.575 0.48 0.0 2.0 -3.8632328412587142 -3.8632328412587142 -4.528209144851963 1.0 0.0 0.0 0.0 -1.0634723105433095 1.0634723105433097 1.2407176956338613 0.029249999999999995 4.499999999999999e-05 650.0 12000.0 0.35 0 1
-0.5249999999999999 0.48 0.0 2.0 -3.8632328412587142 -3.8632328412587142 -4.528209144851963 1.0 0.0 0.0 0.0 -0.9787027785434804 1.0634723105433097 1.1944797690884998 0.029249999999999995 4.499999999999999e-05 650.0 12000.0 0.35 0 1
-0.475 0.48 0.0 2.0 -3.8632328412587142 -3.8632328412587142 -4.528209144851963 1.0 0.0 0.0 0.0 -0.8939332465436516 1.0634723105433097 1.1482418425431387 0.029249999999999995 4.499999999999999e-05 650.0 12000.0 0.35 0 1
-0.42499999999999993 0.48 0.0 2.0 -3.8632328412587142 -3.8632328412587142 -4.528209144851963 1.0 0.0 0.0 0.0 -0.8091637145438226 1.0634723105433097 1.1020039159977773 0.029249999999999995 4.499999999999999e-05 650.0 12000.0 0.35 0 1
-0.375 0.48 0.0 2.0 -3.8632328412587142 -3.8632328412587142 -4.528209144851963 1.0 0.0 0.0 0.0 -0.7243941825439935 1.0634723105433097 1.0557659894524158 0.029249999999999995 4.499999999999999e-05 650.0 12000.0 0.35 0 1
-0.32499999999999996 0.48 -0.0 2.0 -3.8632328412587142 -3.8632328412587142 -4.528209144851963 1.0 0.0 0.0 0.0 -0.6396246505441643 1.0634723105433097 1.0095280629070549 0.029249999999999995 4.499999999999999e-05 650.0 12000.0 0.35 0 1
-0.27499999999999997 0.48 -0.0 2.0 -3.8632328412587142 -3.8632328412587142 -4.528209144851963 1.0 0.0 0.0 0.0 -0.5548551185443354 1.0634723105433097 0.9632901363616935 0.029249999999999995 4.499999999999999e-05 650.0 12000.0 0.35 0 1
-0.22499999999999998 0.48 -0.0 2.0 -3.8632328412587142 -3.8632328412587142 -4.528209144851963 1.0 0.0 0.0 0.0 -0.4700855865445063 1.0634723105433097 0.9170522098163321 0.029249999999999995 4.499999999999999e-05 650.0 12000.0 0.35 0 1
-0.175 0.48 -0.0 2.0 -3.8632328412587142 -3.8632328412587142 -4.528209144851963 1.0 0.0 0.0 0.0 -0.3853160545446773 1.0634723105433097 0.870814283270971 0.029249999999999995 4.499999999999999e-05 650.0 12000.0 0.35 0 1
-0.125 0.48 0.0 2.0 -3.8632328412587142 -3.8632328412587142 -4.528209144851963 1.0 0.0 0.0 0.0 -0.3005465225448482 1.0634723105433097 0.8245763567256096 0.029249999999999995 4.499999999999999e-05 650.0 12000.0 0.35 0 1
-0.07500000000000001 0.48 0.0 2.0 -3.8632328412587142 -3.8632328412587142 -4.528209144851963 1.0 0.0 0.0 0.0 -0.21577699054501928 1.0634723105433097 0.7783384301802482 0.029249999999999995 4.499999999999999e-05 650.0 12000.0 0.35 0 1
-0.025000000000000022 0.48 0.0 2.0 -3.8632328412587142 -3.8632328412587142 -4.528209144851963 1.0 0.0 0.0 0.0 -0.13100745854519016 1.0634723105433097 0.7321005036348872 0.029249999999999995 4.499999999999999e-05 650.0 12000.0 0.35 0 1
0.025000000000000022 0.48 0.0 2.0 -3.8632328412587142 -3.8632328412587142 -4.528209144851963 1.0 0.0 0.0 0.0 -0.04623792654536122 1.0634723105433097 0.6858625770895258 0.029249999999999995 4.499999999999999e-05 650.0 12000.0 0.35 0 1
0.07499999999999996 0.48 0.0 2.0 -3.8632328412587142 -3.8632328412587142 -4.528209144851963 1.0 0.0 0.0 0.0 0.03853160545446791 1.0634723105433097 0.6396246505441643 0.029249999999999995 4.499999999999999e-05 650.0 12000.0 0.35 0 1
0.125 0.48 -0.0 2.0 -3.8632328412587142 -3.8632328412587142 -4.528209144851963 1.0 0.0 0.0 0.0 0.12330113745429684 1.0634723105433097 0.5933867239988033 0.029249999999999995 4.499999999999999e-05 650.0 12000.0 0.35 0 1
0.17499999999999993 0.48 -0.0 2.0 -3.8632328412587142 -3.8632328412587142 -4.528209144851963 1.0 0.0 0.0 0.0 0.20807066945412578 1.0634723105433097 0.5471487974534419 0.029249999999999995 4.499999999999999e-05 650.0 12000.0 0.35 0 1
0.22499999999999998 0.48 -0.0 2.0 -3.8632328412587142 -3.8632328412587142 -4.528209144851963 1.0 0.0 0.0 0.0 0.29284020145395473 1.0634723105433097 0.5009108709080805 0.029249999999999995 4.499999999999999e-05 650.0 12000.0 0.35 0 1
0.275 0.48 -0.0 2.0 -3.8632328412587142 -3.8632328412587142 -4.528209144851963 1.0 0.0 0.0 0.0 0.3776097334537836 1.0634723105433097 0.4546729443627195 0.029249999999999995 4.499999999999999e-05 650.0 12000.0 0.35 0 1
0.32499999999999996 0.48 0.0 2.0 -3.8632328412587142 -3.8632328412587142 -4.528209144851963 1.0 0.0 0.0 0.0 0.46237926545361335 1.0634723105433097 0.408435017817358 0.029249999999999995 4.499999999999999e-05 650.0 12000.0 0.35 0 1
0.375 0.48 0.0 2.0 -3.8632328412587142 -3.8632328412587142 -4.528209144851963 1.0 0.0 0.0 0.0 0.5471487974534422 1.0634723105433097 0.3621970912719966 0.029249999999999995 4.499999999999999e-05 650.0 12000.0 0.35 0 1
0.42499999999999993 0.48 0.0 2.0 -3.8632328412587142 -3.8632328412587142 -4.528209144851963 1.0 0.0 0.0 0.0 0.6319183294532712 1.0634723105433097 0.3159591647266356 0.029249999999999995 4.499999999999999e-05 650.0 12000.0 0.35 0 1
0.47499999999999987 0.48 0.0 2.0 -3.8632328412587142 -3.8632328412587142 -4.528209144851963 1.0 0.0 0.0 0.0 0.7166878614531002 1.0634723105433097 0.2697212381812742 0.029249999999999995 4.499999999999999e-05 650.0 12000.0 0.35 0 1
0.5249999999999999 0.48 0.0 2.0 -3.8632328412587142 -3.8632328412587142 -4.528209144851963 1.0 0.0 0.0 0.0 0.8014573934529291 1.0634723105433097 0.22348331163591278 0.029249999999999995 4.499999999999999e-05 650.0 12000.0 0.35 0 1
0.575 0.48 -0.0 2.0 -3.8632328412587142 -3.8632328412587142 -4.528209144851963 1.0 0.0 0.0 0.0 0.886226925452758 1.0634723105433097 0.17724538509055177 0.029249999999999995 4.499999999999999e-05 650.0 12000.0 0.35 0 1
-0.575 0.43 0.0 2.0 -3.8632328412587142 -3.8632328412587142 -4.528209144851963 1.0 0.0 0.0 0.0 -1.0634723105433095 0.9904889166824943 1.2407176956338613 0.029249999999999995 4.499999999999999e-05 650.0 12000.0 0.35 0 0
-0.5249999999999999 0.43 0.005522520811945649 2.0 -3.8632328412587142 -3.8632328412587142 -4.528209144851963 1.0 0.0 0.0 0.0 -0.9787027785434804 0.9904889166824943 1.1944797690884998 0.029249999999999995 4.499999999999999e-05 650.0 12000.0 0.35 0 0
-0.475 0.43 0.008447713794265238 2.0 -3.8632328412587142 -3.8632328412587142 -4.528209144851963 1.0 0.0 0.0 0.0 -0.8939332465436516 0.9904889166824943 1.1482418425431387 0.029249999999999995 4.499999999999999e-05 650.0 12000.0 0.35 0 0
-0.42499999999999993 0.43 0.007399814979972692 2.0 -3.8632328412587142 -3.8632328412587142 -4.528209144851963 1.0 0.0 0.0 0.0 -0.8091637145438226 0.9904889166824943 1.1020039159977773 0.029249999999999995 4.499999999999999e-05 650.0 12000.0 0.35 0 0
-0.375 0.43 0.002871667555300434 2.0 -3.8632328412587142 -3.8632328412587142 -4.528209144851963 1.0 0.0 0.0 0.0 -0.7243941825439935 0.9904889166824943 1.0557659894524158 0.029249999999999995 4.499999999999999e-05 650.0 12000.0 0.35 0 0
-0.32499999999999996 0.43 -0.0030070699916729254 2.0 -3.8632328412587142 -3.8632328412587142 -4.528209144851963 1.0 0.0 0.0 0.0 -0.6396246505441643 0.9904889166824943 1.0095280629070549 0.029249999999999995 4.499999999999999e-05 650.0 12000.0 0.35 0 0
-0.27499999999999997 0.43 -0.007471535534797767 2.0 -3.8632328412587142 -3.8632328412587142 -4.528209144851963 1.0 0.0 0.0 0.0 -0.5548551185443354 0.9904889166824943 0.9632901363616935 0.029249999999999995 4.499999999999999e-05 650.0 12000.0 0.35 0 0
-0.22499999999999998 0.43 -0.008422021169944088 2.0 -3.8632328412587142 -3.8632328412587142 -4.528209144851963 1.0 0.0 0.0 0.0 -0.4700855865445063 0.9904889166824943 0.9170522098163321 0.029249999999999995 4.499999999999999e-05 650.0 12000.0 0.35 0 0
-0.175 0.43 -0.005411498651154837 2.0 -3.8632328412587142 -3.8632328412587142 -4.528209144851963 1.0 0.0 0.0 0.0 -0.3853160545446773 0.9904889166824943 0.870814283270971 0.029249999999999995 4.499999999999999e-05 650.0 12000.0 0.35 0 0
-0.125 0.43 0.00014413624027144172 2.0 -3.8632328412587142 -3.8632328412587142 -4.528209144851963 1.0 0.0 0.0 0.0 -0.3005465225448482 0.9904889166824943 0.8245763567256096 0.029249999999999995 4.499999999999999e-05 650.0 12000.0 0.35 0 0
-0.07500000000000001 0.43 0.00563198160570718 2.0 -3.8632328412587142 -3.8632328412587142 -4.528209144851963 1.0 0.0 0.0 0.0 -0.21577699054501928 0.9904889166824943 0.7783384301802482 0.029249999999999995 4.499999999999999e-05 650.0 12000.0 0.35 0 0
-0.025000000000000022 0.43 0.008471018019838726 2.0 -3.8632328412587142 -3.8632328412587142 -4.528209144851963 1.0 0.0 0.0 0.0 -0.13100745854519016 0.9904889166824943 0.7321005036348872 0.029249999999999995 4.499999999999999e-05 650.0 12000.0 0.35 0 0
0.025000000000000022 0.43 0.007326002295932363 2.0 -3.8632328412587142 -3.8632328412587142 -4.528209144851963 1.0 0.0 0.0 0.0 -0.04623792654536122 0.9904889166824943 0.6858625770895258 0.029249999999999995 4.499999999999999e-05 650.0 12000.0 0.35 0 0
0.07499999999999996 0.43 0.0027354532203054498 2.0 -3.8632328412587142 -3.8632328412587142 -4.528209144851963 1.0 0.0 0.0 0.0 0.03853160545446791 0.9904889166824943 0.6396246505441643 0.029249999999999995 4.499999999999999e-05 650.0 12000.0 0.35 0 0
0.125 0.43 -0.003141622247466716 2.0 -3.8632328412587142 -3.8632328412587142 -4.528209144851963 1.0 0.0 0.0 0.0 0.12330113745429684 0.9904889166824943 0.5933867239988033 0.029249999999999995 4.499999999999999e-05 650.0 12000.0 0.35 0 0
0.17499999999999993 0.43 -0.007541143683053567 2.0 -3.8632328412587142 -3.8632328412587142 -4.528209144851963 1.0 0.0 0.0 0.0 0.20807066945412578 0.9904889166824943 0.5471487974534419 0.029249999999999995 4.499999999999999e-05 650.0 12000.0 0.35 0 0
0.22499999999999998 0.43 -0.008393947410879864 2.0 -3.8632328412587142 -3.8632328412587142 -4.528209144851963 1.0 0.0 0.0 0.0 0.29284020145395473 0.9904889166824943 0.5009108709080805 0.029249999999999995 4.499999999999999e-05 650.0 12000.0 0.35 0 0
0.275 0.43 -0.005298946512323086 2.0 -3.8632328412587142 -3.8632328412587142 -4.528209144851963 1.0 0.0 0.0 0.0 0.3776097334537836 0.9904889166824943 0.4546729443627195 0.029249999999999995 4.499999999999999e-05 650.0 12000.0 0.35 0 0
0.32499999999999996 0.43 0.000288231729302472 2.0 -3.8632328412587142 -3.8632328412587142 -4.528209144851963 1.0 0.0 0.0 0.0 0.46237926545361335 0.9904889166824943 0.408435017817358 0.029249999999999995 4.499999999999999e-05 650.0 12000.0 0.35 0 0
0.375 0.43 0.005739850084892062 2.0 -3.8632328412587142 -3.8632328412587142 -4.528209144851963 1.0 0.0 0.0 0.0 0.5471487974534422 0.9904889166824943 0.3621970912719966 0.029249999999999995 4.499999999999999e-05 650.0 12000.0 0.35 0 0
0.42499999999999993 0.43 0.008491927257925337 2.0 -3.8632328412587142 -3.8632328412587142 -4.528209144851963 1.0 0.0 0.0 0.0 0.6319183294532712 0.9904889166824943 0.3159591647266356 0.029249999999999995 4.499999999999999e-05 650.0 12000.0 0.35 0 0
0.47499999999999987 0.43 0.0072501183515327 2.0 -3.8632328412587142 -3.8632328412587142 -4.528209144851963 1.0 0.0 0.0 0.0 0.7166878614531002 0.9904889166824943 0.2697212381812742 0.029249999999999995 4.499999999999999e-05 650.0 12000.0 0.35 0 0
0.5249999999999999 0.43 0.0025984654981900304 2.0 -3.8632328412587142 -3.8632328412587142 -4.528209144851963 1.0 0.0 0.0 0.0 0.8014573934529291 0.9904889166824943 0.22348331163591278 0.029249999999999995 4.499999999999999e-05 650.0 12000.0 0.35 0 0
0.575 0.43 -0.0032752862810948168 2.0 -3.8632328412587142 -3.8632328412587142 -4.528209144851963 1.0 0.0 0.0 0.0 0.886226925452758 0.9904889166824943 0.17724538509055177 0.029249999999999995 4.499999999999999e-05 650.0 12000.0 0.35 0 0
-0.575 0.38 0.0 2.0 -3.8632328412587142 -3.8632328412587142 -4.528209144851963 1.0 0.0 0.0 0.0 -1.0634723105433095 0.9175055228216787 1.2407176956338613 0.029249999999999995 4.499999999999999e-05 650.0 12000.0 0.35 0 0
-0.5249999999999999 0.38 0.010375410713746987 2.0 -3.8632328412587142 -3.8632328412587142 -4.528209144851963 1.0 0.0 0.0 0.0 -0.9787027785434804 0.9175055228216787 1.1944797690884998 0.029249999999999995 4.499999999999999e-05 650.0 12000.0 0.35 0 0
-0.475 0.38 0.015871103648554322 2.0 -3.8632328412587142 -3.8632328412587142 -4.528209144851963 1.0 0.0 0.0 0.0 -0.8939332465436516 0.9175055228216787 1.1482418425431387 0.029249999999999995 4.499999999999999e-05 650.0 12000.0 0.35 0 0
-0.42499999999999993 0.38 0.013902368544611242 2.0 -3.8632328412587142 -3.8632328412587142 -4.528209144851963 1.0 0.0 0.0 0.0 -0.8091637145438226 0.9175055228216787 1.1020039159977773 0.029249999999999995 4.499999999999999e-05 650.0 12000.0 0.35 0 0
-0.375 0.38 0.005395132283636739 2.0 -3.8632328412587142 -3.8632328412587142 -4.528209144851963 1.0 0.0 0.0 0.0 -0.7243941825439935 0.9175055228216787 1.0557659894524158 0.029249999999999995 4.499999999999999e-05 650.0 12000.0 0.35 0 0
-0.32499999999999996 0.38 -0.005649518991599482 2.0 -3.8632328412587142 -3.8632328412587142 -4.528209144851963 1.0 0.0 0.0 0.0 -0.6396246505441643 0.9175055228216787 1.0095280629070549 0.029249999999999995 4.499999999999999e-05 650.0 12000.0 0.35 0 0
-0.27499999999999997 0.38 -0.014037113208917143 2.0 -3.8632328412587142 -3.8632328412587142 -4.528209144851963 1.0 0.0 0.0 0.0 -0.5548551185443354 0.9175055228216787 0.9632901363616935 0.029249999999999995 4.499999999999999e-05 650.0 12000.0 0.35 0 0
-0.22499999999999998 0.38 -0.01582283374813687 2.0 -3.8632328412587142 -3.8632328412587142 -4.528209144851963 1.0 0.0 0.0 0.0 -0.4700855865445063 0.9175055228216787 0.9170522098163321 0.029249999999999995 4.499999999999999e-05 650.0 12000.0 0.35 0 0
-0.175 0.38 -0.010166828337010502 2.0 -3.8632328412587142 -3.8632328412587142 -4.528209144851963 1.0 0.0 0.0 0.0 -0.3853160545446773 0.9175055228216787 0.870814283270971 0.029249999999999995 4.499999999999999e-05 650.0 12000.0 0.35 0 0
-0.125 0.38 0.0002707953020868116 2.0 -3.8632328412587142 -3.8632328412587142 -4.528209144851963 1.0 0.0 0.0 0.0 -0.3005465225448482 0.9175055228216787 0.8245763567256096 0.029249999999999995 4.499999999999999e-05 650.0 12000.0 0.35 0 0
-0.07500000000000001 0.38 0.010581059679319382 2.0 -3.8632328412587142 -3.8632328412587142 -4.528209144851963 1.0 0.0 0.0 0.0 -0.21577699054501928 0.9175055228216787 0.7783384301802482 0.029249999999999995 4.499999999999999e-05 650.0 12000.0 0.35 0 0
-0.025000000000000022 0.38 0.015914886355749874 2.0 -3.8632328412587142 -3.8632328412587142 -4.528209144851963 1.0 0.0 0.0 0.0 -0.13100745854519016 0.9175055228216787 0.7321005036348872 0.029249999999999995 4.499999999999999e-05 650.0 12000.0 0.35 0 0
0.025000000000000022 0.38 0.01376369330211222 2.0 -3.8632328412587142 -3.8632328412587142 -4.528209144851963 1.0 0.0 0.0 0.0 -0.04623792654536122 0.9175055228216787 0.6858625770895258 0.029249999999999995 4.499999999999999e-05 650.0 12000.0 0.35 0 0
0.07499999999999996 0.38 0.005139220224850858 2.0 -3.8632328412587142 -3.8632328412587142 -4.528209144851963 1.0 0.0 0.0 0.0 0.03853160545446791 0.9175055228216787 0.6396246505441643 0.029249999999999995 4.499999999999999e-05 650.0 12000.0 0.35 0 0
0.125 0.38 -0.005902308426688978 2.0 -3.8632328412587142 -3.8632328412587142 -4.528209144851963 1.0 0.0 0.0 0.0 0.12330113745429684 0.9175055228216787 0.5933867239988033 0.029249999999999995 4.499999999999999e-05 650.0 12000.0 0.35 0 0
0.17499999999999993 0.38 -0.014167889199043807 2.0 -3.8632328412587142 -3.8632328412587142 -4.528209144851963 1.0 0.0 0.0 0.0 0.20807066945412578 0.9175055228216787 0.5471487974534419 0.029249999999999995 4.499999999999999e-05 650.0 12000.0 0.35 0 0
0.22499999999999998 0.38 -0.015770090301712898 2.0 -3.8632328412587142 -3.8632328412587142 -4.528209144851963 1.0 0.0 0.0 0.0 0.29284020145395473 0.9175055228216787 0.5009108709080805 0.029249999999999995 4.499999999999999e-05 650.0 12000.0 0.35 0 0
0.275 0.38 -0.009955371521028189 2.0 -3.8632328412587142 -3.8632328412587142 -4.528209144851963 1.0 0.0 0.0 0.0 0.3776097334537836 0.9175055228216787 0.4546729443627195 0.029249999999999995 4.499999999999999e-05 650.0 12000.0 0.35 0 0
0.32499999999999996 0.38 0.0005415140429671089 2.0 -3.8632328412587142 -3.8632328412587142 -4.528209144851963 1.0 0.0 0.0 0.0 0.46237926545361335 0.9175055228216787 0.408435017817358 0.029249999999999995 4.499999999999999e-05 650.0 12000.0 0.35 0 0
0.375 0.38 0.010783717091164628 2.0 -3.8632328412587142 -3.8632328412587142 -4.528209144851963 1.0 0.0 0.0 0.0 0.5471487974534422 0.9175055228216787 0.3621970912719966 0.029249999999999995 4.499999999999999e-05 650.0 12000.0 0.35 0 0
0.42499999999999993 0.38 0.015954169491159853 2.0 -3.8632328412587142 -3.8632328412587142 -4.528209144851963 1.0 0.0 0.0 0.0 0.6319183294532712 0.9175055228216787 0.3159591647266356 0.029249999999999995 4.499999999999999e-05 650.0 12000.0 0.35 0 0
0.47499999999999987 0.38 0.013621126688687679 2.0 -3.8632328412587142 -3.8632328412587142 -4.528209144851963 1.0 0.0 0.0 0.0 0.7166878614531002 0.9175055228216787 0.2697212381812742 0.029249999999999995 4.499999999999999e-05 650.0 12000.0 0.35 0 0
0.5249999999999999 0.38 0.0048818551685501695 2.0 -3.8632328412587142 -3.8632328412587142 -4.528209144851963 1.0 0.0 0.0 0.0 0.8014573934529291 0.9175055228216787 0.22348331163591278 0.029249999999999995 4.499999999999999e-05 650.0 12000.0 0.35 0 0
0.575 0.38 -0.0061534291184476815 2.0 -3.8632328412587142 -3.8632328412587142 -4.528209144851963 1.0 0.0 0.0 0.0 0.886226925452758 0.9175055228216787 0.17724538509055177 0.029249999999999995 4.499999999999999e-05 650.0 12000.0 0.35 0 0
-0.575 0.32999999999999996 0.0 2.0 -3.8632328412587142 -3.8632328412587142 -4.528209144851963 1.0 0.0 0.0 0.0 -1.0634723105433095 0.8445221289608636 1.2407176956338613 0.029249999999999995 4.499999999999999e-05 650.0 12000.0 0.35 0 0
-0.5249999999999999 0.32999999999999996 0.013970234606210887 2.0 -3.8632328412587142 -3.8632328412587142 -4.528209144851963 1.0 0.0 0.0 0.0 -0.9787027785434804 0.8445221289608636 1.1944797690884998 0.029249999999999995 4.499999999999999e-05 650.0 12000.0 0.35 0 0
-0.475 0.32999999999999996 0.021370049586183576 2.0 -3.8632328412587142 -3.8632328412587142 -4.528209144851963 1.0 0.0 0.0 0.0 -0.8939332465436516 0.8445221289608636 1.1482418425431387 0.029249999999999995 4.499999999999999e-05 650.0 12000.0 0.35 0 0
-0.42499999999999993 0.32999999999999996 0.018719196329538366 2.0 -3.8632328412587142 -3.8632328412587142 -4.528209144851963 1.0 0.0 0.0 0.0 -0.8091637145438226 0.8445221289608636 1.1020039159977773 0.029249999999999995 4.499999999999999e-05 650.0 12000.0 0.35 0 0
-0.375 0.32999999999999996 0.007264412543600202 2.0 -3.8632328412587142 -3.8632328412587142 -4.528209144851963 1.0 0.0 0.0 0.0 -0.7243941825439935 0.8445221289608636 1.0557659894524158 0.029249999999999995 4.499999999999999e-05 650.0 12000.0 0.35 0 0
-0.32499999999999996 0.32999999999999996 -0.0076069379711702625 2.0 -3.8632328412587142 -3.8632328412587142 -4.528209144851963 1.0 0.0 0.0 0.0 -0.6396246505441643 0.8445221289608636 1.0095280629070549 0.029249999999999995 4.499999999999999e-05 650.0 12000.0 0.35 0 0
-0.27499999999999997 0.32999999999999996 -0.018900626696414777 2.0 -3.8632328412587142 -3.8632328412587142 -4.528209144851963 1.0 0.0 0.0 0.0 -0.5548551185443354 0.8445221289608636 0.9632901363616935 0.029249999999999995 4.499999999999999e-05 650.0 12000.0 0.35 0 0
-0.22499999999999998 0.32999999999999996 -0.021305055355896694 2.0 -3.8632328412587142 -3.8632328412587142 -4.528209144851963 1.0 0.0 0.0 0.0 -0.4700855865445063 0.8445221289608636 0.9170522098163321 0.029249999999999995 4.499999999999999e-05 650.0 12000.0 0.35 0 0
-0.175 0.32999999999999996 -0.013689383580827486 2.0 -3.8632328412587142 -3.8632328412587142 -4.528209144851963 1.0 0.0 0.0 0.0 -0.3853160545446773 0.8445221289608636 0.870814283270971 0.029249999999999995 4.499999999999999e-05 650.0 12000.0 0.35 0 0
-0.125 0.32999999999999996 0.0003646191948237858 2.0 -3.8632328412587142 -3.8632328412587142 -4.528209144851963 1.0 0.0 0.0 0.0 -0.3005465225448482 0.8445221289608636 0.8245763567256096 0.029249999999999995 4.499999999999999e-05 650.0 12000.0 0.35 0 0
-0.07500000000000001 0.32999999999999996 0.014247135865817351 2.0 -3.8632328412587142 -3.8632328412587142 -4.528209144851963 1.0 0.0 0.0 0.0 -0.21577699054501928 0.8445221289608636 0.7783384301802482 0.029249999999999995 4.499999999999999e-05 650.0 12000.0 0.35 0 0
-0.025000000000000022 0.32999999999999996 0.02142900192147826 2.0 -3.8632328412587142 -3.8632328412587142 -4.528209144851963 1.0 0.0 0.0 0.0 -0.13100745854519016 0.8445221289608636 0.7321005036348872 0.029249999999999995 4.499999999999999e-05 650.0 12000.0 0.35 0 0
0.025000000000000022 0.32999999999999996 0.01853247353607655 2.0 -3.8632328412587142 -3.8632328412587142 -4.528209144851963 1.0 0.0 0.0 0.0 -0.04623792654536122 0.8445221289608636 0.6858625770895258 0.029249999999999995 4.499999999999999e-05 650.0 12000.0 0.35 0 0
0.07499999999999996 0.32999999999999996 0.0069198332687710855 2.0 -3.8632328412587142 -3.8632328412587142 -4.528209144851963 1.0 0.0 0.0 0.0 0.03853160545446791 0.8445221289608636 0.6396246505441643 0.029249999999999995 4.499999999999999e-05 650.0 12000.0 0.35 0 0
0.125 0.32999999999999996 -0.007947312710214824 2.0 -3.8632328412587142 -3.8632328412587142 -4.528209144851963 1.0 0.0 0.0 0.0 0.12330113745429684 0.8445221289608636 0.5933867239988033 0.029249999999999995 4.499999999999999e-05 650.0 12000.0 0.35 0 0
0.17499999999999993 0.32999999999999996 -0.019076713341400153 2.0 -3.8632328412587142 -3.8632328412587142 -4.528209144851963 1.0 0.0 0.0 0.0 0.20807066945412578 0.8445221289608636 0.5471487974534419 0.029249999999999995 4.499999999999999e-05 650.0 12000.0 0.35 0 0
0.22499999999999998 0.32999999999999996 -0.02123403760625651 2.0 -3.8632328412587142 -3.8632328412587142 -4.528209144851963 1.0 0.0 0.0 0.0 0.29284020145395473 0.8445221289608636 0.5009108709080805 0.029249999999999995 4.499999999999999e-05 650.0 12000.0 0.35 0 0
0.275 0.32999999999999996 -0.013404662193900487 2.0 -3.8632328412587142 -3.8632328412587142 -4.528209144851963 1.0 0.0 0.0 0.0 0.3776097334537836 0.8445221289608636 0.4546729443627195 0.029249999999999995 4.499999999999999e-05 650.0 12000.0 0.35 0 0
0.32499999999999996 0.32999999999999996 0.0007291353018714585 2.0 -3.8632328412587142 -3.8632328412587142 -4.528209144851963 1.0 0.0 0.0 0.0 0.46237926545361335 0.8445221289608636 0.408435017817358 0.029249999999999995 4.499999999999999e-05 650.0 12000.0 0.35 0 0
0.375 0.32999999999999996 0.014520009072119864 2.0 -3.8632328412587142 -3.8632328412587142 -4.528209144851963 1.0 0.0 0.0 0.0 0.5471487974534422 0.8445221289608636 0.3621970912719966 0.029249999999999995 4.499999999999999e-05 650.0 12000.0 0.35 0 0
0.42499999999999993 0.32999999999999996 0.021481895694350103 2.0 -3.8632328412587142 -3.8632328412587142 -4.528209144851963 1.0 0.0 0.0 0.0 0.6319183294532712 0.8445221289608636 0.3159591647266356 0.029249999999999995 4.499999999999999e-05 650.0 12000.0 0.35 0 0
0.47499999999999987 0.32999999999999996 0.01834051110764806 2.0 -3.8632328412587142 -3.8632328412587142 -4.528209144851963 1.0 0.0 0.0 0.0 0.7166878614531002 0.8445221289608636 0.2697212381812742 0.029249999999999995 4.499999999999999e-05 650.0 12000.0 0.35 0 0
0.5249999999999999 0.32999999999999996 0.006573297568627912 2.0 -3.8632328412587142 -3.8632328412587142 -4.528209144851963 1.0 0.0 0.0 0.0 0.8014573934529291 0.8445221289608636 0.22348331163591278 0.029249999999999995 4.499999999999999e-05 650.0 12000.0 0.35 0 0
0.575 0.32999999999999996 -0.008285440527525691 2.0 -3.8632328412587142 -3.8632328412587142 -4.528209144851963 1.0 0.0 0.0 0.0 0.886226925452758 0.8445221289608636 0.17724538509055177 0.029249999999999995 4.499999999999999e-05 650.0 12000.0 0.35 0 0
-0.575 0.28 0.0 2.0 -3.8632328412587142 -3.8632328412587142 -4.528209144851963 1.0 0.0 0.0 0.0 -1.0634723105433095 0.7715387351000478 1.2407176956338613 0.029249999999999995 4.499999999999999e-05 650.0 12000.0 0.35 0 0
-0.5249999999999999 0.28 0.015871103648554322 2.0 -3.8632328412587142 -3.8632328412587142 -4.528209144851963 1.0 0.0 0.0 0.0 -0.9787027785434804 0.7715387351000478 1.1944797690884998 0.029249999999999995 4.499999999999999e-05 650.0 12000.0 0.35 0 0
-0.475 0.28 0.024277779258358227 2.0 -3.8632328412587142 -3.8632328412587142 -4.528209144851963 1.0 0.0 0.0 0.0 -0.8939332465436516 0.7715387351000478 1.1482418425431387 0.029249999999999995 4.499999999999999e-05 650.0 12000.0 0.35 0 0
-0.42499999999999993 0.28 0.021266235932191062 2.0 -3.8632328412587142 -3.8632328412587142 -4.528209144851963 1.0 0.0 0.0 0.0 -0.8091637145438226 0.7715387351000478 1.1020039159977773 0.029249999999999995 4.499999999999999e-05 650.0 12000.0 0.35 0 0
-0.375 0.28 0.008252849553011761 2.0 -3.8632328412587142 -3.8632328412587142 -4.528209144851963 1.0 0.0 0.0 0.0 -0.7243941825439935 0.7715387351000478 1.0557659894524158 0.029249999999999995 4.499999999999999e-05 650.0 12000.0 0.35 0 0
-0.32499999999999996 0.28 -0.00864198092528041 2.0 -3.8632328412587142 -3.8632328412587142 -4.528209144851963 1.0 0.0 0.0 0.0 -0.6396246505441643 0.7715387351000478 1.0095280629070549 0.029249999999999995 4.499999999999999e-05 650.0 12000.0 0.35 0 0
-0.27499999999999997 0.28 -0.02147235273973634 2.0 -3.8632328412587142 -3.8632328412587142 -4.528209144851963 1.0 0.0 0.0 0.0 -0.5548551185443354 0.7715387351000478 0.9632901363616935 0.029249999999999995 4.499999999999999e-05 650.0 12000.0 0.35 0 0
-0.22499999999999998 0.28 -0.024203941545927646 2.0 -3.8632328412587142 -3.8632328412587142 -4.528209144851963 1.0 0.0 0.0 0.0 -0.4700855865445063 0.7715387351000478 0.9170522098163321 0.029249999999999995 4.499999999999999e-05 650.0 12000.0 0.35 0 0
-0.175 0.28 -0.01555203844605006 2.0 -3.8632328412587142 -3.8632328412587142 -4.528209144851963 1.0 0.0 0.0 0.0 -0.3853160545446773 0.7715387351000478 0.870814283270971 0.029249999999999995 4.499999999999999e-05 650.0 12000.0 0.35 0 0
-0.125 0.28 0.00041423134230888164 2.0 -3.8632328412587142 -3.8632328412587142 -4.528209144851963 1.0 0.0 0.0 0.0 -0.3005465225448482 0.7715387351000478 0.8245763567256096 0.029249999999999995 4.499999999999999e-05 650.0 12000.0 0.35 0 0
-0.07500000000000001 0.28 0.01618568165783669 2.0 -3.8632328412587142 -3.8632328412587142 -4.528209144851963 1.0 0.0 0.0 0.0 -0.21577699054501928 0.7715387351000478 0.7783384301802482 0.029249999999999995 4.499999999999999e-05 650.0 12000.0 0.35 0 0
-0.025000000000000022 0.28 0.02434475298143159 2.0 -3.8632328412587142 -3.8632328412587142 -4.528209144851963 1.0 0.0 0.0 0.0 -0.13100745854519016 0.7715387351000478 0.7321005036348872 0.029249999999999995 4.499999999999999e-05 650.0 12000.0 0.35 0 0
0.025000000000000022 0.28 0.021054106580600748 2.0 -3.8632328412587142 -3.8632328412587142 -4.528209144851963 1.0 0.0 0.0 0.0 -0.04623792654536122 0.7715387351000478 0.6858625770895258 0.029249999999999995 4.499999999999999e-05 650.0 12000.0 0.35 0 0
0.07499999999999996 0.28 0.007861384875423223 2.0 -3.8632328412587142 -3.8632328412587142 -4.528209144851963 1.0 0.0 0.0 0.0 0.03853160545446791 0.7715387351000478 0.6396246505441643 0.029249999999999995 4.499999999999999e-05 650.0 12000.0 0.35 0 0
0.125 0.28 -0.009028668974192931 2.0 -3.8632328412587142 -3.8632328412587142 -4.528209144851963 1.0 0.0 0.0 0.0 0.12330113745429684 0.7715387351000478 0.5933867239988033 0.029249999999999995 4.499999999999999e-05 650.0 12000.0 0.35 0 0
0.17499999999999993 0.28 -0.02167239872840189 2.0 -3.8632328412587142 -3.8632328412587142 -4.528209144851963 1.0 0.0 0.0 0.0 0.20807066945412578 0.7715387351000478 0.5471487974534419 0.029249999999999995 4.499999999999999e-05 650.0 12000.0 0.35 0 0
0.22499999999999998 0.28 -0.024123260720071985 2.0 -3.8632328412587142 -3.8632328412587142 -4.528209144851963 1.0 0.0 0.0 0.0 0.29284020145395473 0.7715387351000478 0.5009108709080805 0.029249999999999995 4.499999999999999e-05 650.0 12000.0 0.35 0 0
0.275 0.28 -0.015228576258745808 2.0 -3.8632328412587142 -3.8632328412587142 -4.528209144851963 1.0 0.0 0.0 0.0 0.3776097334537836 0.7715387351000478 0.4546729443627195 0.029249999999999995 4.499999999999999e-05 650.0 12000.0 0.35 0 0
0.32499999999999996 0.28 0.00082834557013646 2.0 -3.8632328412587142 -3.8632328412587142 -4.528209144851963 1.0 0.0 0.0 0.0 0.46237926545361335 0.7715387351000478 0.408435017817358 0.029249999999999995 4.499999999999999e-05 650.0 12000.0 0.35 0 0
0.375 0.28 0.01649568353412695 2.0 -3.8632328412587142 -3.8632328412587142 -4.528209144851963 1.0 0.0 0.0 0.0 0.5471487974534422 0.7715387351000478 0.3621970912719966 0.029249999999999995 4.499999999999999e-05 650.0 12000.0 0.35 0 0
0.42499999999999993 0.28 0.024404843779852314 2.0 -3.8632328412587142 -3.8632328412587142 -4.528209144851963 1.0 0.0 0.0 0.0 0.6319183294532712 0.7715387351000478 0.3159591647266356 0.029249999999999995 4.499999999999999e-05 650.0 12000.0 0.35 0 0
0.47499999999999987 0.28 0.02083602465971001 2.0 -3.8632328412587142 -3.8632328412587142 -4.528209144851963 1.0 0.0 0.0 0.0 0.7166878614531002 0.7715387351000478 0.2697212381812742 0.029249999999999995 4.499999999999999e-05 650.0 12000.0 0.35 0 0
0.5249999999999999 0.28 0.007467697570239993 2.0 -3.8632328412587142 -3.8632328412587142 -4.528209144851963 1.0 0.0 0.0 0.0 0.8014573934529291 0.7715387351000478 0.22348331163591278 0.029249999999999995 4.499999999999999e-05 650.0 12000.0 0.35 0 0
0.575 0.28 -0.009412804372507173 2.0 -3.8632328412587142 -3.8632328412587142 -4.528209144851963 1.0 0.0 0.0 0.0 0.886226925452758 0.7715387351000478 0.17724538509055177 0.029249999999999995 4.499999999999999e-05 650.0 12000.0 0.35 0 0
-0.575 0.23 0.0 2.0 -3.8632328412587142 -3.8632328412587142 -4.528209144851963 1.0 0.0 0.0 0.0 -1.0634723105433095 0.6985553412392327 1.2407176956338613 0.029249999999999995 4.499999999999999e-05 650.0 12000.0 0.35 0 0
-0.5249999999999999 0.23 0.01584752877423793 2.0 -3.8632328412587142 -3.8632328412587142 -4.528209144851963 1.0 0.0 0.0 0.0 -0.9787027785434804 0.6985553412392327 1.1944797690884998 0.029249999999999995 4.499999999999999e-05 650.0 12000.0 0.35 0 0
-0.475 0.23 0.02424171714148401 2.0 -3.8632328412587142 -3.8632328412587142 -4.528209144851963 1.0 0.0 0.0 0.0 -0.8939332465436516 0.6985553412392327 1.1482418425431387 0.029249999999999995 4.499999999999999e-05 650.0 12000.0 0.35 0 0
-0.42499999999999993 0.23 0.02123464714981109 2.0 -3.8632328412587142 -3.8632328412587142 -4.528209144851963 1.0 0.0 0.0 0.0 -0.8091637145438226 0.6985553412392327 1.1020039159977773 0.029249999999999995 4.499999999999999e-05 650.0 12000.0 0.35 0 0
-0.375 0.23 0.00824059080306767 2.0 -3.8632328412587142 -3.8632328412587142 -4.528209144851963 1.0 0.0 0.0 0.0 -0.7243941825439935 0.6985553412392327 1.0557659894524158 0.029249999999999995 4.499999999999999e-05 650.0 12000.0 0.35 0 0
-0.32499999999999996 0.23 -0.00862914416114166 2.0 -3.8632328412587142 -3.8632328412587142 -4.528209144851963 1.0 0.0 0.0 0.0 -0.6396246505441643 0.6985553412392327 1.0095280629070549 0.029249999999999995 4.499999999999999e-05 650.0 12000.0 0.35 0 0
-0.27499999999999997 0.23 -0.021440457792269177 2.0 -3.8632328412587142 -3.8632328412587142 -4.528209144851963 1.0 0.0 0.0 0.0 -0.5548551185443354 0.6985553412392327 0.9632901363616935 0.029249999999999995 4.499999999999999e-05 650.0 12000.0 0.35 0 0
-0.22499999999999998 0.23 -0.024167989107298178 2.0 -3.8632328412587142 -3.8632328412587142 -4.528209144851963 1.0 0.0 0.0 0.0 -0.4700855865445063 0.6985553412392327 0.9170522098163321 0.029249999999999995 4.499999999999999e-05 650.0 12000.0 0.35 0 0
-0.175 0.23 -0.015528937509918078 2.0 -3.8632328412587142 -3.8632328412587142 -4.528209144851963 1.0 0.0 0.0 0.0 -0.3853160545446773 0.6985553412392327 0.870814283270971 0.029249999999999995 4.499999999999999e-05 650.0 12000.0 0.35 0 0
-0.125 0.23 0.000413616044718425 2.0 -3.8632328412587142 -3.8632328412587142 -4.528209144851963 1.0 0.0 0.0 0.0 -0.3005465225448482 0.6985553412392327 0.8245763567256096 0.029249999999999995 4.499999999999999e-05 650.0 12000.0 0.35 0 0
-0.07500000000000001 0.23 0.016161639510594874 2.0 -3.8632328412587142 -3.8632328412587142 -4.528209144851963 1.0 0.0 0.0 0.0 -0.21577699054501928 0.6985553412392327 0.7783384301802482 0.029249999999999995 4.499999999999999e-05 650.0 12000.0 0.35 0 0
-0.025000000000000022 0.23 0.024308591382055152 2.0 -3.8632328412587142 -3.8632328412587142 -4.528209144851963 1.0 0.0 0.0 0.0 -0.13100745854519016 0.6985553412392327 0.7321005036348872 0.029249999999999995 4.499999999999999e-05 650.0 12000.0 0.35 0 0
0.025000000000000022 0.23 0.021022832894317008 2.0 -3.8632328412587142 -3.8632328412587142 -4.528209144851963 1.0 0.0 0.0 0.0 -0.04623792654536122 0.6985553412392327 0.6858625770895258 0.029249999999999995 4.499999999999999e-05 650.0 12000.0 0.35 0 0
0.07499999999999996 0.23 0.007849707605556247 2.0 -3.8632328412587142 -3.8632328412587142 -4.528209144851963 1.0 0.0 0.0 0.0 0.03853160545446791 0.6985553412392327 0.6396246505441643 0.029249999999999995 4.499999999999999e-05 650.0 12000.0 0.35 0 0
0.125 0.23 -0.009015257825162328 2.0 -3.8632328412587142 -3.8632328412587142 -4.528209144851963 1.0 0.0 0.0 0.0 0.12330113745429684 0.6985553412392327 0.5933867239988033 0.029249999999999995 4.499999999999999e-05 650.0 12000.0 0.35 0 0
0.17499999999999993 0.23 -0.021640206633417782 2.0 -3.8632328412587142 -3.8632328412587142 -4.528209144851963 1.0 0.0 0.0 0.0 0.20807066945412578 0.6985553412392327 0.5471487974534419 0.029249999999999995 4.499999999999999e-05 650.0 12000.0 0.35 0 0
0.22499999999999998 0.23 -0.024087428124420763 2.0 -3.8632328412587142 -3.8632328412587142 -4.528209144851963 1.0 0.0 0.0 0.0 0.29284020145395473 0.6985553412392327 0.5009108709080805 0.029249999999999995 4.499999999999999e-05 650.0 12000.0 0.35 0 0
0.275 0.23 -0.01520595579206199 2.0 -3.8632328412587142 -3.8632328412587142 -4.528209144851963 1.0 0.0 0.0 0.0 0.3776097334537836 0.6985553412392327 0.4546729443627195 0.029249999999999995 4.499999999999999e-05 650.0 12000.0 0.35 0 0
0.32499999999999996 0.23 0.0008271151489169322 2.0 -3.8632328412587142 -3.8632328412587142 -4.528209144851963 1.0 0.0 0.0 0.0 0.46237926545361335 0.6985553412392327 0.408435017817358 0.029249999999999995 4.499999999999999e-05 650.0 12000.0 0.35 0 0
0.375 0.23 0.016471180911329483 2.0 -3.8632328412587142 -3.8632328412587142 -4.528209144851963 1.0 0.0 0.0 0.0 0.5471487974534422 0.6985553412392327 0.3621970912719966 0.029249999999999995 4.499999999999999e-05 650.0 12000.0 0.35 0 0
0.42499999999999993 0.23 0.024368592921842597 2.0 -3.8632328412587142 -3.8632328412587142 -4.528209144851963 1.0 0.0 0.0 0.0 0.6319183294532712 0.6985553412392327 0.3159591647266356 0.029249999999999995 4.499999999999999e-05 650.0 12000.0 0.35 0 0
0.47499999999999987 0.23 0.020805074911445297 2.0 -3.8632328412587142 -3.8632328412587142 -4.528209144851963 1.0 0.0 0.0 0.0 0.7166878614531002 0.6985553412392327 0.2697212381812742 0.029249999999999995 4.499999999999999e-05 650.0 12000.0 0.35 0 0
0.5249999999999999 0.23 0.007456605081932333 2.0 -3.8632328412587142 -3.8632328412587142 -4.528209144851963 1.0 0.0 0.0 0.0 0.8014573934529291 0.6985553412392327 0.22348331163591278 0.029249999999999995 4.499999999999999e-05 650.0 12000.0 0.35 0 0
0.575 0.23 -0.009398822630281776 2.0 -3.8632328412587142 -3.8632328412587142 -4.528209144851963 1.0 0.0 0.0 0.0 0.886226925452758 0.6985553412392327 0.17724538509055177 0.029249999999999995 4.499999999999999e-05 650.0 12000.0 0.35 0 0
-0.575 0.18 0.0 2.0 -3.8632328412587142 -3.8632328412587142 -4.528209144851963 1.0 0.0 0.0 0.0 -1.0634723105433095 0.6255719473784171 1.2407176956338613 0.029249999999999995 4.499999999999999e-05 650.0 12000.0 0.35 0 0
-0.5249999999999999 0.18 0.013902368544611242 2.0 -3.8632328412587142 -3.8632328412587142 -4.528209144851963 1.0 0.0 0.0 0.0 -0.9787027785434804 0.6255719473784171 1.1944797690884998 0.029249999999999995 4.499999999999999e-05 650.0 12000.0 0.35 0 0
-0.475 0.18 0.021266235932191062 2.0 -3.8632328412587142 -3.8632328412587142 -4.528209144851963 1.0 0.0 0.0 0.0 -0.8939332465436516 0.6255719473784171 1.1482418425431387 0.029249999999999995 4.499999999999999e-05 650.0 12000.0 0.35 0 0
-0.42499999999999993 0.18 0.01862826026675875 2.0 -3.8632328412587142 -3.8632328412587142 -4.528209144851963 1.0 0.0 0.0 0.0 -0.8091637145438226 0.6255719473784171 1.1020039159977773 0.029249999999999995 4.499999999999999e-05 650.0 12000.0 0.35 0 0
-0.375 0.18 0.0072291227232739175 2.0 -3.8632328412587142 -3.8632328412587142 -4.528209144851963 1.0 0.0 0.0 0.0 -0.7243941825439935 0.6255719473784171 1.0557659894524158 0.029249999999999995 4.499999999999999e-05 650.0 12000.0 0.35 0 0
-0.32499999999999996 0.18 -0.007569984195125112 2.0 -3.8632328412587142 -3.8632328412587142 -4.528209144851963 1.0 0.0 0.0 0.0 -0.6396246505441643 0.6255719473784171 1.0095280629070549 0.029249999999999995 4.499999999999999e-05 650.0 12000.0 0.35 0 0
-0.27499999999999997 0.18 -0.018808809262290907 2.0 -3.8632328412587142 -3.8632328412587142 -4.528209144851963 1.0 0.0 0.0 0.0 -0.5548551185443354 0.6255719473784171 0.9632901363616935 0.029249999999999995 4.499999999999999e-05 650.0 12000.0 0.35 0 0
-0.22499999999999998 0.18 -0.021201557437649544 2.0 -3.8632328412587142 -3.8632328412587142 -4.528209144851963 1.0 0.0 0.0 0.0 -0.4700855865445063 0.6255719473784171 0.9170522098163321 0.029249999999999995 4.499999999999999e-05 650.0 12000.0 0.35 0 0
-0.175 0.18 -0.013622881866608271 2.0 -3.8632328412587142 -3.8632328412587142 -4.528209144851963 1.0 0.0 0.0 0.0 -0.3853160545446773 0.6255719473784171 0.870814283270971 0.029249999999999995 4.499999999999999e-05 650.0 12000.0 0.35 0 0
-0.125 0.18 0.00036284790969981777 2.0 -3.8632328412587142 -3.8632328412587142 -4.528209144851963 1.0 0.0 0.0 0.0 -0.3005465225448482 0.6255719473784171 0.8245763567256096 0.029249999999999995 4.499999999999999e-05 650.0 12000.0 0.35 0 0
-0.07500000000000001 0.18 0.014177924644421096 2.0 -3.8632328412587142 -3.8632328412587142 -4.528209144851963 1.0 0.0 0.0 0.0 -0.21577699054501928 0.6255719473784171 0.7783384301802482 0.029249999999999995 4.499999999999999e-05 650.0 12000.0 0.35 0 0
-0.025000000000000022 0.18 0.021324901882687545 2.0 -3.8632328412587142 -3.8632328412587142 -4.528209144851963 1.0 0.0 0.0 0.0 -0.13100745854519016 0.6255719473784171 0.7321005036348872 0.029249999999999995 4.499999999999999e-05 650.0 12000.0 0.35 0 0
0.025000000000000022 0.18 0.01844244455474262 2.0 -3.8632328412587142 -3.8632328412587142 -4.528209144851963 1.0 0.0 0.0 0.0 -0.04623792654536122 0.6255719473784171 0.6858625770895258 0.029249999999999995 4.499999999999999e-05 650.0 12000.0 0.35 0 0
0.07499999999999996 0.18 0.0068862173815569284 2.0 -3.8632328412587142 -3.8632328412587142 -4.528209144851963 1.0 0.0 0.0 0.0 0.03853160545446791 0.6255719473784171 0.6396246505441643 0.029249999999999995 4.499999999999999e-05 650.0 12000.0 0.35 0 0
0.125 0.18 -0.007908705426289664 2.0 -3.8632328412587142 -3.8632328412587142 -4.528209144851963 1.0 0.0 0.0 0.0 0.12330113745429684 0.6255719473784171 0.5933867239988033 0.029249999999999995 4.499999999999999e-05 650.0 12000.0 0.35 0 0
0.17499999999999993 0.18 -0.01898404049522113 2.0 -3.8632328412587142 -3.8632328412587142 -4.528209144851963 1.0 0.0 0.0 0.0 0.20807066945412578 0.6255719473784171 0.5471487974534419 0.029249999999999995 4.499999999999999e-05 650.0 12000.0 0.35 0 0
0.22499999999999998 0.18 -0.021130884685434784 2.0 -3.8632328412587142 -3.8632328412587142 -4.528209144851963 1.0 0.0 0.0 0.0 0.29284020145395473 0.6255719473784171 0.5009108709080805 0.029249999999999995 4.499999999999999e-05 650.0 12000.0 0.35 0 0
0.275 0.18 -0.013339543628907366 2.0 -3.8632328412587142 -3.8632328412587142 -4.528209144851963 1.0 0.0 0.0 0.0 0.3776097334537836 0.6255719473784171 0.4546729443627195 0.029249999999999995 4.499999999999999e-05 650.0 12000.0 0.35 0 0
0.32499999999999996 0.18 0.0007255932324140647 2.0 -3.8632328412587142 -3.8632328412587142 -4.528209144851963 1.0 0.0 0.0 0.0 0.46237926545361335 0.6255719473784171 0.408435017817358 0.029249999999999995 4.499999999999999e-05 650.0 12000.0 0.35 0 0
0.375 0.18 0.01444947225882413 2.0 -3.8632328412587142 -3.8632328412587142 -4.528209144851963 1.0 0.0 0.0 0.0 0.5471487974534422 0.6255719473784171 0.3621970912719966 0.029249999999999995 4.499999999999999e-05 650.0 12000.0 0.35 0 0
0.42499999999999993 0.18 0.02137753870267712 2.0 -3.8632328412587142 -3.8632328412587142 -4.528209144851963 1.0 0.0 0.0 0.0 0.6319183294532712 0.6255719473784171 0.3159591647266356 0.029249999999999995 4.499999999999999e-05 650.0 12000.0 0.35 0 0
0.47499999999999987 0.18 0.018251414661404612 2.0 -3.8632328412587142 -3.8632328412587142 -4.528209144851963 1.0 0.0 0.0 0.0 0.7166878614531002 0.6255719473784171 0.2697212381812742 0.029249999999999995 4.499999999999999e-05 650.0 12000.0 0.35 0 0
0.5249999999999999 0.18 0.006541365118652664 2.0 -3.8632328412587142 -3.8632328412587142 -4.528209144851963 1.0 0.0 0.0 0.0 0.8014573934529291 0.6255719473784171 0.22348331163591278 0.029249999999999995 4.499999999999999e-05 650.0 12000.0 0.35 0 0
0.575 0.18 -0.008245190651051086 2.0 -3.8632328412587142 -3.8632328412587142 -4.528209144851963 1.0 0.0 0.0 0.0 0.886226925452758 0.6255719473784171 0.17724538509055177 0.029249999999999995 4.499999999999999e-05 650.0 12000.0 0.35 0 0
-0.575 0.13 0.0 2.0 -3.8632328412587142 -3.8632328412587142 -4.528209144851963 1.0 0.0 0.0 0.0 -1.0634723105433095 0.552588553517602 1.2407176956338613 0.029249999999999995 4.499999999999999e-05 650.0 12000.0 0.35 0 0
-0.5249999999999999 0.13 0.010271482535273126 2.0 -3.8632328412587142 -3.8632328412587142 -4.528209144851963 1.0 0.0 0.0 0.0 -0.9787027785434804 0.552588553517602 1.1944797690884998 0.029249999999999995 4.499999999999999e-05 650.0 12000.0 0.35 0 0
-0.475 0.13 0.01571212633786544 2.0 -3.8632328412587142 -3.8632328412587142 -4.528209144851963 1.0 0.0 0.0 0.0 -0.8939332465436516 0.552588553517602 1.1482418425431387 0.029249999999999995 4.499999999999999e-05 650.0 12000.0 0.35 0 0
-0.42499999999999993 0.13 0.013763111615013323 2.0 -3.8632328412587142 -3.8632328412587142 -4.528209144851963 1.0 0.0 0.0 0.0 -0.8091637145438226 0.552588553517602 1.1020039159977773 0.029249999999999995 4.499999999999999e-05 650.0 12000.0 0.35 0 0
-0.375 0.13 0.005341090445069233 2.0 -3.8632328412587142 -3.8632328412587142 -4.528209144851963 1.0 0.0 0.0 0.0 -0.7243941825439935 0.552588553517602 1.0557659894524158 0.029249999999999995 4.499999999999999e-05 650.0 12000.0 0.35 0 0
-0.32499999999999996 0.13 -0.005592929018031258 2.0 -3.8632328412587142 -3.8632328412587142 -4.528209144851963 1.0 0.0 0.0 0.0 -0.6396246505441643 0.552588553517602 1.0095280629070549 0.029249999999999995 4.499999999999999e-05 650.0 12000.0 0.35 0 0
-0.27499999999999997 0.13 -0.013896506572025052 2.0 -3.8632328412587142 -3.8632328412587142 -4.528209144851963 1.0 0.0 0.0 0.0 -0.5548551185443354 0.552588553517602 0.9632901363616935 0.029249999999999995 4.499999999999999e-05 650.0 12000.0 0.35 0 0
-0.22499999999999998 0.13 -0.01566433994629057 2.0 -3.8632328412587142 -3.8632328412587142 -4.528209144851963 1.0 0.0 0.0 0.0 -0.4700855865445063 0.552588553517602 0.9170522098163321 0.029249999999999995 4.499999999999999e-05 650.0 12000.0 0.35 0 0
-0.175 0.13 -0.010064989481752275 2.0 -3.8632328412587142 -3.8632328412587142 -4.528209144851963 1.0 0.0 0.0 0.0 -0.3853160545446773 0.552588553517602 0.870814283270971 0.029249999999999995 4.499999999999999e-05 650.0 12000.0 0.35 0 0
-0.125 0.13 0.0002680828058530122 2.0 -3.8632328412587142 -3.8632328412587142 -4.528209144851963 1.0 0.0 0.0 0.0 -0.3005465225448482 0.552588553517602 0.8245763567256096 0.029249999999999995 4.499999999999999e-05 650.0 12000.0 0.35 0 0
-0.07500000000000001 0.13 0.010475071560956235 2.0 -3.8632328412587142 -3.8632328412587142 -4.528209144851963 1.0 0.0 0.0 0.0 -0.21577699054501928 0.552588553517602 0.7783384301802482 0.029249999999999995 4.499999999999999e-05 650.0 12000.0 0.35 0 0
-0.025000000000000022 0.13 0.0157554704834336 2.0 -3.8632328412587142 -3.8632328412587142 -4.528209144851963 1.0 0.0 0.0 0.0 -0.13100745854519016 0.552588553517602 0.7321005036348872 0.029249999999999995 4.499999999999999e-05 650.0 12000.0 0.35 0 0
0.025000000000000022 0.13 0.01362582545153488 2.0 -3.8632328412587142 -3.8632328412587142 -4.528209144851963 1.0 0.0 0.0 0.0 -0.04623792654536122 0.552588553517602 0.6858625770895258 0.029249999999999995 4.499999999999999e-05 650.0 12000.0 0.35 0 0
0.07499999999999996 0.13 0.005087741800383565 2.0 -3.8632328412587142 -3.8632328412587142 -4.528209144851963 1.0 0.0 0.0 0.0 0.03853160545446791 0.552588553517602 0.6396246505441643 0.029249999999999995 4.499999999999999e-05 650.0 12000.0 0.35 0 0
0.125 0.13 -0.005843186317646687 2.0 -3.8632328412587142 -3.8632328412587142 -4.528209144851963 1.0 0.0 0.0 0.0 0.12330113745429684 0.552588553517602 0.5933867239988033 0.029249999999999995 4.499999999999999e-05 650.0 12000.0 0.35 0 0
0.17499999999999993 0.13 -0.014025972608182957 2.0 -3.8632328412587142 -3.8632328412587142 -4.528209144851963 1.0 0.0 0.0 0.0 0.20807066945412578 0.552588553517602 0.5471487974534419 0.029249999999999995 4.499999999999999e-05 650.0 12000.0 0.35 0 0
0.22499999999999998 0.13 -0.01561212481922325 2.0 -3.8632328412587142 -3.8632328412587142 -4.528209144851963 1.0 0.0 0.0 0.0 0.29284020145395473 0.552588553517602 0.5009108709080805 0.029249999999999995 4.499999999999999e-05 650.0 12000.0 0.35 0 0
0.275 0.13 -0.009855650781603373 2.0 -3.8632328412587142 -3.8632328412587142 -4.528209144851963 1.0 0.0 0.0 0.0 0.3776097334537836 0.552588553517602 0.4546729443627195 0.029249999999999995 4.499999999999999e-05 650.0 12000.0 0.35 0 0
0.32499999999999996 0.13 0.0005360898173960651 2.0 -3.8632328412587142 -3.8632328412587142 -4.528209144851963 1.0 0.0 0.0 0.0 0.46237926545361335 0.552588553517602 0.408435017817358 0.029249999999999995 4.499999999999999e-05 650.0 12000.0 0.35 0 0
0.375 0.13 0.01067569899863965 2.0 -3.8632328412587142 -3.8632328412587142 -4.528209144851963 1.0 0.0 0.0 0.0 0.5471487974534422 0.552588553517602 0.3621970912719966 0.029249999999999995 4.499999999999999e-05 650.0 12000.0 0.35 0 0
0.42499999999999993 0.13 0.01579436012842469 2.0 -3.8632328412587142 -3.8632328412587142 -4.528209144851963 1.0 0.0 0.0 0.0 0.6319183294532712 0.552588553517602 0.3159591647266356 0.029249999999999995 4.499999999999999e-05 650.0 12000.0 0.35 0 0
0.47499999999999987 0.13 0.013484686896126854 2.0 -3.8632328412587142 -3.8632328412587142 -4.528209144851963 1.0 0.0 0.0 0.0 0.7166878614531002 0.552588553517602 0.2697212381812742 0.029249999999999995 4.499999999999999e-05 650.0 12000.0 0.35 0 0
0.5249999999999999 0.13 0.004832954712535606 2.0 -3.8632328412587142 -3.8632328412587142 -4.528209144851963 1.0 0.0 0.0 0.0 0.8014573934529291 0.552588553517602 0.22348331163591278 0.029249999999999995 4.499999999999999e-05 650.0 12000.0 0.35 0 0
0.575 0.13 -0.006091791589361633 2.0 -3.8632328412587142 -3.8632328412587142 -4.528209144851963 1.0 0.0 0.0 0.0 0.886226925452758 0.552588553517602 0.17724538509055177 0.029249999999999995 4.499999999999999e-05 650.0 12000.0 0.35 0 0
-0.575 0.08000000000000002 0.0 2.0 -3.8632328412587142 -3.8632328412587142 -4.528209144851963 1.0 0.0 0.0 0.0 -1.0634723105433095 0.4796051596567866 1.2407176956338613 0.029249999999999995 4.499999999999999e-05 650.0 12000.0 0.35 0 0
-0.5249999999999999 0.08000000000000002 0.005395132283636739 2.0 -3.8632328412587142 -3.8632328412587142 -4.528209144851963 1.0 0.0 0.0 0.0 -0.9787027785434804 0.4796051596567866 1.1944797690884998 0.029249999999999995 4.499999999999999e-05 650.0 12000.0 0.35 0 0
-0.475 0.08000000000000002 0.008252849553011761 2.0 -3.8632328412587142 -3.8632328412587142 -4.528209144851963 1.0 0.0 0.0 0.0 -0.8939332465436516 0.4796051596567866 1.1482418425431387 0.029249999999999995 4.499999999999999e-05 650.0 12000.0 0.35 0 0
-0.42499999999999993 0.08000000000000002 0.007229122723273918 2.0 -3.8632328412587142 -3.8632328412587142 -4.528209144851963 1.0 0.0 0.0 0.0 -0.8091637145438226 0.4796051596567866 1.1020039159977773 0.029249999999999995 4.499999999999999e-05 650.0 12000.0 0.35 0 0
-0.375 0.08000000000000002 0.0028054265186218804 2.0 -3.8632328412587142 -3.8632328412587142 -4.528209144851963 1.0 0.0 0.0 0.0 -0.7243941825439935 0.4796051596567866 1.0557659894524158 0.029249999999999995 4.499999999999999e-05 650.0 12000.0 0.35 0 0
-0.32499999999999996 0.08000000000000002 -0.0029377056137365855 2.0 -3.8632328412587142 -3.8632328412587142 -4.528209144851963 1.0 0.0 0.0 0.0 -0.6396246505441643 0.4796051596567866 1.0095280629070549 0.029249999999999995 4.499999999999999e-05 650.0 12000.0 0.35 0 0
-0.27499999999999997 0.08000000000000002 -0.0072991888930382985 2.0 -3.8632328412587142 -3.8632328412587142 -4.528209144851963 1.0 0.0 0.0 0.0 -0.5548551185443354 0.4796051596567866 0.9632901363616935 0.029249999999999995 4.499999999999999e-05 650.0 12000.0 0.35 0 0
-0.22499999999999998 0.08000000000000002 -0.008227749582971532 2.0 -3.8632328412587142 -3.8632328412587142 -4.528209144851963 1.0 0.0 0.0 0.0 -0.4700855865445063 0.4796051596567866 0.9170522098163321 0.029249999999999995 4.499999999999999e-05 650.0 12000.0 0.35 0 0
-0.175 0.08000000000000002 -0.0052866710818996665 2.0 -3.8632328412587142 -3.8632328412587142 -4.528209144851963 1.0 0.0 0.0 0.0 -0.3853160545446773 0.4796051596567866 0.870814283270971 0.029249999999999995 4.499999999999999e-05 650.0 12000.0 0.35 0 0
-0.125 0.08000000000000002 0.0001408114355039447 2.0 -3.8632328412587142 -3.8632328412587142 -4.528209144851963 1.0 0.0 0.0 0.0 -0.3005465225448482 0.4796051596567866 0.8245763567256096 0.029249999999999995 4.499999999999999e-05 650.0 12000.0 0.35 0 0
-0.07500000000000001 0.08000000000000002 0.005502068134550678 2.0 -3.8632328412587142 -3.8632328412587142 -4.528209144851963 1.0 0.0 0.0 0.0 -0.21577699054501928 0.4796051596567866 0.7783384301802482 0.029249999999999995 4.499999999999999e-05 650.0 12000.0 0.35 0 0
-0.025000000000000022 0.08000000000000002 0.008275616217732104 2.0 -3.8632328412587142 -3.8632328412587142 -4.528209144851963 1.0 0.0 0.0 0.0 -0.13100745854519016 0.4796051596567866 0.7321005036348872 0.029249999999999995 4.499999999999999e-05 650.0 12000.0 0.35 0 0
0.025000000000000022 0.08000000000000002 0.007157012683643745 2.0 -3.8632328412587142 -3.8632328412587142 -4.528209144851963 1.0 0.0 0.0 0.0 -0.04623792654536122 0.4796051596567866 0.6858625770895258 0.029249999999999995 4.499999999999999e-05 650.0 12000.0 0.35 0 0
0.07499999999999996 0.08000000000000002 0.002672354253029705 2.0 -3.8632328412587142 -3.8632328412587142 -4.528209144851963 1.0 0.0 0.0 0.0 0.03853160545446791 0.4796051596567866 0.6396246505441643 0.029249999999999995 4.499999999999999e-05 650.0 12000.0 0.35 0 0
0.125 0.08000000000000002 -0.003069154139471245 2.0 -3.8632328412587142 -3.8632328412587142 -4.528209144851963 1.0 0.0 0.0 0.0 0.12330113745429684 0.4796051596567866 0.5933867239988033 0.029249999999999995 4.499999999999999e-05 650.0 12000.0 0.35 0 0
0.17499999999999993 0.08000000000000002 -0.007367191383322572 2.0 -3.8632328412587142 -3.8632328412587142 -4.528209144851963 1.0 0.0 0.0 0.0 0.20807066945412578 0.4796051596567866 0.5471487974534419 0.029249999999999995 4.499999999999999e-05 650.0 12000.0 0.35 0 0
0.22499999999999998 0.08000000000000002 -0.008200323404056494 2.0 -3.8632328412587142 -3.8632328412587142 -4.528209144851963 1.0 0.0 0.0 0.0 0.29284020145395473 0.4796051596567866 0.5009108709080805 0.029249999999999995 4.499999999999999e-05 650.0 12000.0 0.35 0 0
0.275 0.08000000000000002 -0.005176715194274934 2.0 -3.8632328412587142 -3.8632328412587142 -4.528209144851963 1.0 0.0 0.0 0.0 0.3776097334537836 0.4796051596567866 0.4546729443627195 0.029249999999999995 4.499999999999999e-05 650.0 12000.0 0.35 0 0
0.32499999999999996 0.08000000000000002 0.0002815830597803307 2.0 -3.8632328412587142 -3.8632328412587142 -4.528209144851963 1.0 0.0 0.0 0.0 0.46237926545361335 0.4796051596567866 0.408435017817358 0.029249999999999995 4.499999999999999e-05 650.0 12000.0 0.35 0 0
0.375 0.08000000000000002 0.005607448400964217 2.0 -3.8632328412587142 -3.8632328412587142 -4.528209144851963 1.0 0.0 0.0 0.0 0.5471487974534422 0.4796051596567866 0.3621970912719966 0.029249999999999995 4.499999999999999e-05 650.0 12000.0 0.35 0 0
0.42499999999999993 0.08000000000000002 0.008296043140376434 2.0 -3.8632328412587142 -3.8632328412587142 -4.528209144851963 1.0 0.0 0.0 0.0 0.6319183294532712 0.4796051596567866 0.3159591647266356 0.029249999999999995 4.499999999999999e-05 650.0 12000.0 0.35 0 0
0.47499999999999987 0.08000000000000002 0.007082879161619755 2.0 -3.8632328412587142 -3.8632328412587142 -4.528209144851963 1.0 0.0 0.0 0.0 0.7166878614531002 0.4796051596567866 0.2697212381812742 0.029249999999999995 4.499999999999999e-05 650.0 12000.0 0.35 0 0
0.5249999999999999 0.08000000000000002 0.0025385264401135274 2.0 -3.8632328412587142 -3.8632328412587142 -4.528209144851963 1.0 0.0 0.0 0.0 0.8014573934529291 0.4796051596567866 0.22348331163591278 0.029249999999999995 4.499999999999999e-05 650.0 12000.0 0.35 0 0
0.575 0.08000000000000002 -0.0031997349317478808 2.0 -3.8632328412587142 -3.8632328412587142 -4.528209144851963 1.0 0.0 0.0 0.0 0.886226925452758 0.4796051596567866 0.17724538509055177 0.029249999999999995 4.499999999999999e-05 650.0 12000.0 0.35 0 0
-0.575 0.030000000000000027 -0.0 2.0 -3.8632328412587142 -3.8632328412587142 -4.528209144851963 1.0 0.0 0.0 0.0 -1.0634723105433095 0.4066217657959715 1.2407176956338613 0.029249999999999995 4.499999999999999e-05 650.0 12000.0 0.35 0 0
-0.5249999999999999 0.030000000000000027 -0.00013540243637249124 2.0 -3.8632328412587142 -3.8632328412587142 -4.528209144851963 1.0 0.0 0.0 0.0 -0.9787027785434804 0.4066217657959715 1.1944797690884998 0.029249999999999995 4.499999999999999e-05 650.0 12000.0 0.35 0 0
-0.475 0.030000000000000027 -0.00020712299119756997 2.0 -3.8632328412587142 -3.8632328412587142 -4.528209144851963 1.0 0.0 0.0 0.0 -0.8939332465436516 0.4066217657959715 1.1482418425431387 0.029249999999999995 4.499999999999999e-05 650.0 12000.0 0.35 0 0
-0.42499999999999993 0.030000000000000027 -0.0001814303668764193 2.0 -3.8632328412587142 -3.8632328412587142 -4.528209144851963 1.0 0.0 0.0 0.0 -0.8091637145438226 0.4066217657959715 1.1020039159977773 0.029249999999999995 4.499999999999999e-05 650.0 12000.0 0.35 0 0
-0.375 0.030000000000000027 -7.040820608560548e-05 2.0 -3.8632328412587142 -3.8632328412587142 -4.528209144851963 1.0 0.0 0.0 0.0 -0.7243941825439935 0.4066217657959715 1.0557659894524158 0.029249999999999995 4.499999999999999e-05 650.0 12000.0 0.35 0 0
-0.32499999999999996 0.030000000000000027 7.372803418583627e-05 2.0 -3.8632328412587142 -3.8632328412587142 -4.528209144851963 1.0 0.0 0.0 0.0 -0.6396246505441643 0.4066217657959715 1.0095280629070549 0.029249999999999995 4.499999999999999e-05 650.0 12000.0 0.35 0 0
-0.27499999999999997 0.030000000000000027 0.0001831888279473665 2.0 -3.8632328412587142 -3.8632328412587142 -4.528209144851963 1.0 0.0 0.0 0.0 -0.5548551185443354 0.4066217657959715 0.9632901363616935 0.029249999999999995 4.499999999999999e-05 650.0 12000.0 0.35 0 0
-0.22499999999999998 0.030000000000000027 0.00020649305352085507 2.0 -3.8632328412587142 -3.8632328412587142 -4.528209144851963 1.0 0.0 0.0 0.0 -0.4700855865445063 0.4066217657959715 0.9170522098163321 0.029249999999999995 4.499999999999999e-05 650.0 12000.0 0.35 0 0
-0.175 0.030000000000000027 0.00013268036948052092 2.0 -3.8632328412587142 -3.8632328412587142 -4.528209144851963 1.0 0.0 0.0 0.0 -0.3853160545446773 0.4066217657959715 0.870814283270971 0.029249999999999995 4.499999999999999e-05 650.0 12000.0 0.35 0 0
-0.125 0.030000000000000027 -3.5339655144637e-06 2.0 -3.8632328412587142 -3.8632328412587142 -4.528209144851963 1.0 0.0 0.0 0.0 -0.3005465225448482 0.4066217657959715 0.8245763567256096 0.029249999999999995 4.499999999999999e-05 650.0 12000.0 0.35 0 0
-0.07500000000000001 0.030000000000000027 -0.00013808622130826164 2.0 -3.8632328412587142 -3.8632328412587142 -4.528209144851963 1.0 0.0 0.0 0.0 -0.21577699054501928 0.4066217657959715 0.7783384301802482 0.029249999999999995 4.499999999999999e-05 650.0 12000.0 0.35 0 0
-0.025000000000000022 0.030000000000000027 -0.0002076943695640578 2.0 -3.8632328412587142 -3.8632328412587142 -4.528209144851963 1.0 0.0 0.0 0.0 -0.13100745854519016 0.4066217657959715 0.7321005036348872 0.029249999999999995 4.499999999999999e-05 650.0 12000.0 0.35 0 0
0.025000000000000022 0.030000000000000027 -0.00017962061049983224 2.0 -3.8632328412587142 -3.8632328412587142 -4.528209144851963 1.0 0.0 0.0 0.0 -0.04623792654536122 0.4066217657959715 0.6858625770895258 0.029249999999999995 4.499999999999999e-05 650.0 12000.0 0.35 0 0
0.07499999999999996 0.030000000000000027 -6.706847166807567e-05 2.0 -3.8632328412587142 -3.8632328412587142 -4.528209144851963 1.0 0.0 0.0 0.0 0.03853160545446791 0.4066217657959715 0.6396246505441643 0.029249999999999995 4.499999999999999e-05 650.0 12000.0 0.35 0 0
0.125 0.030000000000000027 7.702701736295449e-05 2.0 -3.8632328412587142 -3.8632328412587142 -4.528209144851963 1.0 0.0 0.0 0.0 0.12330113745429684 0.4066217657959715 0.5933867239988033 0.029249999999999995 4.499999999999999e-05 650.0 12000.0 0.35 0 0
0.17499999999999993 0.030000000000000027 0.00018489549654784066 2.0 -3.8632328412587142 -3.8632328412587142 -4.528209144851963 1.0 0.0 0.0 0.0 0.20807066945412578 0.4066217657959715 0.5471487974534419 0.029249999999999995 4.499999999999999e-05 650.0 12000.0 0.35 0 0
0.22499999999999998 0.030000000000000027 0.00020580473463444943 2.0 -3.8632328412587142 -3.8632328412587142 -4.528209144851963 1.0 0.0 0.0 0.0 0.29284020145395473 0.4066217657959715 0.5009108709080805 0.029249999999999995 4.499999999999999e-05 650.0 12000.0 0.35 0 0
0.275 0.030000000000000027 0.0001299207902347915 2.0 -3.8632328412587142 -3.8632328412587142 -4.528209144851963 1.0 0.0 0.0 0.0 0.3776097334537836 0.4066217657959715 0.4546729443627195 0.029249999999999995 4.499999999999999e-05 650.0 12000.0 0.35 0 0
0.32499999999999996 0.030000000000000027 -7.066931880635379e-06 2.0 -3.8632328412587142 -3.8632328412587142 -4.528209144851963 1.0 0.0 0.0 0.0 0.46237926545361335 0.4066217657959715 0.408435017817358 0.029249999999999995 4.499999999999999e-05 650.0 12000.0 0.35 0 0
0.375 0.030000000000000027 -0.00014073096550874253 2.0 -3.8632328412587142 -3.8632328412587142 -4.528209144851963 1.0 0.0 0.0 0.0 0.5471487974534422 0.4066217657959715 0.3621970912719966 0.029249999999999995 4.499999999999999e-05 650.0 12000.0 0.35 0 0
0.42499999999999993 0.030000000000000027 -0.00020820702707609386 2.0 -3.8632328412587142 -3.8632328412587142 -4.528209144851963 1.0 0.0 0.0 0.0 0.6319183294532712 0.4066217657959715 0.3159591647266356 0.029249999999999995 4.499999999999999e-05 650.0 12000.0 0.35 0 0
0.47499999999999987 0.030000000000000027 -0.00017776007048501806 2.0 -3.8632328412587142 -3.8632328412587142 -4.528209144851963 1.0 0.0 0.0 0.0 0.7166878614531002 0.4066217657959715 0.2697212381812742 0.029249999999999995 4.499999999999999e-05 650.0 12000.0 0.35 0 0
0.5249999999999999 0.030000000000000027 -6.370977516711838e-05 2.0 -3.8632328412587142 -3.8632328412587142 -4.528209144851963 1.0 0.0 0.0 0.0 0.8014573934529291 0.4066217657959715 0.22348331163591278 0.029249999999999995 4.499999999999999e-05 650.0 12000.0 0.35 0 0
0.575 0.030000000000000027 8.030422290457438e-05 2.0 -3.8632328412587142 -3.8632328412587142 -4.528209144851963 1.0 0.0 0.0 0.0 0.886226925452758 0.4066217657959715 0.17724538509055177 0.029249999999999995 4.499999999999999e-05 650.0 12000.0 0.35 0 0
-0.575 -0.019999999999999962 -0.0 2.0 -3.8632328412587142 -3.8632328412587142 -4.528209144851963 1.0 0.0 0.0 0.0 -1.0634723105433095 0.33363837193515594 1.2407176956338613 0.029249999999999995 4.499999999999999e-05 650.0 12000.0 0.35 0 0
-0.5249999999999999 -0.019999999999999962 -0.005649518991599482 2.0 -3.8632328412587142 -3.8632328412587142 -4.528209144851963 1.0 0.0 0.0 0.0 -0.9787027785434804 0.33363837193515594 1.1944797690884998 0.029249999999999995 4.499999999999999e-05 650.0 12000.0 0.35 0 0
-0.475 -0.019999999999999962 -0.00864198092528041 2.0 -3.8632328412587142 -3.8632328412587142 -4.528209144851963 1.0 0.0 0.0 0.0 -0.8939332465436516 0.33363837193515594 1.1482418425431387 0.029249999999999995 4.499999999999999e-05 650.0 12000.0 0.35 0 0
-0.42499999999999993 -0.019999999999999962 -0.007569984195125112 2.0 -3.8632328412587142 -3.8632328412587142 -4.528209144851963 1.0 0.0 0.0 0.0 -0.8091637145438226 0.33363837193515594 1.1020039159977773 0.029249999999999995 4.499999999999999e-05 650.0 12000.0 0.35 0 0
-0.375 -0.019999999999999962 -0.0029377056137365855 2.0 -3.8632328412587142 -3.8632328412587142 -4.528209144851963 1.0 0.0 0.0 0.0 -0.7243941825439935 0.33363837193515594 1.0557659894524158 0.029249999999999995 4.499999999999999e-05 650.0 12000.0 0.35 0 0
-0.32499999999999996 -0.019999999999999962 0.003076221820708692 2.0 -3.8632328412587142 -3.8632328412587142 -4.528209144851963 1.0 0.0 0.0 0.0 -0.6396246505441643 0.33363837193515594 1.0095280629070549 0.029249999999999995 4.499999999999999e-05 650.0 12000.0 0.35 0 0
-0.27499999999999997 -0.019999999999999962 0.007643354065582796 2.0 -3.8632328412587142 -3.8632328412587142 -4.528209144851963 1.0 0.0 0.0 0.0 -0.5548551185443354 0.33363837193515594 0.9632901363616935 0.029249999999999995 4.499999999999999e-05 650.0 12000.0 0.35 0 0
-0.22499999999999998 -0.019999999999999962 0.00861569746271158 2.0 -3.8632328412587142 -3.8632328412587142 -4.528209144851963 1.0 0.0 0.0 0.0 -0.4700855865445063 0.33363837193515594 0.9170522098163321 0.029249999999999995 4.499999999999999e-05 650.0 12000.0 0.35 0 0
-0.175 -0.019999999999999962 0.005535943719140685 2.0 -3.8632328412587142 -3.8632328412587142 -4.528209144851963 1.0 0.0 0.0 0.0 -0.3853160545446773 0.33363837193515594 0.870814283270971 0.029249999999999995 4.499999999999999e-05 650.0 12000.0 0.35 0 0
-0.125 -0.019999999999999962 -0.00014745085704880636 2.0 -3.8632328412587142 -3.8632328412587142 -4.528209144851963 1.0 0.0 0.0 0.0 -0.3005465225448482 0.33363837193515594 0.8245763567256096 0.029249999999999995 4.499999999999999e-05 650.0 12000.0 0.35 0 0
-0.07500000000000001 -0.019999999999999962 -0.005761496991185048 2.0 -3.8632328412587142 -3.8632328412587142 -4.528209144851963 1.0 0.0 0.0 0.0 -0.21577699054501928 0.33363837193515594 0.7783384301802482 0.029249999999999995 4.499999999999999e-05 650.0 12000.0 0.35 0 0
-0.025000000000000022 -0.019999999999999962 -0.008665821064493134 2.0 -3.8632328412587142 -3.8632328412587142 -4.528209144851963 1.0 0.0 0.0 0.0 -0.13100745854519016 0.33363837193515594 0.7321005036348872 0.029249999999999995 4.499999999999999e-05 650.0 12000.0 0.35 0 0
0.025000000000000022 -0.019999999999999962 -0.007494474083980804 2.0 -3.8632328412587142 -3.8632328412587142 -4.528209144851963 1.0 0.0 0.0 0.0 -0.04623792654536122 0.33363837193515594 0.6858625770895258 0.029249999999999995 4.499999999999999e-05 650.0 12000.0 0.35 0 0
0.07499999999999996 -0.019999999999999962 -0.0027983588373844404 2.0 -3.8632328412587142 -3.8632328412587142 -4.528209144851963 1.0 0.0 0.0 0.0 0.03853160545446791 0.33363837193515594 0.6396246505441643 0.029249999999999995 4.499999999999999e-05 650.0 12000.0 0.35 0 0
0.125 -0.019999999999999962 0.003213868295996806 2.0 -3.8632328412587142 -3.8632328412587142 -4.528209144851963 1.0 0.0 0.0 0.0 0.12330113745429684 0.33363837193515594 0.5933867239988033 0.029249999999999995 4.499999999999999e-05 650.0 12000.0 0.35 0 0
0.17499999999999993 -0.019999999999999962 0.007714562951693388 2.0 -3.8632328412587142 -3.8632328412587142 -4.528209144851963 1.0 0.0 0.0 0.0 0.20807066945412578 0.33363837193515594 0.5471487974534419 0.029249999999999995 4.499999999999999e-05 650.0 12000.0 0.35 0 0
0.22499999999999998 -0.019999999999999962 0.008586978107837288 2.0 -3.8632328412587142 -3.8632328412587142 -4.528209144851963 1.0 0.0 0.0 0.0 0.29284020145395473 0.33363837193515594 0.5009108709080805 0.029249999999999995 4.499999999999999e-05 650.0 12000.0 0.35 0 0
0.275 -0.019999999999999962 0.005420803284631196 2.0 -3.8632328412587142 -3.8632328412587142 -4.528209144851963 1.0 0.0 0.0 0.0 0.3776097334537836 0.33363837193515594 0.4546729443627195 0.029249999999999995 4.499999999999999e-05 650.0 12000.0 0.35 0 0
0.32499999999999996 -0.019999999999999962 -0.0002948600257247708 2.0 -3.8632328412587142 -3.8632328412587142 -4.528209144851963 1.0 0.0 0.0 0.0 0.46237926545361335 0.33363837193515594 0.408435017817358 0.029249999999999995 4.499999999999999e-05 650.0 12000.0 0.35 0 0
0.375 -0.019999999999999962 -0.005871846058667373 2.0 -3.8632328412587142 -3.8632328412587142 -4.528209144851963 1.0 0.0 0.0 0.0 0.5471487974534422 0.33363837193515594 0.3621970912719966 0.029249999999999995 4.499999999999999e-05 650.0 12000.0 0.35 0 0
0.42499999999999993 -0.019999999999999962 -0.008687211140093149 2.0 -3.8632328412587142 -3.8632328412587142 -4.528209144851963 1.0 0.0 0.0 0.0 0.6319183294532712 0.33363837193515594 0.3159591647266356 0.029249999999999995 4.499999999999999e-05 650.0 12000.0 0.35 0 0
0.47499999999999987 -0.019999999999999962 -0.0074168450809146596 2.0 -3.8632328412587142 -3.8632328412587142 -4.528209144851963 1.0 0.0 0.0 0.0 0.7166878614531002 0.33363837193515594 0.2697212381812742 0.029249999999999995 4.499999999999999e-05 650.0 12000.0 0.35 0 0
0.5249999999999999 -0.019999999999999962 -0.0026582208887807922 2.0 -3.8632328412587142 -3.8632328412587142 -4.528209144851963 1.0 0.0 0.0 0.0 0.8014573934529291 0.33363837193515594 0.22348331163591278 0.029249999999999995 4.499999999999999e-05 650.0 12000.0 0.35 0 0
0.575 -0.019999999999999962 0.003350606123193822 2.0 -3.8632328412587142 -3.8632328412587142 -4.528209144851963 1.0 0.0 0.0 0.0 0.886226925452758 0.33363837193515594 0.17724538509055177 0.029249999999999995 4.499999999999999e-05 650.0 12000.0 0.35 0 0
-0.575 -0.06999999999999995 -0.0 2.0 -3.8632328412587142 -3.8632328412587142 -4.528209144851963 1.0 0.0 0.0 0.0 -1.0634723105433095 0.26065497807434046 1.2407176956338613 0.029249999999999995 4.499999999999999e-05 650.0 12000.0 0.35 0 0
-0.5249999999999999 -0.06999999999999995 -0.01047860552647069 2.0 -3.8632328412587142 -3.8632328412587142 -4.528209144851963 1.0 0.0 0.0 0.0 -0.9787027785434804 0.26065497807434046 1.1944797690884998 0.029249999999999995 4.499999999999999e-05 650.0 12000.0 0.35 0 0
-0.475 -0.06999999999999995 -0.01602895914111434 2.0 -3.8632328412587142 -3.8632328412587142 -4.528209144851963 1.0 0.0 0.0 0.0 -0.8939332465436516 0.26065497807434046 1.1482418425431387 0.029249999999999995 4.499999999999999e-05 650.0 12000.0 0.35 0 0
-0.42499999999999993 -0.06999999999999995 -0.014040642812296491 2.0 -3.8632328412587142 -3.8632328412587142 -4.528209144851963 1.0 0.0 0.0 0.0 -0.8091637145438226 0.26065497807434046 1.1020039159977773 0.029249999999999995 4.499999999999999e-05 650.0 12000.0 0.35 0 0
-0.375 -0.06999999999999995 -0.005448792777759812 2.0 -3.8632328412587142 -3.8632328412587142 -4.528209144851963 1.0 0.0 0.0 0.0 -0.7243941825439935 0.26065497807434046 1.0557659894524158 0.029249999999999995 4.499999999999999e-05 650.0 12000.0 0.35 0 0
-0.32499999999999996 -0.06999999999999995 0.005705709639893015 2.0 -3.8632328412587142 -3.8632328412587142 -4.528209144851963 1.0 0.0 0.0 0.0 -0.6396246505441643 0.26065497807434046 1.0095280629070549 0.029249999999999995 4.499999999999999e-05 650.0 12000.0 0.35 0 0
-0.27499999999999997 -0.06999999999999995 0.014176727659731735 2.0 -3.8632328412587142 -3.8632328412587142 -4.528209144851963 1.0 0.0 0.0 0.0 -0.5548551185443354 0.26065497807434046 0.9632901363616935 0.029249999999999995 4.499999999999999e-05 650.0 12000.0 0.35 0 0
-0.22499999999999998 -0.06999999999999995 0.015980209143718446 2.0 -3.8632328412587142 -3.8632328412587142 -4.528209144851963 1.0 0.0 0.0 0.0 -0.4700855865445063 0.26065497807434046 0.9170522098163321 0.029249999999999995 4.499999999999999e-05 650.0 12000.0 0.35 0 0
-0.175 -0.06999999999999995 0.010267948569758661 2.0 -3.8632328412587142 -3.8632328412587142 -4.528209144851963 1.0 0.0 0.0 0.0 -0.3853160545446773 0.26065497807434046 0.870814283270971 0.029249999999999995 4.499999999999999e-05 650.0 12000.0 0.35 0 0
-0.125 -0.06999999999999995 -0.00027348865768075275 2.0 -3.8632328412587142 -3.8632328412587142 -4.528209144851963 1.0 0.0 0.0 0.0 -0.3005465225448482 0.26065497807434046 0.8245763567256096 0.029249999999999995 4.499999999999999e-05 650.0 12000.0 0.35 0 0
-0.07500000000000001 -0.06999999999999995 -0.010686299896034751 2.0 -3.8632328412587142 -3.8632328412587142 -4.528209144851963 1.0 0.0 0.0 0.0 -0.21577699054501928 0.26065497807434046 0.7783384301802482 0.029249999999999995 4.499999999999999e-05 650.0 12000.0 0.35 0 0
-0.025000000000000022 -0.06999999999999995 -0.016073177315241684 2.0 -3.8632328412587142 -3.8632328412587142 -4.528209144851963 1.0 0.0 0.0 0.0 -0.13100745854519016 0.26065497807434046 0.7321005036348872 0.029249999999999995 4.499999999999999e-05 650.0 12000.0 0.35 0 0
0.025000000000000022 -0.06999999999999995 -0.013900588292767005 2.0 -3.8632328412587142 -3.8632328412587142 -4.528209144851963 1.0 0.0 0.0 0.0 -0.04623792654536122 0.26065497807434046 0.6858625770895258 0.029249999999999995 4.499999999999999e-05 650.0 12000.0 0.35 0 0
0.07499999999999996 -0.06999999999999995 -0.005190335393520439 2.0 -3.8632328412587142 -3.8632328412587142 -4.528209144851963 1.0 0.0 0.0 0.0 0.03853160545446791 0.26065497807434046 0.6396246505441643 0.029249999999999995 4.499999999999999e-05 650.0 12000.0 0.35 0 0
0.125 -0.06999999999999995 0.0059610133425264476 2.0 -3.8632328412587142 -3.8632328412587142 -4.528209144851963 1.0 0.0 0.0 0.0 0.12330113745429684 0.26065497807434046 0.5933867239988033 0.029249999999999995 4.499999999999999e-05 650.0 12000.0 0.35 0 0
0.17499999999999993 -0.06999999999999995 0.014308804360180352 2.0 -3.8632328412587142 -3.8632328412587142 -4.528209144851963 1.0 0.0 0.0 0.0 0.20807066945412578 0.26065497807434046 0.5471487974534419 0.029249999999999995 4.499999999999999e-05 650.0 12000.0 0.35 0 0
0.22499999999999998 -0.06999999999999995 0.015926941106005874 2.0 -3.8632328412587142 -3.8632328412587142 -4.528209144851963 1.0 0.0 0.0 0.0 0.29284020145395473 0.26065497807434046 0.5009108709080805 0.029249999999999995 4.499999999999999e-05 650.0 12000.0 0.35 0 0
0.275 -0.06999999999999995 0.010054388584357182 2.0 -3.8632328412587142 -3.8632328412587142 -4.528209144851963 1.0 0.0 0.0 0.0 0.3776097334537836 0.26065497807434046 0.4546729443627195 0.029249999999999995 4.499999999999999e-05 650.0 12000.0 0.35 0 0
0.32499999999999996 -0.06999999999999995 -0.0005468999926700162 2.0 -3.8632328412587142 -3.8632328412587142 -4.528209144851963 1.0 0.0 0.0 0.0 0.46237926545361335 0.26065497807434046 0.408435017817358 0.029249999999999995 4.499999999999999e-05 650.0 12000.0 0.35 0 0
0.375 -0.06999999999999995 -0.010890972957596372 2.0 -3.8632328412587142 -3.8632328412587142 -4.528209144851963 1.0 0.0 0.0 0.0 0.5471487974534422 0.26065497807434046 0.3621970912719966 0.029249999999999995 4.499999999999999e-05 650.0 12000.0 0.35 0 0
0.42499999999999993 -0.06999999999999995 -0.01611285116441844 2.0 -3.8632328412587142 -3.8632328412587142 -4.528209144851963 1.0 0.0 0.0 0.0 0.6319183294532712 0.26065497807434046 0.3159591647266356 0.029249999999999995 4.499999999999999e-05 650.0 12000.0 0.35 0 0
0.47499999999999987 -0.06999999999999995 -0.013756603698370057 2.0 -3.8632328412587142 -3.8632328412587142 -4.528209144851963 1.0 0.0 0.0 0.0 0.7166878614531002 0.26065497807434046 0.2697212381812742 0.029249999999999995 4.499999999999999e-05 650.0 12000.0 0.35 0 0
0.5249999999999999 -0.06999999999999995 -0.004930410560116046 2.0 -3.8632328412587142 -3.8632328412587142 -4.528209144851963 1.0 0.0 0.0 0.0 0.8014573934529291 0.26065497807434046 0.22348331163591278 0.029249999999999995 4.499999999999999e-05 650.0 12000.0 0.35 0 0
0.575 -0.06999999999999995 0.006214631704350661 2.0 -3.8632328412587142 -3.8632328412587142 -4.528209144851963 1.0 0.0 0.0 0.0 0.886226925452758 0.26065497807434046 0.17724538509055177 0.029249999999999995 4.499999999999999e-05 650.0 12000.0 0.35 0 0
-0.575 -0.12 -0.0 2.0 -3.8632328412587142 -3.8632328412587142 -4.528209144851963 1.0 0.0 0.0 0.0 -1.0634723105433095 0.18767158421352534 1.2407176956338613 0.029249999999999995 4.499999999999999e-05 650.0 12000.0 0.35 0 0
-0.5249999999999999 -0.12 -0.014037113208917141 2.0 -3.8632328412587142 -3.8632328412587142 -4.528209144851963 1.0 0.0 0.0 0.0 -0.9787027785434804 0.18767158421352534 1.1944797690884998 0.029249999999999995 4.499999999999999e-05 650.0 12000.0 0.35 0 0
-0.475 -0.12 -0.02147235273973634 2.0 -3.8632328412587142 -3.8632328412587142 -4.528209144851963 1.0 0.0 0.0 0.0 -0.8939332465436516 0.18767158421352534 1.1482418425431387 0.029249999999999995 4.499999999999999e-05 650.0 12000.0 0.35 0 0
-0.42499999999999993 -0.12 -0.018808809262290904 2.0 -3.8632328412587142 -3.8632328412587142 -4.528209144851963 1.0 0.0 0.0 0.0 -0.8091637145438226 0.18767158421352534 1.1020039159977773 0.029249999999999995 4.499999999999999e-05 650.0 12000.0 0.35 0 0
-0.375 -0.12 -0.007299188893038298 2.0 -3.8632328412587142 -3.8632328412587142 -4.528209144851963 1.0 0.0 0.0 0.0 -0.7243941825439935 0.18767158421352534 1.0557659894524158 0.029249999999999995 4.499999999999999e-05 650.0 12000.0 0.35 0 0
-0.32499999999999996 -0.12 0.007643354065582797 2.0 -3.8632328412587142 -3.8632328412587142 -4.528209144851963 1.0 0.0 0.0 0.0 -0.6396246505441643 0.18767158421352534 1.0095280629070549 0.029249999999999995 4.499999999999999e-05 650.0 12000.0 0.35 0 0
-0.27499999999999997 -0.12 0.018991108176458552 2.0 -3.8632328412587142 -3.8632328412587142 -4.528209144851963 1.0 0.0 0.0 0.0 -0.5548551185443354 0.18767158421352534 0.9632901363616935 0.029249999999999995 4.499999999999999e-05 650.0 12000.0 0.35 0 0
-0.22499999999999998 -0.12 0.021407047367695 2.0 -3.8632328412587142 -3.8632328412587142 -4.528209144851963 1.0 0.0 0.0 0.0 -0.4700855865445063 0.18767158421352534 0.9170522098163321 0.029249999999999995 4.499999999999999e-05 650.0 12000.0 0.35 0 0
-0.175 -0.12 0.013754917687562434 2.0 -3.8632328412587142 -3.8632328412587142 -4.528209144851963 1.0 0.0 0.0 0.0 -0.3853160545446773 0.18767158421352534 0.870814283270971 0.029249999999999995 4.499999999999999e-05 650.0 12000.0 0.35 0 0
-0.125 -0.12 -0.0003663647075483075 2.0 -3.8632328412587142 -3.8632328412587142 -4.528209144851963 1.0 0.0 0.0 0.0 -0.3005465225448482 0.18767158421352534 0.8245763567256096 0.029249999999999995 4.499999999999999e-05 650.0 12000.0 0.35 0 0
-0.07500000000000001 -0.12 -0.01431534005609261 2.0 -3.8632328412587142 -3.8632328412587142 -4.528209144851963 1.0 0.0 0.0 0.0 -0.21577699054501928 0.18767158421352534 0.7783384301802482 0.029249999999999995 4.499999999999999e-05 650.0 12000.0 0.35 0 0
-0.025000000000000022 -0.12 -0.021531587292897936 2.0 -3.8632328412587142 -3.8632328412587142 -4.528209144851963 1.0 0.0 0.0 0.0 -0.13100745854519016 0.18767158421352534 0.7321005036348872 0.029249999999999995 4.499999999999999e-05 650.0 12000.0 0.35 0 0
0.025000000000000022 -0.12 -0.018621192585521317 2.0 -3.8632328412587142 -3.8632328412587142 -4.528209144851963 1.0 0.0 0.0 0.0 -0.04623792654536122 0.18767158421352534 0.6858625770895258 0.029249999999999995 4.499999999999999e-05 650.0 12000.0 0.35 0 0
0.07499999999999996 -0.12 -0.0069529600410136875 2.0 -3.8632328412587142 -3.8632328412587142 -4.528209144851963 1.0 0.0 0.0 0.0 0.03853160545446791 0.18767158421352534 0.6396246505441643 0.029249999999999995 4.499999999999999e-05 650.0 12000.0 0.35 0 0
0.125 -0.12 0.007985358253780179 2.0 -3.8632328412587142 -3.8632328412587142 -4.528209144851963 1.0 0.0 0.0 0.0 0.12330113745429684 0.18767158421352534 0.5933867239988033 0.029249999999999995 4.499999999999999e-05 650.0 12000.0 0.35 0 0
0.17499999999999993 -0.12 0.01916803778715666 2.0 -3.8632328412587142 -3.8632328412587142 -4.528209144851963 1.0 0.0 0.0 0.0 0.20807066945412578 0.18767158421352534 0.5471487974534419 0.029249999999999995 4.499999999999999e-05 650.0 12000.0 0.35 0 0
0.22499999999999998 -0.12 0.02133568964038106 2.0 -3.8632328412587142 -3.8632328412587142 -4.528209144851963 1.0 0.0 0.0 0.0 0.29284020145395473 0.18767158421352534 0.5009108709080805 0.029249999999999995 4.499999999999999e-05 650.0 12000.0 0.35 0 0
0.275 -0.12 0.013468833276387452 2.0 -3.8632328412587142 -3.8632328412587142 -4.528209144851963 1.0 0.0 0.0 0.0 0.3776097334537836 0.18767158421352534 0.4546729443627195 0.029249999999999995 4.499999999999999e-05 650.0 12000.0 0.35 0 0
0.32499999999999996 -0.12 -0.0007326258338165187 2.0 -3.8632328412587142 -3.8632328412587142 -4.528209144851963 1.0 0.0 0.0 0.0 0.46237926545361335 0.18767158421352534 0.408435017817358 0.029249999999999995 4.499999999999999e-05 650.0 12000.0 0.35 0 0
0.375 -0.12 -0.014589519566782122 2.0 -3.8632328412587142 -3.8632328412587142 -4.528209144851963 1.0 0.0 0.0 0.0 0.5471487974534422 0.18767158421352534 0.3621970912719966 0.029249999999999995 4.499999999999999e-05 650.0 12000.0 0.35 0 0
0.42499999999999993 -0.12 -0.021584734279958457 2.0 -3.8632328412587142 -3.8632328412587142 -4.528209144851963 1.0 0.0 0.0 0.0 0.6319183294532712 0.18767158421352534 0.3159591647266356 0.029249999999999995 4.499999999999999e-05 650.0 12000.0 0.35 0 0
0.47499999999999987 -0.12 -0.01842831119049368 2.0 -3.8632328412587142 -3.8632328412587142 -4.528209144851963 1.0 0.0 0.0 0.0 0.7166878614531002 0.18767158421352534 0.2697212381812742 0.029249999999999995 4.499999999999999e-05 650.0 12000.0 0.35 0 0
0.5249999999999999 -0.12 -0.0066047653978343595 2.0 -3.8632328412587142 -3.8632328412587142 -4.528209144851963 1.0 0.0 0.0 0.0 0.8014573934529291 0.18767158421352534 0.22348331163591278 0.029249999999999995 4.499999999999999e-05 650.0 12000.0 0.35 0 0
0.575 -0.12 0.008325104763732601 2.0 -3.8632328412587142 -3.8632328412587142 -4.528209144851963 1.0 0.0 0.0 0.0 0.886226925452758 0.18767158421352534 0.17724538509055177 0.029249999999999995 4.499999999999999e-05 650.0 12000.0 0.35 0 0
-0.575 -0.16999999999999993 -0.0 2.0 -3.8632328412587142 -3.8632328412587142 -4.528209144851963 1.0 0.0 0.0 0.0 -1.0634723105433095 0.11468819035270984 1.2407176956338613 0.029249999999999995 4.499999999999999e-05 650.0 12000.0 0.35 0 0
-0.5249999999999999 -0.16999999999999993 -0.01589355670474186 2.0 -3.8632328412587142 -3.8632328412587142 -4.528209144851963 1.0 0.0 0.0 0.0 -0.9787027785434804 0.11468819035270984 1.1944797690884998 0.029249999999999995 4.499999999999999e-05 650.0 12000.0 0.35 0 0
-0.475 -0.16999999999999993 -0.024312125347569616 2.0 -3.8632328412587142 -3.8632328412587142 -4.528209144851963 1.0 0.0 0.0 0.0 -0.8939332465436516 0.11468819035270984 1.1482418425431387 0.029249999999999995 4.499999999999999e-05 650.0 12000.0 0.35 0 0
-0.42499999999999993 -0.16999999999999993 -0.021296321551997746 2.0 -3.8632328412587142 -3.8632328412587142 -4.528209144851963 1.0 0.0 0.0 0.0 -0.8091637145438226 0.11468819035270984 1.1020039159977773 0.029249999999999995 4.499999999999999e-05 650.0 12000.0 0.35 0 0
-0.375 -0.16999999999999993 -0.008264524966317873 2.0 -3.8632328412587142 -3.8632328412587142 -4.528209144851963 1.0 0.0 0.0 0.0 -0.7243941825439935 0.11468819035270984 1.0557659894524158 0.029249999999999995 4.499999999999999e-05 650.0 12000.0 0.35 0 0
-0.32499999999999996 -0.16999999999999993 0.008654206847786096 2.0 -3.8632328412587142 -3.8632328412587142 -4.528209144851963 1.0 0.0 0.0 0.0 -0.6396246505441643 0.11468819035270984 1.0095280629070549 0.029249999999999995 4.499999999999999e-05 650.0 12000.0 0.35 0 0
-0.27499999999999997 -0.16999999999999993 0.021502729955664095 2.0 -3.8632328412587142 -3.8632328412587142 -4.528209144851963 1.0 0.0 0.0 0.0 -0.5548551185443354 0.11468819035270984 0.9632901363616935 0.029249999999999995 4.499999999999999e-05 650.0 12000.0 0.35 0 0
-0.22499999999999998 -0.16999999999999993 0.02423818317596955 2.0 -3.8632328412587142 -3.8632328412587142 -4.528209144851963 1.0 0.0 0.0 0.0 -0.4700855865445063 0.11468819035270984 0.9170522098163321 0.029249999999999995 4.499999999999999e-05 650.0 12000.0 0.35 0 0
-0.175 -0.16999999999999993 0.015574040116557181 2.0 -3.8632328412587142 -3.8632328412587142 -4.528209144851963 1.0 0.0 0.0 0.0 -0.3853160545446773 0.11468819035270984 0.870814283270971 0.029249999999999995 4.499999999999999e-05 650.0 12000.0 0.35 0 0
-0.125 -0.16999999999999993 -0.0004148173607616277 2.0 -3.8632328412587142 -3.8632328412587142 -4.528209144851963 1.0 0.0 0.0 0.0 -0.3005465225448482 0.11468819035270984 0.8245763567256096 0.029249999999999995 4.499999999999999e-05 650.0 12000.0 0.35 0 0
-0.07500000000000001 -0.16999999999999993 -0.016208579751614185 2.0 -3.8632328412587142 -3.8632328412587142 -4.528209144851963 1.0 0.0 0.0 0.0 -0.21577699054501928 0.11468819035270984 0.7783384301802482 0.029249999999999995 4.499999999999999e-05 650.0 12000.0 0.35 0 0
-0.025000000000000022 -0.16999999999999993 -0.024379193819237692 2.0 -3.8632328412587142 -3.8632328412587142 -4.528209144851963 1.0 0.0 0.0 0.0 -0.13100745854519016 0.11468819035270984 0.7321005036348872 0.029249999999999995 4.499999999999999e-05 650.0 12000.0 0.35 0 0
0.025000000000000022 -0.16999999999999993 -0.021083892098262315 2.0 -3.8632328412587142 -3.8632328412587142 -4.528209144851963 1.0 0.0 0.0 0.0 -0.04623792654536122 0.11468819035270984 0.6858625770895258 0.029249999999999995 4.499999999999999e-05 650.0 12000.0 0.35 0 0
0.07499999999999996 -0.16999999999999993 -0.007872506478572464 2.0 -3.8632328412587142 -3.8632328412587142 -4.528209144851963 1.0 0.0 0.0 0.0 0.03853160545446791 0.11468819035270984 0.6396246505441643 0.029249999999999995 4.499999999999999e-05 650.0 12000.0 0.35 0 0
0.125 -0.16999999999999993 0.009041441949296944 2.0 -3.8632328412587142 -3.8632328412587142 -4.528209144851963 1.0 0.0 0.0 0.0 0.12330113745429684 0.11468819035270984 0.5933867239988033 0.029249999999999995 4.499999999999999e-05 650.0 12000.0 0.35 0 0
0.17499999999999993 -0.16999999999999993 0.0217030589519845 2.0 -3.8632328412587142 -3.8632328412587142 -4.528209144851963 1.0 0.0 0.0 0.0 0.20807066945412578 0.11468819035270984 0.5471487974534419 0.029249999999999995 4.499999999999999e-05 650.0 12000.0 0.35 0 0
0.22499999999999998 -0.16999999999999993 0.02415738820990308 2.0 -3.8632328412587142 -3.8632328412587142 -4.528209144851963 1.0 0.0 0.0 0.0 0.29284020145395473 0.11468819035270984 0.5009108709080805 0.029249999999999995 4.499999999999999e-05 650.0 12000.0 0.35 0 0
0.275 -0.16999999999999993 0.015250120323101088 2.0 -3.8632328412587142 -3.8632328412587142 -4.528209144851963 1.0 0.0 0.0 0.0 0.3776097334537836 0.11468819035270984 0.4546729443627195 0.029249999999999995 4.499999999999999e-05 650.0 12000.0 0.35 0 0
0.32499999999999996 -0.16999999999999993 -0.0008295174413585765 2.0 -3.8632328412587142 -3.8632328412587142 -4.528209144851963 1.0 0.0 0.0 0.0 0.46237926545361335 0.11468819035270984 0.408435017817358 0.029249999999999995 4.499999999999999e-05 650.0 12000.0 0.35 0 0
0.375 -0.16999999999999993 -0.01651902019157971 2.0 -3.8632328412587142 -3.8632328412587142 -4.528209144851963 1.0 0.0 0.0 0.0 0.5471487974534422 0.11468819035270984 0.3621970912719966 0.029249999999999995 4.499999999999999e-05 650.0 12000.0 0.35 0 0
0.42499999999999993 -0.16999999999999993 -0.02443936962889035 2.0 -3.8632328412587142 -3.8632328412587142 -4.528209144851963 1.0 0.0 0.0 0.0 0.6319183294532712 0.11468819035270984 0.3159591647266356 0.029249999999999995 4.499999999999999e-05 650.0 12000.0 0.35 0 0
0.47499999999999987 -0.16999999999999993 -0.020865501654049465 2.0 -3.8632328412587142 -3.8632328412587142 -4.528209144851963 1.0 0.0 0.0 0.0 0.7166878614531002 0.11468819035270984 0.2697212381812742 0.029249999999999995 4.499999999999999e-05 650.0 12000.0 0.35 0 0
0.5249999999999999 -0.16999999999999993 -0.007478262218852277 2.0 -3.8632328412587142 -3.8632328412587142 -4.528209144851963 1.0 0.0 0.0 0.0 0.8014573934529291 0.11468819035270984 0.22348331163591278 0.029249999999999995 4.499999999999999e-05 650.0 12000.0 0.35 0 0
0.575 -0.16999999999999993 0.009426120788941604 2.0 -3.8632328412587142 -3.8632328412587142 -4.528209144851963 1.0 0.0 0.0 0.0 0.886226925452758 0.11468819035270984 0.17724538509055177 0.029249999999999995 4.499999999999999e-05 650.0 12000.0 0.35 0 0
-0.575 -0.21999999999999997 -0.0 2.0 -3.8632328412587142 -3.8632328412587142 -4.528209144851963 1.0 0.0 0.0 0.0 -1.0634723105433095 0.04170479649189474 1.2407176956338613 0.029249999999999995 4.499999999999999e-05 650.0 12000.0 0.35 0 0
-0.5249999999999999 -0.21999999999999997 -0.01582283374813687 2.0 -3.8632328412587142 -3.8632328412587142 -4.528209144851963 1.0 0.0 0.0 0.0 -0.9787027785434804 0.04170479649189474 1.1944797690884998 0.029249999999999995 4.499999999999999e-05 650.0 12000.0 0.35 0 0
-0.475 -0.21999999999999997 -0.024203941545927643 2.0 -3.8632328412587142 -3.8632328412587142 -4.528209144851963 1.0 0.0 0.0 0.0 -0.8939332465436516 0.04170479649189474 1.1482418425431387 0.029249999999999995 4.499999999999999e-05 650.0 12000.0 0.35 0 0
-0.42499999999999993 -0.21999999999999997 -0.02120155743764954 2.0 -3.8632328412587142 -3.8632328412587142 -4.528209144851963 1.0 0.0 0.0 0.0 -0.8091637145438226 0.04170479649189474 1.1020039159977773 0.029249999999999995 4.499999999999999e-05 650.0 12000.0 0.35 0 0
-0.375 -0.21999999999999997 -0.00822774958297153 2.0 -3.8632328412587142 -3.8632328412587142 -4.528209144851963 1.0 0.0 0.0 0.0 -0.7243941825439935 0.04170479649189474 1.0557659894524158 0.029249999999999995 4.499999999999999e-05 650.0 12000.0 0.35 0 0
-0.32499999999999996 -0.21999999999999997 0.00861569746271158 2.0 -3.8632328412587142 -3.8632328412587142 -4.528209144851963 1.0 0.0 0.0 0.0 -0.6396246505441643 0.04170479649189474 1.0095280629070549 0.029249999999999995 4.499999999999999e-05 650.0 12000.0 0.35 0 0
-0.27499999999999997 -0.21999999999999997 0.021407047367695 2.0 -3.8632328412587142 -3.8632328412587142 -4.528209144851963 1.0 0.0 0.0 0.0 -0.5548551185443354 0.04170479649189474 0.9632901363616935 0.029249999999999995 4.499999999999999e-05 650.0 12000.0 0.35 0 0
-0.22499999999999998 -0.21999999999999997 0.024130328401309426 2.0 -3.8632328412587142 -3.8632328412587142 -4.528209144851963 1.0 0.0 0.0 0.0 -0.4700855865445063 0.04170479649189474 0.9170522098163321 0.029249999999999995 4.499999999999999e-05 650.0 12000.0 0.35 0 0
-0.175 -0.21999999999999997 0.015504738941006022 2.0 -3.8632328412587142 -3.8632328412587142 -4.528209144851963 1.0 0.0 0.0 0.0 -0.3853160545446773 0.04170479649189474 0.870814283270971 0.029249999999999995 4.499999999999999e-05 650.0 12000.0 0.35 0 0
-0.125 -0.21999999999999997 -0.0004129715114813727 2.0 -3.8632328412587142 -3.8632328412587142 -4.528209144851963 1.0 0.0 0.0 0.0 -0.3005465225448482 0.04170479649189474 0.8245763567256096 0.029249999999999995 4.499999999999999e-05 650.0 12000.0 0.35 0 0
-0.07500000000000001 -0.21999999999999997 -0.016136455009261207 2.0 -3.8632328412587142 -3.8632328412587142 -4.528209144851963 1.0 0.0 0.0 0.0 -0.21577699054501928 0.04170479649189474 0.7783384301802482 0.029249999999999995 4.499999999999999e-05 650.0 12000.0 0.35 0 0
-0.025000000000000022 -0.21999999999999997 -0.02427071157712079 2.0 -3.8632328412587142 -3.8632328412587142 -4.528209144851963 1.0 0.0 0.0 0.0 -0.13100745854519016 0.04170479649189474 0.7321005036348872 0.029249999999999995 4.499999999999999e-05 650.0 12000.0 0.35 0 0
0.025000000000000022 -0.21999999999999997 -0.020990073249930852 2.0 -3.8632328412587142 -3.8632328412587142 -4.528209144851963 1.0 0.0 0.0 0.0 -0.04623792654536122 0.04170479649189474 0.6858625770895258 0.029249999999999995 4.499999999999999e-05 650.0 12000.0 0.35 0 0
0.07499999999999996 -0.21999999999999997 -0.007837475494356674 2.0 -3.8632328412587142 -3.8632328412587142 -4.528209144851963 1.0 0.0 0.0 0.0 0.03853160545446791 0.04170479649189474 0.6396246505441643 0.029249999999999995 4.499999999999999e-05 650.0 12000.0 0.35 0 0
0.125 -0.21999999999999997 0.009001209450146147 2.0 -3.8632328412587142 -3.8632328412587142 -4.528209144851963 1.0 0.0 0.0 0.0 0.12330113745429684 0.04170479649189474 0.5933867239988033 0.029249999999999995 4.499999999999999e-05 650.0 12000.0 0.35 0 0
0.17499999999999993 -0.21999999999999997 0.021606484942467877 2.0 -3.8632328412587142 -3.8632328412587142 -4.528209144851963 1.0 0.0 0.0 0.0 0.20807066945412578 0.04170479649189474 0.5471487974534419 0.029249999999999995 4.499999999999999e-05 650.0 12000.0 0.35 0 0
0.22499999999999998 -0.21999999999999997 0.024049892955706826 2.0 -3.8632328412587142 -3.8632328412587142 -4.528209144851963 1.0 0.0 0.0 0.0 0.29284020145395473 0.04170479649189474 0.5009108709080805 0.029249999999999995 4.499999999999999e-05 650.0 12000.0 0.35 0 0
0.275 -0.21999999999999997 0.015182260521933376 2.0 -3.8632328412587142 -3.8632328412587142 -4.528209144851963 1.0 0.0 0.0 0.0 0.3776097334537836 0.04170479649189474 0.4546729443627195 0.029249999999999995 4.499999999999999e-05 650.0 12000.0 0.35 0 0
0.32499999999999996 -0.21999999999999997 -0.0008258262646699264 2.0 -3.8632328412587142 -3.8632328412587142 -4.528209144851963 1.0 0.0 0.0 0.0 0.46237926545361335 0.04170479649189474 0.408435017817358 0.029249999999999995 4.499999999999999e-05 650.0 12000.0 0.35 0 0
0.375 -0.21999999999999997 -0.016445514055107597 2.0 -3.8632328412587142 -3.8632328412587142 -4.528209144851963 1.0 0.0 0.0 0.0 0.5471487974534422 0.04170479649189474 0.3621970912719966 0.029249999999999995 4.499999999999999e-05 650.0 12000.0 0.35 0 0
0.42499999999999993 -0.21999999999999997 -0.024330619617182674 2.0 -3.8632328412587142 -3.8632328412587142 -4.528209144851963 1.0 0.0 0.0 0.0 0.6319183294532712 0.04170479649189474 0.3159591647266356 0.029249999999999995 4.499999999999999e-05 650.0 12000.0 0.35 0 0
0.47499999999999987 -0.21999999999999997 -0.020772654596878153 2.0 -3.8632328412587142 -3.8632328412587142 -4.528209144851963 1.0 0.0 0.0 0.0 0.7166878614531002 0.04170479649189474 0.2697212381812742 0.029249999999999995 4.499999999999999e-05 650.0 12000.0 0.35 0 0
0.5249999999999999 -0.21999999999999997 -0.007444985537980284 2.0 -3.8632328412587142 -3.8632328412587142 -4.528209144851963 1.0 0.0 0.0 0.0 0.8014573934529291 0.04170479649189474 0.22348331163591278 0.029249999999999995 4.499999999999999e-05 650.0 12000.0 0.35 0 0
0.575 -0.21999999999999997 0.009384176550537698 2.0 -3.8632328412587142 -3.8632328412587142 -4.528209144851963 1.0 0.0 0.0 0.0 0.886226925452758 0.04170479649189474 0.17724538509055177 0.029249999999999995 4.499999999999999e-05 650.0 12000.0 0.35 0 0
-0.575 -0.2699999999999999 -0.0 2.0 -3.8632328412587142 -3.8632328412587142 -4.528209144851963 1.0 0.0 0.0 0.0 -1.0634723105433095 -0.03127859736892076 1.2407176956338613 0.029249999999999995 4.499999999999999e-05 650.0 12000.0 0.35 0 0
-0.5249999999999999 -0.2699999999999999 -0.01383351982109892 2.0 -3.8632328412587142 -3.8632328412587142 -4.528209144851963 1.0 0.0 0.0 0.0 -0.9787027785434804 -0.03127859736892076 1.1944797690884998 0.029249999999999995 4.499999999999999e-05 650.0 12000.0 0.35 0 0
-0.475 -0.2699999999999999 -0.021160919115625246 2.0 -3.8632328412587142 -3.8632328412587142 -4.528209144851963 1.0 0.0 0.0 0.0 -0.8939332465436516 -0.03127859736892076 1.1482418425431387 0.029249999999999995 4.499999999999999e-05 650.0 12000.0 0.35 0 0
-0.42499999999999993 -0.2699999999999999 -0.018536007501590998 2.0 -3.8632328412587142 -3.8632328412587142 -4.528209144851963 1.0 0.0 0.0 0.0 -0.8091637145438226 -0.03127859736892076 1.1020039159977773 0.029249999999999995 4.499999999999999e-05 650.0 12000.0 0.35 0 0
-0.375 -0.2699999999999999 -0.007193321926451837 2.0 -3.8632328412587142 -3.8632328412587142 -4.528209144851963 1.0 0.0 0.0 0.0 -0.7243941825439935 -0.03127859736892076 1.0557659894524158 0.029249999999999995 4.499999999999999e-05 650.0 12000.0 0.35 0 0
-0.32499999999999996 -0.2699999999999999 0.007532495349453213 2.0 -3.8632328412587142 -3.8632328412587142 -4.528209144851963 1.0 0.0 0.0 0.0 -0.6396246505441643 -0.03127859736892076 1.0095280629070549 0.029249999999999995 4.499999999999999e-05 650.0 12000.0 0.35 0 0
-0.27499999999999997 -0.2699999999999999 0.018715662364023892 2.0 -3.8632328412587142 -3.8632328412587142 -4.528209144851963 1.0 0.0 0.0 0.0 -0.5548551185443354 -0.03127859736892076 0.9632901363616935 0.029249999999999995 4.499999999999999e-05 650.0 12000.0 0.35 0 0
-0.22499999999999998 -0.2699999999999999 0.021096560928502827 2.0 -3.8632328412587142 -3.8632328412587142 -4.528209144851963 1.0 0.0 0.0 0.0 -0.4700855865445063 -0.03127859736892076 0.9170522098163321 0.029249999999999995 4.499999999999999e-05 650.0 12000.0 0.35 0 0
-0.175 -0.2699999999999999 0.013555417245449264 2.0 -3.8632328412587142 -3.8632328412587142 -4.528209144851963 1.0 0.0 0.0 0.0 -0.3853160545446773 -0.03127859736892076 0.870814283270971 0.029249999999999995 4.499999999999999e-05 650.0 12000.0 0.35 0 0
-0.125 -0.2699999999999999 -0.0003610509773762513 2.0 -3.8632328412587142 -3.8632328412587142 -4.528209144851963 1.0 0.0 0.0 0.0 -0.3005465225448482 -0.03127859736892076 0.8245763567256096 0.029249999999999995 4.499999999999999e-05 650.0 12000.0 0.35 0 0
-0.07500000000000001 -0.2699999999999999 -0.014107711283964569 2.0 -3.8632328412587142 -3.8632328412587142 -4.528209144851963 1.0 0.0 0.0 0.0 -0.21577699054501928 -0.03127859736892076 0.7783384301802482 0.029249999999999995 4.499999999999999e-05 650.0 12000.0 0.35 0 0
-0.025000000000000022 -0.2699999999999999 -0.021219294534634784 2.0 -3.8632328412587142 -3.8632328412587142 -4.528209144851963 1.0 0.0 0.0 0.0 -0.13100745854519016 -0.03127859736892076 0.7321005036348872 0.029249999999999995 4.499999999999999e-05 650.0 12000.0 0.35 0 0
0.025000000000000022 -0.2699999999999999 -0.01835111200504317 2.0 -3.8632328412587142 -3.8632328412587142 -4.528209144851963 1.0 0.0 0.0 0.0 -0.04623792654536122 -0.03127859736892076 0.6858625770895258 0.029249999999999995 4.499999999999999e-05 650.0 12000.0 0.35 0 0
0.07499999999999996 -0.2699999999999999 -0.006852114755444897 2.0 -3.8632328412587142 -3.8632328412587142 -4.528209144851963 1.0 0.0 0.0 0.0 0.03853160545446791 -0.03127859736892076 0.6396246505441643 0.029249999999999995 4.499999999999999e-05 650.0 12000.0 0.35 0 0
0.125 -0.2699999999999999 0.007869539130885556 2.0 -3.8632328412587142 -3.8632328412587142 -4.528209144851963 1.0 0.0 0.0 0.0 0.12330113745429684 -0.03127859736892076 0.5933867239988033 0.029249999999999995 4.499999999999999e-05 650.0 12000.0 0.35 0 0
0.17499999999999993 -0.2699999999999999 0.01889002579901968 2.0 -3.8632328412587142 -3.8632328412587142 -4.528209144851963 1.0 0.0 0.0 0.0 0.20807066945412578 -0.03127859736892076 0.5471487974534419 0.029249999999999995 4.499999999999999e-05 650.0 12000.0 0.35 0 0
0.22499999999999998 -0.2699999999999999 0.02102623816907969 2.0 -3.8632328412587142 -3.8632328412587142 -4.528209144851963 1.0 0.0 0.0 0.0 0.29284020145395473 -0.03127859736892076 0.5009108709080805 0.029249999999999995 4.499999999999999e-05 650.0 12000.0 0.35 0 0
0.275 -0.2699999999999999 0.013273482184187347 2.0 -3.8632328412587142 -3.8632328412587142 -4.528209144851963 1.0 0.0 0.0 0.0 0.3776097334537836 -0.03127859736892076 0.4546729443627195 0.029249999999999995 4.499999999999999e-05 650.0 12000.0 0.35 0 0
0.32499999999999996 -0.2699999999999999 -0.0007219998758086358 2.0 -3.8632328412587142 -3.8632328412587142 -4.528209144851963 1.0 0.0 0.0 0.0 0.46237926545361335 -0.03127859736892076 0.408435017817358 0.029249999999999995 4.499999999999999e-05 650.0 12000.0 0.35 0 0
0.375 -0.2699999999999999 -0.014377914112652532 2.0 -3.8632328412587142 -3.8632328412587142 -4.528209144851963 1.0 0.0 0.0 0.0 0.5471487974534422 -0.03127859736892076 0.3621970912719966 0.029249999999999995 4.499999999999999e-05 650.0 12000.0 0.35 0 0
0.42499999999999993 -0.2699999999999999 -0.021271670681210733 2.0 -3.8632328412587142 -3.8632328412587142 -4.528209144851963 1.0 0.0 0.0 0.0 0.6319183294532712 -0.03127859736892076 0.3159591647266356 0.029249999999999995 4.499999999999999e-05 650.0 12000.0 0.35 0 0
0.47499999999999987 -0.2699999999999999 -0.018161028149372545 2.0 -3.8632328412587142 -3.8632328412587142 -4.528209144851963 1.0 0.0 0.0 0.0 0.7166878614531002 -0.03127859736892076 0.2697212381812742 0.029249999999999995 4.499999999999999e-05 650.0 12000.0 0.35 0 0
0.5249999999999999 -0.2699999999999999 -0.006508970304991806 2.0 -3.8632328412587142 -3.8632328412587142 -4.528209144851963 1.0 0.0 0.0 0.0 0.8014573934529291 -0.03127859736892076 0.22348331163591278 0.029249999999999995 4.499999999999999e-05 650.0 12000.0 0.35 0 0
0.575 -0.2699999999999999 0.008204357979293106 2.0 -3.8632328412587142 -3.8632328412587142 -4.528209144851963 1.0 0.0 0.0 0.0 0.886226925452758 -0.03127859736892076 0.17724538509055177 0.029249999999999995 4.499999999999999e-05 650.0 12000.0 0.35 0 0
-0.575 -0.31999999999999995 -0.0 2.0 -3.8632328412587142 -3.8632328412587142 -4.528209144851963 1.0 0.0 0.0 0.0 -1.0634723105433095 -0.10426199122973626 1.2407176956338613 0.029249999999999995 4.499999999999999e-05 650.0 12000.0 0.35 0 0
-0.5249999999999999 -0.31999999999999995 -0.010166828337010502 2.0 -3.8632328412587142 -3.8632328412587142 -4.528209144851963 1.0 0.0 0.0 0.0 -0.9787027785434804 -0.10426199122973626 1.1944797690884998 0.029249999999999995 4.499999999999999e-05 650.0 12000.0 0.35 0 0
-0.475 -0.31999999999999995 -0.01555203844605006 2.0 -3.8632328412587142 -3.8632328412587142 -4.528209144851963 1.0 0.0 0.0 0.0 -0.8939332465436516 -0.10426199122973626 1.1482418425431387 0.029249999999999995 4.499999999999999e-05 650.0 12000.0 0.35 0 0
-0.42499999999999993 -0.31999999999999995 -0.013622881866608271 2.0 -3.8632328412587142 -3.8632328412587142 -4.528209144851963 1.0 0.0 0.0 0.0 -0.8091637145438226 -0.10426199122973626 1.1020039159977773 0.029249999999999995 4.499999999999999e-05 650.0 12000.0 0.35 0 0
-0.375 -0.31999999999999995 -0.005286671081899666 2.0 -3.8632328412587142 -3.8632328412587142 -4.528209144851963 1.0 0.0 0.0 0.0 -0.7243941825439935 -0.10426199122973626 1.0557659894524158 0.029249999999999995 4.499999999999999e-05 650.0 12000.0 0.35 0 0
-0.32499999999999996 -0.31999999999999995 0.005535943719140685 2.0 -3.8632328412587142 -3.8632328412587142 -4.528209144851963 1.0 0.0 0.0 0.0 -0.6396246505441643 -0.10426199122973626 1.0095280629070549 0.029249999999999995 4.499999999999999e-05 650.0 12000.0 0.35 0 0
-0.27499999999999997 -0.31999999999999995 0.013754917687562434 2.0 -3.8632328412587142 -3.8632328412587142 -4.528209144851963 1.0 0.0 0.0 0.0 -0.5548551185443354 -0.10426199122973626 0.9632901363616935 0.029249999999999995 4.499999999999999e-05 650.0 12000.0 0.35 0 0
-0.22499999999999998 -0.31999999999999995 0.015504738941006022 2.0 -3.8632328412587142 -3.8632328412587142 -4.528209144851963 1.0 0.0 0.0 0.0 -0.4700855865445063 -0.10426199122973626 0.9170522098163321 0.029249999999999995 4.499999999999999e-05 650.0 12000.0 0.35 0 0
-0.175 -0.31999999999999995 0.009962439202265623 2.0 -3.8632328412587142 -3.8632328412587142 -4.528209144851963 1.0 0.0 0.0 0.0 -0.3853160545446773 -0.10426199122973626 0.870814283270971 0.029249999999999995 4.499999999999999e-05 650.0 12000.0 0.35 0 0
-0.125 -0.31999999999999995 -0.00026535136070688107 2.0 -3.8632328412587142 -3.8632328412587142 -4.528209144851963 1.0 0.0 0.0 0.0 -0.3005465225448482 -0.10426199122973626 0.8245763567256096 0.029249999999999995 4.499999999999999e-05 650.0 12000.0 0.35 0 0
-0.07500000000000001 -0.31999999999999995 -0.010368343032509553 2.0 -3.8632328412587142 -3.8632328412587142 -4.528209144851963 1.0 0.0 0.0 0.0 -0.21577699054501928 -0.10426199122973626 0.7783384301802482 0.029249999999999995 4.499999999999999e-05 650.0 12000.0 0.35 0 0
-0.025000000000000022 -0.31999999999999995 -0.0155949409662941 2.0 -3.8632328412587142 -3.8632328412587142 -4.528209144851963 1.0 0.0 0.0 0.0 -0.13100745854519016 -0.10426199122973626 0.7321005036348872 0.029249999999999995 4.499999999999999e-05 650.0 12000.0 0.35 0 0
0.025000000000000022 -0.31999999999999995 -0.013486994485956168 2.0 -3.8632328412587142 -3.8632328412587142 -4.528209144851963 1.0 0.0 0.0 0.0 -0.04623792654536122 -0.10426199122973626 0.6858625770895258 0.029249999999999995 4.499999999999999e-05 650.0 12000.0 0.35 0 0
0.07499999999999996 -0.31999999999999995 -0.005035903758770984 2.0 -3.8632328412587142 -3.8632328412587142 -4.528209144851963 1.0 0.0 0.0 0.0 0.03853160545446791 -0.10426199122973626 0.6396246505441643 0.029249999999999995 4.499999999999999e-05 650.0 12000.0 0.35 0 0
0.125 -0.31999999999999995 0.005783651194330995 2.0 -3.8632328412587142 -3.8632328412587142 -4.528209144851963 1.0 0.0 0.0 0.0 0.12330113745429684 -0.10426199122973626 0.5933867239988033 0.029249999999999995 4.499999999999999e-05 650.0 12000.0 0.35 0 0
0.17499999999999993 -0.31999999999999995 0.013883064618696326 2.0 -3.8632328412587142 -3.8632328412587142 -4.528209144851963 1.0 0.0 0.0 0.0 0.20807066945412578 -0.10426199122973626 0.5471487974534419 0.029249999999999995 4.499999999999999e-05 650.0 12000.0 0.35 0 0
0.22499999999999998 -0.31999999999999995 0.015453055824020174 2.0 -3.8632328412587142 -3.8632328412587142 -4.528209144851963 1.0 0.0 0.0 0.0 0.29284020145395473 -0.10426199122973626 0.5009108709080805 0.029249999999999995 4.499999999999999e-05 650.0 12000.0 0.35 0 0
0.275 -0.31999999999999995 0.009755233414649471 2.0 -3.8632328412587142 -3.8632328412587142 -4.528209144851963 1.0 0.0 0.0 0.0 0.3776097334537836 -0.10426199122973626 0.4546729443627195 0.029249999999999995 4.499999999999999e-05 650.0 12000.0 0.35 0 0
0.32499999999999996 -0.31999999999999995 -0.0005306276993577318 2.0 -3.8632328412587142 -3.8632328412587142 -4.528209144851963 1.0 0.0 0.0 0.0 0.46237926545361335 -0.10426199122973626 0.408435017817358 0.029249999999999995 4.499999999999999e-05 650.0 12000.0 0.35 0 0
0.375 -0.31999999999999995 -0.010566926315070457 2.0 -3.8632328412587142 -3.8632328412587142 -4.528209144851963 1.0 0.0 0.0 0.0 0.5471487974534422 -0.10426199122973626 0.3621970912719966 0.029249999999999995 4.499999999999999e-05 650.0 12000.0 0.35 0 0
0.42499999999999993 -0.31999999999999995 -0.015633434372027296 2.0 -3.8632328412587142 -3.8632328412587142 -4.528209144851963 1.0 0.0 0.0 0.0 0.6319183294532712 -0.10426199122973626 0.3159591647266356 0.029249999999999995 4.499999999999999e-05 650.0 12000.0 0.35 0 0
0.47499999999999987 -0.31999999999999995 -0.013347293964669257 2.0 -3.8632328412587142 -3.8632328412587142 -4.528209144851963 1.0 0.0 0.0 0.0 0.7166878614531002 -0.10426199122973626 0.2697212381812742 0.029249999999999995 4.499999999999999e-05 650.0 12000.0 0.35 0 0
0.5249999999999999 -0.31999999999999995 -0.004783712648506088 2.0 -3.8632328412587142 -3.8632328412587142 -4.528209144851963 1.0 0.0 0.0 0.0 0.8014573934529291 -0.10426199122973626 0.22348331163591278 0.029249999999999995 4.499999999999999e-05 650.0 12000.0 0.35 0 0
0.575 -0.31999999999999995 0.006029723473821514 2.0 -3.8632328412587142 -3.8632328412587142 -4.528209144851963 1.0 0.0 0.0 0.0 0.886226925452758 -0.10426199122973626 0.17724538509055177 0.029249999999999995 4.499999999999999e-05 650.0 12000.0 0.35 0 0
-0.575 -0.37 -0.0 2.0 -3.8632328412587142 -3.8632328412587142 -4.528209144851963 1.0 0.0 0.0 0.0 -1.0634723105433095 -0.17724538509055157 1.2407176956338613 0.029249999999999995 4.499999999999999e-05 650.0 12000.0 0.35 0 0
-0.5249999999999999 -0.37 -0.005267362410883401 2.0 -3.8632328412587142 -3.8632328412587142 -4.528209144851963 1.0 0.0 0.0 0.0 -0.9787027785434804 -0.17724538509055157 1.1944797690884998 0.029249999999999995 4.499999999999999e-05 650.0 12000.0 0.35 0 0
-0.475 -0.37 -0.008057401975120313 2.0 -3.8632328412587142 -3.8632328412587142 -4.528209144851963 1.0 0.0 0.0 0.0 -0.8939332465436516 -0.17724538509055157 1.1482418425431387 0.029249999999999995 4.499999999999999e-05 650.0 12000.0 0.35 0 0
-0.42499999999999993 -0.37 -0.007057919490079357 2.0 -3.8632328412587142 -3.8632328412587142 -4.528209144851963 1.0 0.0 0.0 0.0 -0.8091637145438226 -0.17724538509055157 1.1020039159977773 0.029249999999999995 4.499999999999999e-05 650.0 12000.0 0.35 0 0
-0.375 -0.37 -0.0027389871858199176 2.0 -3.8632328412587142 -3.8632328412587142 -4.528209144851963 1.0 0.0 0.0 0.0 -0.7243941825439935 -0.17724538509055157 1.0557659894524158 0.029249999999999995 4.499999999999999e-05 650.0 12000.0 0.35 0 0
-0.32499999999999996 -0.37 0.002868133589785975 2.0 -3.8632328412587142 -3.8632328412587142 -4.528209144851963 1.0 0.0 0.0 0.0 -0.6396246505441643 -0.17724538509055157 1.0095280629070549 0.029249999999999995 4.499999999999999e-05 650.0 12000.0 0.35 0 0
-0.27499999999999997 -0.37 0.007126326322291947 2.0 -3.8632328412587142 -3.8632328412587142 -4.528209144851963 1.0 0.0 0.0 0.0 -0.5548551185443354 -0.17724538509055157 0.9632901363616935 0.029249999999999995 4.499999999999999e-05 650.0 12000.0 0.35 0 0
-0.22499999999999998 -0.37 0.008032896433503625 2.0 -3.8632328412587142 -3.8632328412587142 -4.528209144851963 1.0 0.0 0.0 0.0 -0.4700855865445063 -0.17724538509055157 0.9170522098163321 0.029249999999999995 4.499999999999999e-05 650.0 12000.0 0.35 0 0
-0.175 -0.37 0.005161469834569408 2.0 -3.8632328412587142 -3.8632328412587142 -4.528209144851963 1.0 0.0 0.0 0.0 -0.3853160545446773 -0.17724538509055157 0.870814283270971 0.029249999999999995 4.499999999999999e-05 650.0 12000.0 0.35 0 0
-0.125 -0.37 -0.0001374766777536813 2.0 -3.8632328412587142 -3.8632328412587142 -4.528209144851963 1.0 0.0 0.0 0.0 -0.3005465225448482 -0.17724538509055157 0.8245763567256096 0.029249999999999995 4.499999999999999e-05 650.0 12000.0 0.35 0 0
-0.07500000000000001 -0.37 -0.005371765760396868 2.0 -3.8632328412587142 -3.8632328412587142 -4.528209144851963 1.0 0.0 0.0 0.0 -0.21577699054501928 -0.17724538509055157 0.7783384301802482 0.029249999999999995 4.499999999999999e-05 650.0 12000.0 0.35 0 0
-0.025000000000000022 -0.37 -0.008079629469770044 2.0 -3.8632328412587142 -3.8632328412587142 -4.528209144851963 1.0 0.0 0.0 0.0 -0.13100745854519016 -0.17724538509055157 0.7321005036348872 0.029249999999999995 4.499999999999999e-05 650.0 12000.0 0.35 0 0
0.025000000000000022 -0.37 -0.0069875171918174035 2.0 -3.8632328412587142 -3.8632328412587142 -4.528209144851963 1.0 0.0 0.0 0.0 -0.04623792654536122 -0.17724538509055157 0.6858625770895258 0.029249999999999995 4.499999999999999e-05 650.0 12000.0 0.35 0 0
0.07499999999999996 -0.37 -0.002609066395585126 2.0 -3.8632328412587142 -3.8632328412587142 -4.528209144851963 1.0 0.0 0.0 0.0 0.03853160545446791 -0.17724538509055157 0.6396246505441643 0.029249999999999995 4.499999999999999e-05 650.0 12000.0 0.35 0 0
0.125 -0.37 0.002996469094277824 2.0 -3.8632328412587142 -3.8632328412587142 -4.528209144851963 1.0 0.0 0.0 0.0 0.12330113745429684 -0.17724538509055157 0.5933867239988033 0.029249999999999995 4.499999999999999e-05 650.0 12000.0 0.35 0 0
0.17499999999999993 -0.37 0.007192718347980778 2.0 -3.8632328412587142 -3.8632328412587142 -4.528209144851963 1.0 0.0 0.0 0.0 0.20807066945412578 -0.17724538509055157 0.5471487974534419 0.029249999999999995 4.499999999999999e-05 650.0 12000.0 0.35 0 0
0.22499999999999998 -0.37 0.00800611977330395 2.0 -3.8632328412587142 -3.8632328412587142 -4.528209144851963 1.0 0.0 0.0 0.0 0.29284020145395473 -0.17724538509055157 0.5009108709080805 0.029249999999999995 4.499999999999999e-05 650.0 12000.0 0.35 0 0
0.275 -0.37 0.00505411797017 2.0 -3.8632328412587142 -3.8632328412587142 -4.528209144851963 1.0 0.0 0.0 0.0 0.3776097334537836 -0.17724538509055157 0.4546729443627195 0.029249999999999995 4.499999999999999e-05 650.0 12000.0 0.35 0 0
0.32499999999999996 -0.37 -0.0002749144871066359 2.0 -3.8632328412587142 -3.8632328412587142 -4.528209144851963 1.0 0.0 0.0 0.0 0.46237926545361335 -0.17724538509055157 0.408435017817358 0.029249999999999995 4.499999999999999e-05 650.0 12000.0 0.35 0 0
0.375 -0.37 -0.005474650365439655 2.0 -3.8632328412587142 -3.8632328412587142 -4.528209144851963 1.0 0.0 0.0 0.0 0.5471487974534422 -0.17724538509055157 0.3621970912719966 0.029249999999999995 4.499999999999999e-05 650.0 12000.0 0.35 0 0
0.42499999999999993 -0.37 -0.008099572633134749 2.0 -3.8632328412587142 -3.8632328412587142 -4.528209144851963 1.0 0.0 0.0 0.0 0.6319183294532712 -0.17724538509055157 0.3159591647266356 0.029249999999999995 4.499999999999999e-05 650.0 12000.0 0.35 0 0
0.47499999999999987 -0.37 -0.006915139332153072 2.0 -3.8632328412587142 -3.8632328412587142 -4.528209144851963 1.0 0.0 0.0 0.0 0.7166878614531002 -0.17724538509055157 0.2697212381812742 0.029249999999999995 4.499999999999999e-05 650.0 12000.0 0.35 0 0
0.5249999999999999 -0.37 -0.002478407951227162 2.0 -3.8632328412587142 -3.8632328412587142 -4.528209144851963 1.0 0.0 0.0 0.0 0.8014573934529291 -0.17724538509055157 0.22348331163591278 0.029249999999999995 4.499999999999999e-05 650.0 12000.0 0.35 0 0
0.575 -0.37 0.0031239574153533703 2.0 -3.8632328412587142 -3.8632328412587142 -4.528209144851963 1.0 0.0 0.0 0.0 0.886226925452758 -0.17724538509055157 0.17724538509055177 0.029249999999999995 4.499999999999999e-05 650.0 12000.0 0.35 0 0
