ply
format ascii 1.0
element vertex 600
property float x
property float y
property float z
property float opacity
property float scale_0
property float scale_1
property float scale_2
property float rot_0
property float rot_1
property float rot_2
property float rot_3
property float f_dc_0
property float f_dc_1
property float f_dc_2
property float mass
property float volume
property float density
property float youngs_modulus
property float poisson_ratio
property int material_id
property int pinned
end_header
-0.62 0.15000000000000002 -0.13 2.2 -3.9633162998156966 -3.9633162998156966 -3.9633162998156966 1.0 0.0 0.0 0.0 -0.886226925452758 0.17724538509055177 1.417963080724413 0.21125 0.00021124999999999998 1000.0 20000.0 0.3 0 1
-0.62 0.15000000000000002 -0.065 2.2 -3.9633162998156966 -3.9633162998156966 -3.9633162998156966 1.0 0.0 0.0 0.0 -0.886226925452758 0.17724538509055177 1.417963080724413 0.21125 0.00021124999999999998 1000.0 20000.0 0.3 0 1
-0.62 0.15000000000000002 0.0 2.2 -3.9633162998156966 -3.9633162998156966 -3.9633162998156966 1.0 0.0 0.0 0.0 -0.886226925452758 0.17724538509055177 1.417963080724413 0.21125 0.00021124999999999998 1000.0 20000.0 0.3 0 1
-0.62 0.15000000000000002 0.065 2.2 -3.9633162998156966 -3.9633162998156966 -3.9633162998156966 1.0 0.0 0.0 0.0 -0.886226925452758 0.17724538509055177 1.417963080724413 0.21125 0.00021124999999999998 1000.0 20000.0 0.3 0 1
-0.62 0.15000000000000002 0.13 2.2 -3.9633162998156966 -3.9633162998156966 -3.9633162998156966 1.0 0.0 0.0 0.0 -0.886226925452758 0.17724538509055177 1.417963080724413 0.21125 0.00021124999999999998 1000.0 20000.0 0.3 0 1
-0.62 0.21500000000000002 -0.13 2.2 -3.9633162998156966 -3.9633162998156966 -3.9633162998156966 1.0 0.0 0.0 0.0 -0.886226925452758 0.17724538509055177 1.417963080724413 0.21125 0.00021124999999999998 1000.0 20000.0 0.3 0 1
-0.62 0.21500000000000002 -0.065 2.2 -3.9633162998156966 -3.9633162998156966 -3.9633162998156966 1.0 0.0 0.0 0.0 -0.886226925452758 0.17724538509055177 1.417963080724413 0.21125 0.00021124999999999998 1000.0 20000.0 0.3 0 1
-0.62 0.21500000000000002 0.0 2.2 -3.9633162998156966 -3.9633162998156966 -3.9633162998156966 1.0 0.0 0.0 0.0 -0.886226925452758 0.17724538509055177 1.417963080724413 0.21125 0.00021124999999999998 1000.0 20000.0 0.3 0 1
-0.62 0.21500000000000002 0.065 2.2 -3.9633162998156966 -3.9633162998156966 -3.9633162998156966 1.0 0.0 0.0 0.0 -0.886226925452758 0.17724538509055177 1.417963080724413 0.21125 0.00021124999999999998 1000.0 20000.0 0.3 0 1
-0.62 0.21500000000000002 0.13 2.2 -3.9633162998156966 -3.9633162998156966 -3.9633162998156966 1.0 0.0 0.0 0.0 -0.886226925452758 0.17724538509055177 1.417963080724413 0.21125 0.00021124999999999998 1000.0 20000.0 0.3 0 1
-0.62 0.28 -0.13 2.2 -3.9633162998156966 -3.9633162998156966 -3.9633162998156966 1.0 0.0 0.0 0.0 -0.886226925452758 0.17724538509055177 1.417963080724413 0.21125 0.00021124999999999998 1000.0 20000.0 0.3 0 1
-0.62 0.28 -0.065 2.2 -3.9633162998156966 -3.9633162998156966 -3.9633162998156966 1.0 0.0 0.0 0.0 -0.886226925452758 0.17724538509055177 1.417963080724413 0.21125 0.00021124999999999998 1000.0 20000.0 0.3 0 1
-0.62 0.28 0.0 2.2 -3.9633162998156966 -3.9633162998156966 -3.9633162998156966 1.0 0.0 0.0 0.0 -0.886226925452758 0.17724538509055177 1.417963080724413 0.21125 0.00021124999999999998 1000.0 20000.0 0.3 0 1
-0.62 0.28 0.065 2.2 -3.9633162998156966 -3.9633162998156966 -3.9633162998156966 1.0 0.0 0.0 0.0 -0.886226925452758 0.17724538509055177 1.417963080724413 0.21125 0.00021124999999999998 1000.0 20000.0 0.3 0 1
-0.62 0.28 0.13 2.2 -3.9633162998156966 -3.9633162998156966 -3.9633162998156966 1.0 0.0 0.0 0.0 -0.886226925452758 0.17724538509055177 1.417963080724413 0.21125 0.00021124999999999998 1000.0 20000.0 0.3 0 1
-0.62 0.34500000000000003 -0.13 2.2 -3.9633162998156966 -3.9633162998156966 -3.9633162998156966 1.0 0.0 0.0 0.0 -0.886226925452758 0.17724538509055177 1.417963080724413 0.21125 0.00021124999999999998 1000.0 20000.0 0.3 0 1
-0.62 0.34500000000000003 -0.065 2.2 -3.9633162998156966 -3.9633162998156966 -3.9633162998156966 1.0 0.0 0.0 0.0 -0.886226925452758 0.17724538509055177 1.417963080724413 0.21125 0.00021124999999999998 1000.0 20000.0 0.3 0 1
-0.62 0.34500000000000003 0.0 2.2 -3.9633162998156966 -3.9633162998156966 -3.9633162998156966 1.0 0.0 0.0 0.0 -0.886226925452758 0.17724538509055177 1.417963080724413 0.21125 0.00021124999999999998 1000.0 20000.0 0.3 0 1
-0.62 0.34500000000000003 0.065 2.2 -3.9633162998156966 -3.9633162998156966 -3.9633162998156966 1.0 0.0 0.0 0.0 -0.886226925452758 0.17724538509055177 1.417963080724413 0.21125 0.00021124999999999998 1000.0 20000.0 0.3 0 1
-0.62 0.34500000000000003 0.13 2.2 -3.9633162998156966 -3.9633162998156966 -3.9633162998156966 1.0 0.0 0.0 0.0 -0.886226925452758 0.17724538509055177 1.417963080724413 0.21125 0.00021124999999999998 1000.0 20000.0 0.3 0 1
-0.62 0.41000000000000003 -0.13 2.2 -3.9633162998156966 -3.9633162998156966 -3.9633162998156966 1.0 0.0 0.0 0.0 -0.886226925452758 0.17724538509055177 1.417963080724413 0.21125 0.00021124999999999998 1000.0 20000.0 0.3 0 1
-0.62 0.41000000000000003 -0.065 2.2 -3.9633162998156966 -3.9633162998156966 -3.9633162998156966 1.0 0.0 0.0 0.0 -0.886226925452758 0.17724538509055177 1.417963080724413 0.21125 0.00021124999999999998 1000.0 20000.0 0.3 0 1
-0.62 0.41000000000000003 0.0 2.2 -3.9633162998156966 -3.9633162998156966 -3.9633162998156966 1.0 0.0 0.0 0.0 -0.886226925452758 0.17724538509055177 1.417963080724413 0.21125 0.00021124999999999998 1000.0 20000.0 0.3 0 1
-0.62 0.41000000000000003 0.065 2.2 -3.9633162998156966 -3.9633162998156966 -3.9633162998156966 1.0 0.0 0.0 0.0 -0.886226925452758 0.17724538509055177 1.417963080724413 0.21125 0.00021124999999999998 1000.0 20000.0 0.3 0 1
-0.62 0.41000000000000003 0.13 2.2 -3.9633162998156966 -3.9633162998156966 -3.9633162998156966 1.0 0.0 0.0 0.0 -0.886226925452758 0.17724538509055177 1.417963080724413 0.21125 0.00021124999999999998 1000.0 20000.0 0.3 0 1
-0.57 0.15000000000000002 -0.13 2.2 -3.9633162998156966 -3.9633162998156966 -3.9633162998156966 1.0 0.0 0.0 0.0 -0.7860447512711419 0.17724538509055177 1.364018833088158 0.21125 0.00021124999999999998 1000.0 20000.0 0.3 0 1
-0.57 0.15000000000000002 -0.065 2.2 -3.9633162998156966 -3.9633162998156966 -3.9633162998156966 1.0 0.0 0.0 0.0 -0.7860447512711419 0.17724538509055177 1.364018833088158 0.21125 0.00021124999999999998 1000.0 20000.0 0.3 0 1
-0.57 0.15000000000000002 0.0 2.2 -3.9633162998156966 -3.9633162998156966 -3.9633162998156966 1.0 0.0 0.0 0.0 -0.7860447512711419 0.17724538509055177 1.364018833088158 0.21125 0.00021124999999999998 1000.0 20000.0 0.3 0 1
-0.57 0.15000000000000002 0.065 2.2 -3.9633162998156966 -3.9633162998156966 -3.9633162998156966 1.0 0.0 0.0 0.0 -0.7860447512711419 0.17724538509055177 1.364018833088158 0.21125 0.00021124999999999998 1000.0 20000.0 0.3 0 1
-0.57 0.15000000000000002 0.13 2.2 -3.9633162998156966 -3.9633162998156966 -3.9633162998156966 1.0 0.0 0.0 0.0 -0.7860447512711419 0.17724538509055177 1.364018833088158 0.21125 0.00021124999999999998 1000.0 20000.0 0.3 0 1
-0.57 0.21500000000000002 -0.13 2.2 -3.9633162998156966 -3.9633162998156966 -3.9633162998156966 1.0 0.0 0.0 0.0 -0.7860447512711419 0.17724538509055177 1.364018833088158 0.21125 0.00021124999999999998 1000.0 20000.0 0.3 0 1
-0.57 0.21500000000000002 -0.065 2.2 -3.9633162998156966 -3.9633162998156966 -3.9633162998156966 1.0 0.0 0.0 0.0 -0.7860447512711419 0.17724538509055177 1.364018833088158 0.21125 0.00021124999999999998 1000.0 20000.0 0.3 0 1
-0.57 0.21500000000000002 0.0 2.2 -3.9633162998156966 -3.9633162998156966 -3.9633162998156966 1.0 0.0 0.0 0.0 -0.7860447512711419 0.17724538509055177 1.364018833088158 0.21125 0.00021124999999999998 1000.0 20000.0 0.3 0 1
-0.57 0.21500000000000002 0.065 2.2 -3.9633162998156966 -3.9633162998156966 -3.9633162998156966 1.0 0.0 0.0 0.0 -0.7860447512711419 0.17724538509055177 1.364018833088158 0.21125 0.00021124999999999998 1000.0 20000.0 0.3 0 1
-0.57 0.21500000000000002 0.13 2.2 -3.9633162998156966 -3.9633162998156966 -3.9633162998156966 1.0 0.0 0.0 0.0 -0.7860447512711419 0.17724538509055177 1.364018833088158 0.21125 0.00021124999999999998 1000.0 20000.0 0.3 0 1
-0.57 0.28 -0.13 2.2 -3.9633162998156966 -3.9633162998156966 -3.9633162998156966 1.0 0.0 0.0 0.0 -0.7860447512711419 0.17724538509055177 1.364018833088158 0.21125 0.00021124999999999998 1000.0 20000.0 0.3 0 1
-0.57 0.28 -0.065 2.2 -3.9633162998156966 -3.9633162998156966 -3.9633162998156966 1.0 0.0 0.0 0.0 -0.7860447512711419 0.17724538509055177 1.364018833088158 0.21125 0.00021124999999999998 1000.0 20000.0 0.3 0 1
-0.57 0.28 0.0 2.2 -3.9633162998156966 -3.9633162998156966 -3.9633162998156966 1.0 0.0 0.0 0.0 -0.7860447512711419 0.17724538509055177 1.364018833088158 0.21125 0.00021124999999999998 1000.0 20000.0 0.3 0 1
-0.57 0.28 0.065 2.2 -3.9633162998156966 -3.9633162998156966 -3.9633162998156966 1.0 0.0 0.0 0.0 -0.7860447512711419 0.17724538509055177 1.364018833088158 0.21125 0.00021124999999999998 1000.0 20000.0 0.3 0 1
-0.57 0.28 0.13 2.2 -3.9633162998156966 -3.9633162998156966 -3.9633162998156966 1.0 0.0 0.0 0.0 -0.7860447512711419 0.17724538509055177 1.364018833088158 0.21125 0.00021124999999999998 1000.0 20000.0 0.3 0 1
-0.57 0.34500000000000003 -0.13 2.2 -3.9633162998156966 -3.9633162998156966 -3.9633162998156966 1.0 0.0 0.0 0.0 -0.7860447512711419 0.17724538509055177 1.364018833088158 0.21125 0.00021124999999999998 1000.0 20000.0 0.3 0 1
-0.57 0.34500000000000003 -0.065 2.2 -3.9633162998156966 -3.9633162998156966 -3.9633162998156966 1.0 0.0 0.0 0.0 -0.7860447512711419 0.17724538509055177 1.364018833088158 0.21125 0.00021124999999999998 1000.0 20000.0 0.3 0 1
-0.57 0.34500000000000003 0.0 2.2 -3.9633162998156966 -3.9633162998156966 -3.9633162998156966 1.0 0.0 0.0 0.0 -0.7860447512711419 0.17724538509055177 1.364018833088158 0.21125 0.00021124999999999998 1000.0 20000.0 0.3 0 1
-0.57 0.34500000000000003 0.065 2.2 -3.9633162998156966 -3.9633162998156966 -3.9633162998156966 1.0 0.0 0.0 0.0 -0.7860447512711419 0.17724538509055177 1.364018833088158 0.21125 0.00021124999999999998 1000.0 20000.0 0.3 0 1
-0.57 0.34500000000000003 0.13 2.2 -3.9633162998156966 -3.9633162998156966 -3.9633162998156966 1.0 0.0 0.0 0.0 -0.7860447512711419 0.17724538509055177 1.364018833088158 0.21125 0.00021124999999999998 1000.0 20000.0 0.3 0 1
-0.57 0.41000000000000003 -0.13 2.2 -3.9633162998156966 -3.9633162998156966 -3.9633162998156966 1.0 0.0 0.0 0.0 -0.7860447512711419 0.17724538509055177 1.364018833088158 0.21125 0.00021124999999999998 1000.0 20000.0 0.3 0 1
-0.57 0.41000000000000003 -0.065 2.2 -3.9633162998156966 -3.9633162998156966 -3.9633162998156966 1.0 0.0 0.0 0.0 -0.7860447512711419 0.17724538509055177 1.364018833088158 0.21125 0.00021124999999999998 1000.0 20000.0 0.3 0 1
-0.57 0.41000000000000003 0.0 2.2 -3.9633162998156966 -3.9633162998156966 -3.9633162998156966 1.0 0.0 0.0 0.0 -0.7860447512711419 0.17724538509055177 1.364018833088158 0.21125 0.00021124999999999998 1000.0 20000.0 0.3 0 1
-0.57 0.41000000000000003 0.065 2.2 -3.9633162998156966 -3.9633162998156966 -3.9633162998156966 1.0 0.0 0.0 0.0 -0.7860447512711419 0.17724538509055177 1.364018833088158 0.21125 0.00021124999999999998 1000.0 20000.0 0.3 0 1
-0.57 0.41000000000000003 0.13 2.2 -3.9633162998156966 -3.9633162998156966 -3.9633162998156966 1.0 0.0 0.0 0.0 -0.7860447512711419 0.17724538509055177 1.364018833088158 0.21125 0.00021124999999999998 1000.0 20000.0 0.3 0 1
-0.52 0.15000000000000002 -0.13 2.2 -3.9633162998156966 -3.9633162998156966 -3.9633162998156966 1.0 0.0 0.0 0.0 -0.6858625770895258 0.17724538509055177 1.3100745854519031 0.21125 0.00021124999999999998 1000.0 20000.0 0.3 0 0
-0.52 0.15000000000000002 -0.065 2.2 -3.9633162998156966 -3.9633162998156966 -3.9633162998156966 1.0 0.0 0.0 0.0 -0.6858625770895258 0.17724538509055177 1.3100745854519031 0.21125 0.00021124999999999998 1000.0 20000.0 0.3 0 0
-0.52 0.15000000000000002 0.0 2.2 -3.9633162998156966 -3.9633162998156966 -3.9633162998156966 1.0 0.0 0.0 0.0 -0.6858625770895258 0.17724538509055177 1.3100745854519031 0.21125 0.00021124999999999998 1000.0 20000.0 0.3 0 0
-0.52 0.15000000000000002 0.065 2.2 -3.9633162998156966 -3.9633162998156966 -3.9633162998156966 1.0 0.0 0.0 0.0 -0.6858625770895258 0.17724538509055177 1.3100745854519031 0.21125 0.00021124999999999998 1000.0 20000.0 0.3 0 0
-0.52 0.15000000000000002 0.13 2.2 -3.9633162998156966 -3.9633162998156966 -3.9633162998156966 1.0 0.0 0.0 0.0 -0.6858625770895258 0.17724538509055177 1.3100745854519031 0.21125 0.00021124999999999998 1000.0 20000.0 0.3 0 0
-0.52 0.21500000000000002 -0.13 2.2 -3.9633162998156966 -3.9633162998156966 -3.9633162998156966 1.0 0.0 0.0 0.0 -0.6858625770895258 0.17724538509055177 1.3100745854519031 0.21125 0.00021124999999999998 1000.0 20000.0 0.3 0 0
-0.52 0.21500000000000002 -0.065 2.2 -3.9633162998156966 -3.9633162998156966 -3.9633162998156966 1.0 0.0 0.0 0.0 -0.6858625770895258 0.17724538509055177 1.3100745854519031 0.21125 0.00021124999999999998 1000.0 20000.0 0.3 0 0
-0.52 0.21500000000000002 0.0 2.2 -3.9633162998156966 -3.9633162998156966 -3.9633162998156966 1.0 0.0 0.0 0.0 -0.6858625770895258 0.17724538509055177 1.3100745854519031 0.21125 0.00021124999999999998 1000.0 20000.0 0.3 0 0
-0.52 0.21500000000000002 0.065 2.2 -3.9633162998156966 -3.9633162998156966 -3.9633162998156966 1.0 0.0 0.0 0.0 -0.6858625770895258 0.17724538509055177 1.3100745854519031 0.21125 0.00021124999999999998 1000.0 20000.0 0.3 0 0
-0.52 0.21500000000000002 0.13 2.2 -3.9633162998156966 -3.9633162998156966 -3.9633162998156966 1.0 0.0 0.0 0.0 -0.6858625770895258 0.17724538509055177 1.3100745854519031 0.21125 0.00021124999999999998 1000.0 20000.0 0.3 0 0
-0.52 0.28 -0.13 2.2 -3.9633162998156966 -3.9633162998156966 -3.9633162998156966 1.0 0.0 0.0 0.0 -0.6858625770895258 0.17724538509055177 1.3100745854519031 0.21125 0.00021124999999999998 1000.0 20000.0 0.3 0 0
-0.52 0.28 -0.065 2.2 -3.9633162998156966 -3.9633162998156966 -3.9633162998156966 1.0 0.0 0.0 0.0 -0.6858625770895258 0.17724538509055177 1.3100745854519031 0.21125 0.00021124999999999998 1000.0 20000.0 0.3 0 0
-0.52 0.28 0.0 2.2 -3.9633162998156966 -3.9633162998156966 -3.9633162998156966 1.0 0.0 0.0 0.0 -0.6858625770895258 0.17724538509055177 1.3100745854519031 0.21125 0.00021124999999999998 1000.0 20000.0 0.3 0 0
-0.52 0.28 0.065 2.2 -3.9633162998156966 -3.9633162998156966 -3.9633162998156966 1.0 0.0 0.0 0.0 -0.6858625770895258 0.17724538509055177 1.3100745854519031 0.21125 0.00021124999999999998 1000.0 20000.0 0.3 0 0
-0.52 0.28 0.13 2.2 -3.9633162998156966 -3.9633162998156966 -3.9633162998156966 1.0 0.0 0.0 0.0 -0.6858625770895258 0.17724538509055177 1.3100745854519031 0.21125 0.00021124999999999998 1000.0 20000.0 0.3 0 0
-0.52 0.34500000000000003 -0.13 2.2 -3.9633162998156966 -3.9633162998156966 -3.9633162998156966 1.0 0.0 0.0 0.0 -0.6858625770895258 0.17724538509055177 1.3100745854519031 0.21125 0.00021124999999999998 1000.0 20000.0 0.3 0 0
-0.52 0.34500000000000003 -0.065 2.2 -3.9633162998156966 -3.9633162998156966 -3.9633162998156966 1.0 0.0 0.0 0.0 -0.6858625770895258 0.17724538509055177 1.3100745854519031 0.21125 0.00021124999999999998 1000.0 20000.0 0.3 0 0
-0.52 0.34500000000000003 0.0 2.2 -3.9633162998156966 -3.9633162998156966 -3.9633162998156966 1.0 0.0 0.0 0.0 -0.6858625770895258 0.17724538509055177 1.3100745854519031 0.21125 0.00021124999999999998 1000.0 20000.0 0.3 0 0
-0.52 0.34500000000000003 0.065 2.2 -3.9633162998156966 -3.9633162998156966 -3.9633162998156966 1.0 0.0 0.0 0.0 -0.6858625770895258 0.17724538509055177 1.3100745854519031 0.21125 0.00021124999999999998 1000.0 20000.0 0.3 0 0
-0.52 0.34500000000000003 0.13 2.2 -3.9633162998156966 -3.9633162998156966 -3.9633162998156966 1.0 0.0 0.0 0.0 -0.6858625770895258 0.17724538509055177 1.3100745854519031 0.21125 0.00021124999999999998 1000.0 20000.0 0.3 0 0
-0.52 0.41000000000000003 -0.13 2.2 -3.9633162998156966 -3.9633162998156966 -3.9633162998156966 1.0 0.0 0.0 0.0 -0.6858625770895258 0.17724538509055177 1.3100745854519031 0.21125 0.00021124999999999998 1000.0 20000.0 0.3 0 0
-0.52 0.41000000000000003 -0.065 2.2 -3.9633162998156966 -3.9633162998156966 -3.9633162998156966 1.0 0.0 0.0 0.0 -0.6858625770895258 0.17724538509055177 1.3100745854519031 0.21125 0.00021124999999999998 1000.0 20000.0 0.3 0 0
-0.52 0.41000000000000003 0.0 2.2 -3.9633162998156966 -3.9633162998156966 -3.9633162998156966 1.0 0.0 0.0 0.0 -0.6858625770895258 0.17724538509055177 1.3100745854519031 0.21125 0.00021124999999999998 1000.0 20000.0 0.3 0 0
-0.52 0.41000000000000003 0.065 2.2 -3.9633162998156966 -3.9633162998156966 -3.9633162998156966 1.0 0.0 0.0 0.0 -0.6858625770895258 0.17724538509055177 1.3100745854519031 0.21125 0.00021124999999999998 1000.0 20000.0 0.3 0 0
-0.52 0.41000000000000003 0.13 2.2 -3.9633162998156966 -3.9633162998156966 -3.9633162998156966 1.0 0.0 0.0 0.0 -0.6858625770895258 0.17724538509055177 1.3100745854519031 0.21125 0.00021124999999999998 1000.0 20000.0 0.3 0 0
-0.47 0.15000000000000002 -0.13 2.2 -3.9633162998156966 -3.9633162998156966 -3.9633162998156966 1.0 0.0 0.0 0.0 -0.5856804029079096 0.17724538509055177 1.2561303378156485 0.21125 0.00021124999999999998 1000.0 20000.0 0.3 0 0
-0.47 0.15000000000000002 -0.065 2.2 -3.9633162998156966 -3.9633162998156966 -3.9633162998156966 1.0 0.0 0.0 0.0 -0.5856804029079096 0.17724538509055177 1.2561303378156485 0.21125 0.00021124999999999998 1000.0 20000.0 0.3 0 0
-0.47 0.15000000000000002 0.0 2.2 -3.9633162998156966 -3.9633162998156966 -3.9633162998156966 1.0 0.0 0.0 0.0 -0.5856804029079096 0.17724538509055177 1.2561303378156485 0.21125 0.00021124999999999998 1000.0 20000.0 0.3 0 0
-0.47 0.15000000000000002 0.065 2.2 -3.9633162998156966 -3.9633162998156966 -3.9633162998156966 1.0 0.0 0.0 0.0 -0.5856804029079096 0.17724538509055177 1.2561303378156485 0.21125 0.00021124999999999998 1000.0 20000.0 0.3 0 0
-0.47 0.15000000000000002 0.13 2.2 -3.9633162998156966 -3.9633162998156966 -3.9633162998156966 1.0 0.0 0.0 0.0 -0.5856804029079096 0.17724538509055177 1.2561303378156485 0.21125 0.00021124999999999998 1000.0 20000.0 0.3 0 0
-0.47 0.21500000000000002 -0.13 2.2 -3.9633162998156966 -3.9633162998156966 -3.9633162998156966 1.0 0.0 0.0 0.0 -0.5856804029079096 0.17724538509055177 1.2561303378156485 0.21125 0.00021124999999999998 1000.0 20000.0 0.3 0 0
-0.47 0.21500000000000002 -0.065 2.2 -3.9633162998156966 -3.9633162998156966 -3.9633162998156966 1.0 0.0 0.0 0.0 -0.5856804029079096 0.17724538509055177 1.2561303378156485 0.21125 0.00021124999999999998 1000.0 20000.0 0.3 0 0
-0.47 0.21500000000000002 0.0 2.2 -3.9633162998156966 -3.9633162998156966 -3.9633162998156966 1.0 0.0 0.0 0.0 -0.5856804029079096 0.17724538509055177 1.2561303378156485 0.21125 0.00021124999999999998 1000.0 20000.0 0.3 0 0
-0.47 0.21500000000000002 0.065 2.2 -3.9633162998156966 -3.9633162998156966 -3.9633162998156966 1.0 0.0 0.0 0.0 -0.5856804029079096 0.17724538509055177 1.2561303378156485 0.21125 0.00021124999999999998 1000.0 20000.0 0.3 0 0
-0.47 0.21500000000000002 0.13 2.2 -3.9633162998156966 -3.9633162998156966 -3.9633162998156966 1.0 0.0 0.0 0.0 -0.5856804029079096 0.17724538509055177 1.2561303378156485 0.21125 0.00021124999999999998 1000.0 20000.0 0.3 0 0
-0.47 0.28 -0.13 2.2 -3.9633162998156966 -3.9633162998156966 -3.9633162998156966 1.0 0.0 0.0 0.0 -0.5856804029079096 0.17724538509055177 1.2561303378156485 0.21125 0.00021124999999999998 1000.0 20000.0 0.3 0 0
-0.47 0.28 -0.065 2.2 -3.9633162998156966 -3.9633162998156966 -3.9633162998156966 1.0 0.0 0.0 0.0 -0.5856804029079096 0.17724538509055177 1.2561303378156485 0.21125 0.00021124999999999998 1000.0 20000.0 0.3 0 0
-0.47 0.28 0.0 2.2 -3.9633162998156966 -3.9633162998156966 -3.9633162998156966 1.0 0.0 0.0 0.0 -0.5856804029079096 0.17724538509055177 1.2561303378156485 0.21125 0.00021124999999999998 1000.0 20000.0 0.3 0 0
-0.47 0.28 0.065 2.2 -3.9633162998156966 -3.9633162998156966 -3.9633162998156966 1.0 0.0 0.0 0.0 -0.5856804029079096 0.17724538509055177 1.2561303378156485 0.21125 0.00021124999999999998 1000.0 20000.0 0.3 0 0
-0.47 0.28 0.13 2.2 -3.9633162998156966 -3.9633162998156966 -3.9633162998156966 1.0 0.0 0.0 0.0 -0.5856804029079096 0.17724538509055177 1.2561303378156485 0.21125 0.00021124999999999998 1000.0 20000.0 0.3 0 0
-0.47 0.34500000000000003 -0.13 2.2 -3.9633162998156966 -3.9633162998156966 -3.9633162998156966 1.0 0.0 0.0 0.0 -0.5856804029079096 0.17724538509055177 1.2561303378156485 0.21125 0.00021124999999999998 1000.0 20000.0 0.3 0 0
-0.47 0.34500000000000003 -0.065 2.2 -3.9633162998156966 -3.9633162998156966 -3.9633162998156966 1.0 0.0 0.0 0.0 -0.5856804029079096 0.17724538509055177 1.2561303378156485 0.21125 0.00021124999999999998 1000.0 20000.0 0.3 0 0
-0.47 0.34500000000000003 0.0 2.2 -3.9633162998156966 -3.9633162998156966 -3.9633162998156966 1.0 0.0 0.0 0.0 -0.5856804029079096 0.17724538509055177 1.2561303378156485 0.21125 0.00021124999999999998 1000.0 20000.0 0.3 0 0
-0.47 0.34500000000000003 0.065 2.2 -3.9633162998156966 -3.9633162998156966 -3.9633162998156966 1.0 0.0 0.0 0.0 -0.5856804029079096 0.17724538509055177 1.2561303378156485 0.21125 0.00021124999999999998 1000.0 20000.0 0.3 0 0
-0.47 0.34500000000000003 0.13 2.2 -3.9633162998156966 -3.9633162998156966 -3.9633162998156966 1.0 0.0 0.0 0.0 -0.5856804029079096 0.17724538509055177 1.2561303378156485 0.21125 0.00021124999999999998 1000.0 20000.0 0.3 0 0
-0.47 0.41000000000000003 -0.13 2.2 -3.9633162998156966 -3.9633162998156966 -3.9633162998156966 1.0 0.0 0.0 0.0 -0.5856804029079096 0.17724538509055177 1.2561303378156485 0.21125 0.00021124999999999998 1000.0 20000.0 0.3 0 0
-0.47 0.41000000000000003 -0.065 2.2 -3.9633162998156966 -3.9633162998156966 -3.9633162998156966 1.0 0.0 0.0 0.0 -0.5856804029079096 0.17724538509055177 1.2561303378156485 0.21125 0.00021124999999999998 1000.0 20000.0 0.3 0 0
-0.47 0.41000000000000003 0.0 2.2 -3.9633162998156966 -3.9633162998156966 -3.9633162998156966 1.0 0.0 0.0 0.0 -0.5856804029079096 0.17724538509055177 1.2561303378156485 0.21125 0.00021124999999999998 1000.0 20000.0 0.3 0 0
-0.47 0.41000000000000003 0.065 2.2 -3.9633162998156966 -3.9633162998156966 -3.9633162998156966 1.0 0.0 0.0 0.0 -0.5856804029079096 0.17724538509055177 1.2561303378156485 0.21125 0.00021124999999999998 1000.0 20000.0 0.3 0 0
-0.47 0.41000000000000003 0.13 2.2 -3.9633162998156966 -3.9633162998156966 -3.9633162998156966 1.0 0.0 0.0 0.0 -0.5856804029079096 0.17724538509055177 1.2561303378156485 0.21125 0.00021124999999999998 1000.0 20000.0 0.3 0 0
-0.42000000000000004 0.15000000000000002 -0.13 2.2 -3.9633162998156966 -3.9633162998156966 -3.9633162998156966 1.0 0.0 0.0 0.0 -0.4854982287262935 0.17724538509055177 1.2021860901793937 0.21125 0.00021124999999999998 1000.0 20000.0 0.3 0 0
-0.42000000000000004 0.15000000000000002 -0.065 2.2 -3.9633162998156966 -3.9633162998156966 -3.9633162998156966 1.0 0.0 0.0 0.0 -0.4854982287262935 0.17724538509055177 1.2021860901793937 0.21125 0.00021124999999999998 1000.0 20000.0 0.3 0 0
-0.42000000000000004 0.15000000000000002 0.0 2.2 -3.9633162998156966 -3.9633162998156966 -3.9633162998156966 1.0 0.0 0.0 0.0 -0.4854982287262935 0.17724538509055177 1.2021860901793937 0.21125 0.00021124999999999998 1000.0 20000.0 0.3 0 0
-0.42000000000000004 0.15000000000000002 0.065 2.2 -3.9633162998156966 -3.9633162998156966 -3.9633162998156966 1.0 0.0 0.0 0.0 -0.4854982287262935 0.17724538509055177 1.2021860901793937 0.21125 0.00021124999999999998 1000.0 20000.0 0.3 0 0
-0.42000000000000004 0.15000000000000002 0.13 2.2 -3.9633162998156966 -3.9633162998156966 -3.9633162998156966 1.0 0.0 0.0 0.0 -0.4854982287262935 0.17724538509055177 1.2021860901793937 0.21125 0.00021124999999999998 1000.0 20000.0 0.3 0 0
-0.42000000000000004 0.21500000000000002 -0.13 2.2 -3.9633162998156966 -3.9633162998156966 -3.9633162998156966 1.0 0.0 0.0 0.0 -0.4854982287262935 0.17724538509055177 1.2021860901793937 0.21125 0.00021124999999999998 1000.0 20000.0 0.3 0 0
-0.42000000000000004 0.21500000000000002 -0.065 2.2 -3.9633162998156966 -3.9633162998156966 -3.9633162998156966 1.0 0.0 0.0 0.0 -0.4854982287262935 0.17724538509055177 1.2021860901793937 0.21125 0.00021124999999999998 1000.0 20000.0 0.3 0 0
-0.42000000000000004 0.21500000000000002 0.0 2.2 -3.9633162998156966 -3.9633162998156966 -3.9633162998156966 1.0 0.0 0.0 0.0 -0.4854982287262935 0.17724538509055177 1.2021860901793937 0.21125 0.00021124999999999998 1000.0 20000.0 0.3 0 0
-0.42000000000000004 0.21500000000000002 0.065 2.2 -3.9633162998156966 -3.9633162998156966 -3.9633162998156966 1.0 0.0 0.0 0.0 -0.4854982287262935 0.17724538509055177 1.2021860901793937 0.21125 0.00021124999999999998 1000.0 20000.0 0.3 0 0
-0.42000000000000004 0.21500000000000002 0.13 2.2 -3.9633162998156966 -3.9633162998156966 -3.9633162998156966 1.0 0.0 0.0 0.0 -0.4854982287262935 0.17724538509055177 1.2021860901793937 0.21125 0.00021124999999999998 1000.0 20000.0 0.3 0 0
-0.42000000000000004 0.28 -0.13 2.2 -3.9633162998156966 -3.9633162998156966 -3.9633162998156966 1.0 0.0 0.0 0.0 -0.4854982287262935 0.17724538509055177 1.2021860901793937 0.21125 0.00021124999999999998 1000.0 20000.0 0.3 0 0
-0.42000000000000004 0.28 -0.065 2.2 -3.9633162998156966 -3.9633162998156966 -3.9633162998156966 1.0 0.0 0.0 0.0 -0.4854982287262935 0.17724538509055177 1.2021860901793937 0.21125 0.00021124999999999998 1000.0 20000.0 0.3 0 0
-0.42000000000000004 0.28 0.0 2.2 -3.9633162998156966 -3.9633162998156966 -3.9633162998156966 1.0 0.0 0.0 0.0 -0.4854982287262935 0.17724538509055177 1.2021860901793937 0.21125 0.00021124999999999998 1000.0 20000.0 0.3 0 0
-0.42000000000000004 0.28 0.065 2.2 -3.9633162998156966 -3.9633162998156966 -3.9633162998156966 1.0 0.0 0.0 0.0 -0.4854982287262935 0.17724538509055177 1.2021860901793937 0.21125 0.00021124999999999998 1000.0 20000.0 0.3 0 0
-0.42000000000000004 0.28 0.13 2.2 -3.9633162998156966 -3.9633162998156966 -3.9633162998156966 1.0 0.0 0.0 0.0 -0.4854982287262935 0.17724538509055177 1.2021860901793937 0.21125 0.00021124999999999998 1000.0 20000.0 0.3 0 0
-0.42000000000000004 0.34500000000000003 -0.13 2.2 -3.9633162998156966 -3.9633162998156966 -3.9633162998156966 1.0 0.0 0.0 0.0 -0.4854982287262935 0.17724538509055177 1.2021860901793937 0.21125 0.00021124999999999998 1000.0 20000.0 0.3 0 0
-0.42000000000000004 0.34500000000000003 -0.065 2.2 -3.9633162998156966 -3.9633162998156966 -3.9633162998156966 1.0 0.0 0.0 0.0 -0.4854982287262935 0.17724538509055177 1.2021860901793937 0.21125 0.00021124999999999998 1000.0 20000.0 0.3 0 0
-0.42000000000000004 0.34500000000000003 0.0 2.2 -3.9633162998156966 -3.9633162998156966 -3.9633162998156966 1.0 0.0 0.0 0.0 -0.4854982287262935 0.17724538509055177 1.2021860901793937 0.21125 0.00021124999999999998 1000.0 20000.0 0.3 0 0
-0.42000000000000004 0.34500000000000003 0.065 2.2 -3.9633162998156966 -3.9633162998156966 -3.9633162998156966 1.0 0.0 0.0 0.0 -0.4854982287262935 0.17724538509055177 1.2021860901793937 0.21125 0.00021124999999999998 1000.0 20000.0 0.3 0 0
-0.42000000000000004 0.34500000000000003 0.13 2.2 -3.9633162998156966 -3.9633162998156966 -3.9633162998156966 1.0 0.0 0.0 0.0 -0.4854982287262935 0.17724538509055177 1.2021860901793937 0.21125 0.00021124999999999998 1000.0 20000.0 0.3 0 0
-0.42000000000000004 0.41000000000000003 -0.13 2.2 -3.9633162998156966 -3.9633162998156966 -3.9633162998156966 1.0 0.0 0.0 0.0 -0.4854982287262935 0.17724538509055177 1.2021860901793937 0.21125 0.00021124999999999998 1000.0 20000.0 0.3 0 0
-0.42000000000000004 0.41000000000000003 -0.065 2.2 -3.9633162998156966 -3.9633162998156966 -3.9633162998156966 1.0 0.0 0.0 0.0 -0.4854982287262935 0.17724538509055177 1.2021860901793937 0.21125 0.00021124999999999998 1000.0 20000.0 0.3 0 0
-0.42000000000000004 0.41000000000000003 0.0 2.2 -3.9633162998156966 -3.9633162998156966 -3.9633162998156966 1.0 0.0 0.0 0.0 -0.4854982287262935 0.17724538509055177 1.2021860901793937 0.21125 0.00021124999999999998 1000.0 20000.0 0.3 0 0
-0.42000000000000004 0.41000000000000003 0.065 2.2 -3.9633162998156966 -3.9633162998156966 -3.9633162998156966 1.0 0.0 0.0 0.0 -0.4854982287262935 0.17724538509055177 1.2021860901793937 0.21125 0.00021124999999999998 1000.0 20000.0 0.3 0 0
-0.42000000000000004 0.41000000000000003 0.13 2.2 -3.9633162998156966 -3.9633162998156966 -3.9633162998156966 1.0 0.0 0.0 0.0 -0.4854982287262935 0.17724538509055177 1.2021860901793937 0.21125 0.00021124999999999998 1000.0 20000.0 0.3 0 0
-0.37 0.15000000000000002 -0.13 2.2 -3.9633162998156966 -3.9633162998156966 -3.9633162998156966 1.0 0.0 0.0 0.0 -0.38531605454467754 0.17724538509055177 1.1482418425431387 0.21125 0.00021124999999999998 1000.0 20000.0 0.3 0 0
-0.37 0.15000000000000002 -0.065 2.2 -3.9633162998156966 -3.9633162998156966 -3.9633162998156966 1.0 0.0 0.0 0.0 -0.38531605454467754 0.17724538509055177 1.1482418425431387 0.21125 0.00021124999999999998 1000.0 20000.0 0.3 0 0
-0.37 0.15000000000000002 0.0 2.2 -3.9633162998156966 -3.9633162998156966 -3.9633162998156966 1.0 0.0 0.0 0.0 -0.38531605454467754 0.17724538509055177 1.1482418425431387 0.21125 0.00021124999999999998 1000.0 20000.0 0.3 0 0
-0.37 0.15000000000000002 0.065 2.2 -3.9633162998156966 -3.9633162998156966 -3.9633162998156966 1.0 0.0 0.0 0.0 -0.38531605454467754 0.17724538509055177 1.1482418425431387 0.21125 0.00021124999999999998 1000.0 20000.0 0.3 0 0
-0.37 0.15000000000000002 0.13 2.2 -3.9633162998156966 -3.9633162998156966 -3.9633162998156966 1.0 0.0 0.0 0.0 -0.38531605454467754 0.17724538509055177 1.1482418425431387 0.21125 0.00021124999999999998 1000.0 20000.0 0.3 0 0
-0.37 0.21500000000000002 -0.13 2.2 -3.9633162998156966 -3.9633162998156966 -3.9633162998156966 1.0 0.0 0.0 0.0 -0.38531605454467754 0.17724538509055177 1.1482418425431387 0.21125 0.00021124999999999998 1000.0 20000.0 0.3 0 0
-0.37 0.21500000000000002 -0.065 2.2 -3.9633162998156966 -3.9633162998156966 -3.9633162998156966 1.0 0.0 0.0 0.0 -0.38531605454467754 0.17724538509055177 1.1482418425431387 0.21125 0.00021124999999999998 1000.0 20000.0 0.3 0 0
-0.37 0.21500000000000002 0.0 2.2 -3.9633162998156966 -3.9633162998156966 -3.9633162998156966 1.0 0.0 0.0 0.0 -0.38531605454467754 0.17724538509055177 1.1482418425431387 0.21125 0.00021124999999999998 1000.0 20000.0 0.3 0 0
-0.37 0.21500000000000002 0.065 2.2 -3.9633162998156966 -3.9633162998156966 -3.9633162998156966 1.0 0.0 0.0 0.0 -0.38531605454467754 0.17724538509055177 1.1482418425431387 0.21125 0.00021124999999999998 1000.0 20000.0 0.3 0 0
-0.37 0.21500000000000002 0.13 2.2 -3.9633162998156966 -3.9633162998156966 -3.9633162998156966 1.0 0.0 0.0 0.0 -0.38531605454467754 0.17724538509055177 1.1482418425431387 0.21125 0.00021124999999999998 1000.0 20000.0 0.3 0 0
-0.37 0.28 -0.13 2.2 -3.9633162998156966 -3.9633162998156966 -3.9633162998156966 1.0 0.0 0.0 0.0 -0.38531605454467754 0.17724538509055177 1.1482418425431387 0.21125 0.00021124999999999998 1000.0 20000.0 0.3 0 0
-0.37 0.28 -0.065 2.2 -3.9633162998156966 -3.9633162998156966 -3.9633162998156966 1.0 0.0 0.0 0.0 -0.38531605454467754 0.17724538509055177 1.1482418425431387 0.21125 0.00021124999999999998 1000.0 20000.0 0.3 0 0
-0.37 0.28 0.0 2.2 -3.9633162998156966 -3.9633162998156966 -3.9633162998156966 1.0 0.0 0.0 0.0 -0.38531605454467754 0.17724538509055177 1.1482418425431387 0.21125 0.00021124999999999998 1000.0 20000.0 0.3 0 0
-0.37 0.28 0.065 2.2 -3.9633162998156966 -3.9633162998156966 -3.9633162998156966 1.0 0.0 0.0 0.0 -0.38531605454467754 0.17724538509055177 1.1482418425431387 0.21125 0.00021124999999999998 1000.0 20000.0 0.3 0 0
-0.37 0.28 0.13 2.2 -3.9633162998156966 -3.9633162998156966 -3.9633162998156966 1.0 0.0 0.0 0.0 -0.38531605454467754 0.17724538509055177 1.1482418425431387 0.21125 0.00021124999999999998 1000.0 20000.0 0.3 0 0
-0.37 0.34500000000000003 -0.13 2.2 -3.9633162998156966 -3.9633162998156966 -3.9633162998156966 1.0 0.0 0.0 0.0 -0.38531605454467754 0.17724538509055177 1.1482418425431387 0.21125 0.00021124999999999998 1000.0 20000.0 0.3 0 0
-0.37 0.34500000000000003 -0.065 2.2 -3.9633162998156966 -3.9633162998156966 -3.9633162998156966 1.0 0.0 0.0 0.0 -0.38531605454467754 0.17724538509055177 1.1482418425431387 0.21125 0.00021124999999999998 1000.0 20000.0 0.3 0 0
-0.37 0.34500000000000003 0.0 2.2 -3.9633162998156966 -3.9633162998156966 -3.9633162998156966 1.0 0.0 0.0 0.0 -0.38531605454467754 0.17724538509055177 1.1482418425431387 0.21125 0.00021124999999999998 1000.0 20000.0 0.3 0 0
-0.37 0.34500000000000003 0.065 2.2 -3.9633162998156966 -3.9633162998156966 -3.9633162998156966 1.0 0.0 0.0 0.0 -0.38531605454467754 0.17724538509055177 1.1482418425431387 0.21125 0.00021124999999999998 1000.0 20000.0 0.3 0 0
-0.37 0.34500000000000003 0.13 2.2 -3.9633162998156966 -3.9633162998156966 -3.9633162998156966 1.0 0.0 0.0 0.0 -0.38531605454467754 0.17724538509055177 1.1482418425431387 0.21125 0.00021124999999999998 1000.0 20000.0 0.3 0 0
-0.37 0.41000000000000003 -0.13 2.2 -3.9633162998156966 -3.9633162998156966 -3.9633162998156966 1.0 0.0 0.0 0.0 -0.38531605454467754 0.17724538509055177 1.1482418425431387 0.21125 0.00021124999999999998 1000.0 20000.0 0.3 0 0
-0.37 0.41000000000000003 -0.065 2.2 -3.9633162998156966 -3.9633162998156966 -3.9633162998156966 1.0 0.0 0.0 0.0 -0.38531605454467754 0.17724538509055177 1.1482418425431387 0.21125 0.00021124999999999998 1000.0 20000.0 0.3 0 0
-0.37 0.41000000000000003 0.0 2.2 -3.9633162998156966 -3.9633162998156966 -3.9633162998156966 1.0 0.0 0.0 0.0 -0.38531605454467754 0.17724538509055177 1.1482418425431387 0.21125 0.00021124999999999998 1000.0 20000.0 0.3 0 0
-0.37 0.41000000000000003 0.065 2.2 -3.9633162998156966 -3.9633162998156966 -3.9633162998156966 1.0 0.0 0.0 0.0 -0.38531605454467754 0.17724538509055177 1.1482418425431387 0.21125 0.00021124999999999998 1000.0 20000.0 0.3 0 0
-0.37 0.41000000000000003 0.13 2.2 -3.9633162998156966 -3.9633162998156966 -3.9633162998156966 1.0 0.0 0.0 0.0 -0.38531605454467754 0.17724538509055177 1.1482418425431387 0.21125 0.00021124999999999998 1000.0 20000.0 0.3 0 0
-0.32 0.15000000000000002 -0.13 2.2 -3.9633162998156966 -3.9633162998156966 -3.9633162998156966 1.0 0.0 0.0 0.0 -0.2851338803630612 0.17724538509055177 1.0942975949068838 0.21125 0.00021124999999999998 1000.0 20000.0 0.3 0 0
-0.32 0.15000000000000002 -0.065 2.2 -3.9633162998156966 -3.9633162998156966 -3.9633162998156966 1.0 0.0 0.0 0.0 -0.2851338803630612 0.17724538509055177 1.0942975949068838 0.21125 0.00021124999999999998 1000.0 20000.0 0.3 0 0
-0.32 0.15000000000000002 0.0 2.2 -3.9633162998156966 -3.9633162998156966 -3.9633162998156966 1.0 0.0 0.0 0.0 -0.2851338803630612 0.17724538509055177 1.0942975949068838 0.21125 0.00021124999999999998 1000.0 20000.0 0.3 0 0
-0.32 0.15000000000000002 0.065 2.2 -3.9633162998156966 -3.9633162998156966 -3.9633162998156966 1.0 0.0 0.0 0.0 -0.2851338803630612 0.17724538509055177 1.0942975949068838 0.21125 0.00021124999999999998 1000.0 20000.0 0.3 0 0
-0.32 0.15000000000000002 0.13 2.2 -3.9633162998156966 -3.9633162998156966 -3.9633162998156966 1.0 0.0 0.0 0.0 -0.2851338803630612 0.17724538509055177 1.0942975949068838 0.21125 0.00021124999999999998 1000.0 20000.0 0.3 0 0
-0.32 0.21500000000000002 -0.13 2.2 -3.9633162998156966 -3.9633162998156966 -3.9633162998156966 1.0 0.0 0.0 0.0 -0.2851338803630612 0.17724538509055177 1.0942975949068838 0.21125 0.00021124999999999998 1000.0 20000.0 0.3 0 0
-0.32 0.21500000000000002 -0.065 2.2 -3.9633162998156966 -3.9633162998156966 -3.9633162998156966 1.0 0.0 0.0 0.0 -0.2851338803630612 0.17724538509055177 1.0942975949068838 0.21125 0.00021124999999999998 1000.0 20000.0 0.3 0 0
-0.32 0.21500000000000002 0.0 2.2 -3.9633162998156966 -3.9633162998156966 -3.9633162998156966 1.0 0.0 0.0 0.0 -0.2851338803630612 0.17724538509055177 1.0942975949068838 0.21125 0.00021124999999999998 1000.0 20000.0 0.3 0 0
-0.32 0.21500000000000002 0.065 2.2 -3.9633162998156966 -3.9633162998156966 -3.9633162998156966 1.0 0.0 0.0 0.0 -0.2851338803630612 0.17724538509055177 1.0942975949068838 0.21125 0.00021124999999999998 1000.0 20000.0 0.3 0 0
-0.32 0.21500000000000002 0.13 2.2 -3.9633162998156966 -3.9633162998156966 -3.9633162998156966 1.0 0.0 0.0 0.0 -0.2851338803630612 0.17724538509055177 1.0942975949068838 0.21125 0.00021124999999999998 1000.0 20000.0 0.3 0 0
-0.32 0.28 -0.13 2.2 -3.9633162998156966 -3.9633162998156966 -3.9633162998156966 1.0 0.0 0.0 0.0 -0.2851338803630612 0.17724538509055177 1.0942975949068838 0.21125 0.00021124999999999998 1000.0 20000.0 0.3 0 0
-0.32 0.28 -0.065 2.2 -3.9633162998156966 -3.9633162998156966 -3.9633162998156966 1.0 0.0 0.0 0.0 -0.2851338803630612 0.17724538509055177 1.0942975949068838 0.21125 0.00021124999999999998 1000.0 20000.0 0.3 0 0
-0.32 0.28 0.0 2.2 -3.9633162998156966 -3.9633162998156966 -3.9633162998156966 1.0 0.0 0.0 0.0 -0.2851338803630612 0.17724538509055177 1.0942975949068838 0.21125 0.00021124999999999998 1000.0 20000.0 0.3 0 0
-0.32 0.28 0.065 2.2 -3.9633162998156966 -3.9633162998156966 -3.9633162998156966 1.0 0.0 0.0 0.0 -0.2851338803630612 0.17724538509055177 1.0942975949068838 0.21125 0.00021124999999999998 1000.0 20000.0 0.3 0 0
-0.32 0.28 0.13 2.2 -3.9633162998156966 -3.9633162998156966 -3.9633162998156966 1.0 0.0 0.0 0.0 -0.2851338803630612 0.17724538509055177 1.0942975949068838 0.21125 0.00021124999999999998 1000.0 20000.0 0.3 0 0
-0.32 0.34500000000000003 -0.13 2.2 -3.9633162998156966 -3.9633162998156966 -3.9633162998156966 1.0 0.0 0.0 0.0 -0.2851338803630612 0.17724538509055177 1.0942975949068838 0.21125 0.00021124999999999998 1000.0 20000.0 0.3 0 0
-0.32 0.34500000000000003 -0.065 2.2 -3.9633162998156966 -3.9633162998156966 -3.9633162998156966 1.0 0.0 0.0 0.0 -0.2851338803630612 0.17724538509055177 1.0942975949068838 0.21125 0.00021124999999999998 1000.0 20000.0 0.3 0 0
-0.32 0.34500000000000003 0.0 2.2 -3.9633162998156966 -3.9633162998156966 -3.9633162998156966 1.0 0.0 0.0 0.0 -0.2851338803630612 0.17724538509055177 1.0942975949068838 0.21125 0.00021124999999999998 1000.0 20000.0 0.3 0 0
-0.32 0.34500000000000003 0.065 2.2 -3.9633162998156966 -3.9633162998156966 -3.9633162998156966 1.0 0.0 0.0 0.0 -0.2851338803630612 0.17724538509055177 1.0942975949068838 0.21125 0.00021124999999999998 1000.0 20000.0 0.3 0 0
-0.32 0.34500000000000003 0.13 2.2 -3.9633162998156966 -3.9633162998156966 -3.9633162998156966 1.0 0.0 0.0 0.0 -0.2851338803630612 0.17724538509055177 1.0942975949068838 0.21125 0.00021124999999999998 1000.0 20000.0 0.3 0 0
-0.32 0.41000000000000003 -0.13 2.2 -3.9633162998156966 -3.9633162998156966 -3.9633162998156966 1.0 0.0 0.0 0.0 -0.2851338803630612 0.17724538509055177 1.0942975949068838 0.21125 0.00021124999999999998 1000.0 20000.0 0.3 0 0
-0.32 0.41000000000000003 -0.065 2.2 -3.9633162998156966 -3.9633162998156966 -3.9633162998156966 1.0 0.0 0.0 0.0 -0.2851338803630612 0.17724538509055177 1.0942975949068838 0.21125 0.00021124999999999998 1000.0 20000.0 0.3 0 0
-0.32 0.41000000000000003 0.0 2.2 -3.9633162998156966 -3.9633162998156966 -3.9633162998156966 1.0 0.0 0.0 0.0 -0.2851338803630612 0.17724538509055177 1.0942975949068838 0.21125 0.00021124999999999998 1000.0 20000.0 0.3 0 0
-0.32 0.41000000000000003 0.065 2.2 -3.9633162998156966 -3.9633162998156966 -3.9633162998156966 1.0 0.0 0.0 0.0 -0.2851338803630612 0.17724538509055177 1.0942975949068838 0.21125 0.00021124999999999998 1000.0 20000.0 0.3 0 0
-0.32 0.41000000000000003 0.13 2.2 -3.9633162998156966 -3.9633162998156966 -3.9633162998156966 1.0 0.0 0.0 0.0 -0.2851338803630612 0.17724538509055177 1.0942975949068838 0.21125 0.00021124999999999998 1000.0 20000.0 0.3 0 0
-0.27 0.15000000000000002 -0.13 2.2 -3.9633162998156966 -3.9633162998156966 -3.9633162998156966 1.0 0.0 0.0 0.0 -0.18495170618144527 0.17724538509055177 1.0403533472706292 0.21125 0.00021124999999999998 1000.0 20000.0 0.3 0 0
-0.27 0.15000000000000002 -0.065 2.2 -3.9633162998156966 -3.9633162998156966 -3.9633162998156966 1.0 0.0 0.0 0.0 -0.18495170618144527 0.17724538509055177 1.0403533472706292 0.21125 0.00021124999999999998 1000.0 20000.0 0.3 0 0
-0.27 0.15000000000000002 0.0 2.2 -3.9633162998156966 -3.9633162998156966 -3.9633162998156966 1.0 0.0 0.0 0.0 -0.18495170618144527 0.17724538509055177 1.0403533472706292 0.21125 0.00021124999999999998 1000.0 20000.0 0.3 0 0
-0.27 0.15000000000000002 0.065 2.2 -3.9633162998156966 -3.9633162998156966 -3.9633162998156966 1.0 0.0 0.0 0.0 -0.18495170618144527 0.17724538509055177 1.0403533472706292 0.21125 0.00021124999999999998 1000.0 20000.0 0.3 0 0
-0.27 0.15000000000000002 0.13 2.2 -3.9633162998156966 -3.9633162998156966 -3.9633162998156966 1.0 0.0 0.0 0.0 -0.18495170618144527 0.17724538509055177 1.0403533472706292 0.21125 0.00021124999999999998 1000.0 20000.0 0.3 0 0
-0.27 0.21500000000000002 -0.13 2.2 -3.9633162998156966 -3.9633162998156966 -3.9633162998156966 1.0 0.0 0.0 0.0 -0.18495170618144527 0.17724538509055177 1.0403533472706292 0.21125 0.00021124999999999998 1000.0 20000.0 0.3 0 0
-0.27 0.21500000000000002 -0.065 2.2 -3.9633162998156966 -3.9633162998156966 -3.9633162998156966 1.0 0.0 0.0 0.0 -0.18495170618144527 0.17724538509055177 1.0403533472706292 0.21125 0.00021124999999999998 1000.0 20000.0 0.3 0 0
-0.27 0.21500000000000002 0.0 2.2 -3.9633162998156966 -3.9633162998156966 -3.9633162998156966 1.0 0.0 0.0 0.0 -0.18495170618144527 0.17724538509055177 1.0403533472706292 0.21125 0.00021124999999999998 1000.0 20000.0 0.3 0 0
-0.27 0.21500000000000002 0.065 2.2 -3.9633162998156966 -3.9633162998156966 -3.9633162998156966 1.0 0.0 0.0 0.0 -0.18495170618144527 0.17724538509055177 1.0403533472706292 0.21125 0.00021124999999999998 1000.0 20000.0 0.3 0 0
-0.27 0.21500000000000002 0.13 2.2 -3.9633162998156966 -3.9633162998156966 -3.9633162998156966 1.0 0.0 0.0 0.0 -0.18495170618144527 0.17724538509055177 1.0403533472706292 0.21125 0.00021124999999999998 1000.0 20000.0 0.3 0 0
-0.27 0.28 -0.13 2.2 -3.9633162998156966 -3.9633162998156966 -3.9633162998156966 1.0 0.0 0.0 0.0 -0.18495170618144527 0.17724538509055177 1.0403533472706292 0.21125 0.00021124999999999998 1000.0 20000.0 0.3 0 0
-0.27 0.28 -0.065 2.2 -3.9633162998156966 -3.9633162998156966 -3.9633162998156966 1.0 0.0 0.0 0.0 -0.18495170618144527 0.17724538509055177 1.0403533472706292 0.21125 0.00021124999999999998 1000.0 20000.0 0.3 0 0
-0.27 0.28 0.0 2.2 -3.9633162998156966 -3.9633162998156966 -3.9633162998156966 1.0 0.0 0.0 0.0 -0.18495170618144527 0.17724538509055177 1.0403533472706292 0.21125 0.00021124999999999998 1000.0 20000.0 0.3 0 0
-0.27 0.28 0.065 2.2 -3.9633162998156966 -3.9633162998156966 -3.9633162998156966 1.0 0.0 0.0 0.0 -0.18495170618144527 0.17724538509055177 1.0403533472706292 0.21125 0.00021124999999999998 1000.0 20000.0 0.3 0 0
-0.27 0.28 0.13 2.2 -3.9633162998156966 -3.9633162998156966 -3.9633162998156966 1.0 0.0 0.0 0.0 -0.18495170618144527 0.17724538509055177 1.0403533472706292 0.21125 0.00021124999999999998 1000.0 20000.0 0.3 0 0
-0.27 0.34500000000000003 -0.13 2.2 -3.9633162998156966 -3.9633162998156966 -3.9633162998156966 1.0 0.0 0.0 0.0 -0.18495170618144527 0.17724538509055177 1.0403533472706292 0.21125 0.00021124999999999998 1000.0 20000.0 0.3 0 0
-0.27 0.34500000000000003 -0.065 2.2 -3.9633162998156966 -3.9633162998156966 -3.9633162998156966 1.0 0.0 0.0 0.0 -0.18495170618144527 0.17724538509055177 1.0403533472706292 0.21125 0.00021124999999999998 1000.0 20000.0 0.3 0 0
-0.27 0.34500000000000003 0.0 2.2 -3.9633162998156966 -3.9633162998156966 -3.9633162998156966 1.0 0.0 0.0 0.0 -0.18495170618144527 0.17724538509055177 1.0403533472706292 0.21125 0.00021124999999999998 1000.0 20000.0 0.3 0 0
-0.27 0.34500000000000003 0.065 2.2 -3.9633162998156966 -3.9633162998156966 -3.9633162998156966 1.0 0.0 0.0 0.0 -0.18495170618144527 0.17724538509055177 1.0403533472706292 0.21125 0.00021124999999999998 1000.0 20000.0 0.3 0 0
-0.27 0.34500000000000003 0.13 2.2 -3.9633162998156966 -3.9633162998156966 -3.9633162998156966 1.0 0.0 0.0 0.0 -0.18495170618144527 0.17724538509055177 1.0403533472706292 0.21125 0.00021124999999999998 1000.0 20000.0 0.3 0 0
-0.27 0.41000000000000003 -0.13 2.2 -3.9633162998156966 -3.9633162998156966 -3.9633162998156966 1.0 0.0 0.0 0.0 -0.18495170618144527 0.17724538509055177 1.0403533472706292 0.21125 0.00021124999999999998 1000.0 20000.0 0.3 0 0
-0.27 0.41000000000000003 -0.065 2.2 -3.9633162998156966 -3.9633162998156966 -3.9633162998156966 1.0 0.0 0.0 0.0 -0.18495170618144527 0.17724538509055177 1.0403533472706292 0.21125 0.00021124999999999998 1000.0 20000.0 0.3 0 0
-0.27 0.41000000000000003 0.0 2.2 -3.9633162998156966 -3.9633162998156966 -3.9633162998156966 1.0 0.0 0.0 0.0 -0.18495170618144527 0.17724538509055177 1.0403533472706292 0.21125 0.00021124999999999998 1000.0 20000.0 0.3 0 0
-0.27 0.41000000000000003 0.065 2.2 -3.9633162998156966 -3.9633162998156966 -3.9633162998156966 1.0 0.0 0.0 0.0 -0.18495170618144527 0.17724538509055177 1.0403533472706292 0.21125 0.00021124999999999998 1000.0 20000.0 0.3 0 0
-0.27 0.41000000000000003 0.13 2.2 -3.9633162998156966 -3.9633162998156966 -3.9633162998156966 1.0 0.0 0.0 0.0 -0.18495170618144527 0.17724538509055177 1.0403533472706292 0.21125 0.00021124999999999998 1000.0 20000.0 0.3 0 0
-0.22000000000000003 0.15000000000000002 -0.13 2.2 -3.9633162998156966 -3.9633162998156966 -3.9633162998156966 1.0 0.0 0.0 0.0 -0.08476953199982894 0.17724538509055177 0.9864090996343744 0.21125 0.00021124999999999998 1000.0 20000.0 0.3 0 0
-0.22000000000000003 0.15000000000000002 -0.065 2.2 -3.9633162998156966 -3.9633162998156966 -3.9633162998156966 1.0 0.0 0.0 0.0 -0.08476953199982894 0.17724538509055177 0.9864090996343744 0.21125 0.00021124999999999998 1000.0 20000.0 0.3 0 0
-0.22000000000000003 0.15000000000000002 0.0 2.2 -3.9633162998156966 -3.9633162998156966 -3.9633162998156966 1.0 0.0 0.0 0.0 -0.08476953199982894 0.17724538509055177 0.9864090996343744 0.21125 0.00021124999999999998 1000.0 20000.0 0.3 0 0
-0.22000000000000003 0.15000000000000002 0.065 2.2 -3.9633162998156966 -3.9633162998156966 -3.9633162998156966 1.0 0.0 0.0 0.0 -0.08476953199982894 0.17724538509055177 0.9864090996343744 0.21125 0.00021124999999999998 1000.0 20000.0 0.3 0 0
-0.22000000000000003 0.15000000000000002 0.13 2.2 -3.9633162998156966 -3.9633162998156966 -3.9633162998156966 1.0 0.0 0.0 0.0 -0.08476953199982894 0.17724538509055177 0.9864090996343744 0.21125 0.00021124999999999998 1000.0 20000.0 0.3 0 0
-0.22000000000000003 0.21500000000000002 -0.13 2.2 -3.9633162998156966 -3.9633162998156966 -3.9633162998156966 1.0 0.0 0.0 0.0 -0.08476953199982894 0.17724538509055177 0.9864090996343744 0.21125 0.00021124999999999998 1000.0 20000.0 0.3 0 0
-0.22000000000000003 0.21500000000000002 -0.065 2.2 -3.9633162998156966 -3.9633162998156966 -3.9633162998156966 1.0 0.0 0.0 0.0 -0.08476953199982894 0.17724538509055177 0.9864090996343744 0.21125 0.00021124999999999998 1000.0 20000.0 0.3 0 0
-0.22000000000000003 0.21500000000000002 0.0 2.2 -3.9633162998156966 -3.9633162998156966 -3.9633162998156966 1.0 0.0 0.0 0.0 -0.08476953199982894 0.17724538509055177 0.9864090996343744 0.21125 0.00021124999999999998 1000.0 20000.0 0.3 0 0
-0.22000000000000003 0.21500000000000002 0.065 2.2 -3.9633162998156966 -3.9633162998156966 -3.9633162998156966 1.0 0.0 0.0 0.0 -0.08476953199982894 0.17724538509055177 0.9864090996343744 0.21125 0.00021124999999999998 1000.0 20000.0 0.3 0 0
-0.22000000000000003 0.21500000000000002 0.13 2.2 -3.9633162998156966 -3.9633162998156966 -3.9633162998156966 1.0 0.0 0.0 0.0 -0.08476953199982894 0.17724538509055177 0.9864090996343744 0.21125 0.00021124999999999998 1000.0 20000.0 0.3 0 0
-0.22000000000000003 0.28 -0.13 2.2 -3.9633162998156966 -3.9633162998156966 -3.9633162998156966 1.0 0.0 0.0 0.0 -0.08476953199982894 0.17724538509055177 0.9864090996343744 0.21125 0.00021124999999999998 1000.0 20000.0 0.3 0 0
-0.22000000000000003 0.28 -0.065 2.2 -3.9633162998156966 -3.9633162998156966 -3.9633162998156966 1.0 0.0 0.0 0.0 -0.08476953199982894 0.17724538509055177 0.9864090996343744 0.21125 0.00021124999999999998 1000.0 20000.0 0.3 0 0
-0.22000000000000003 0.28 0.0 2.2 -3.9633162998156966 -3.9633162998156966 -3.9633162998156966 1.0 0.0 0.0 0.0 -0.08476953199982894 0.17724538509055177 0.9864090996343744 0.21125 0.00021124999999999998 1000.0 20000.0 0.3 0 0
-0.22000000000000003 0.28 0.065 2.2 -3.9633162998156966 -3.9633162998156966 -3.9633162998156966 1.0 0.0 0.0 0.0 -0.08476953199982894 0.17724538509055177 0.9864090996343744 0.21125 0.00021124999999999998 1000.0 20000.0 0.3 0 0
-0.22000000000000003 0.28 0.13 2.2 -3.9633162998156966 -3.9633162998156966 -3.9633162998156966 1.0 0.0 0.0 0.0 -0.08476953199982894 0.17724538509055177 0.9864090996343744 0.21125 0.00021124999999999998 1000.0 20000.0 0.3 0 0
-0.22000000000000003 0.34500000000000003 -0.13 2.2 -3.9633162998156966 -3.9633162998156966 -3.9633162998156966 1.0 0.0 0.0 0.0 -0.08476953199982894 0.17724538509055177 0.9864090996343744 0.21125 0.00021124999999999998 1000.0 20000.0 0.3 0 0
-0.22000000000000003 0.34500000000000003 -0.065 2.2 -3.9633162998156966 -3.9633162998156966 -3.9633162998156966 1.0 0.0 0.0 0.0 -0.08476953199982894 0.17724538509055177 0.9864090996343744 0.21125 0.00021124999999999998 1000.0 20000.0 0.3 0 0
-0.22000000000000003 0.34500000000000003 0.0 2.2 -3.9633162998156966 -3.9633162998156966 -3.9633162998156966 1.0 0.0 0.0 0.0 -0.08476953199982894 0.17724538509055177 0.9864090996343744 0.21125 0.00021124999999999998 1000.0 20000.0 0.3 0 0
-0.22000000000000003 0.34500000000000003 0.065 2.2 -3.9633162998156966 -3.9633162998156966 -3.9633162998156966 1.0 0.0 0.0 0.0 -0.08476953199982894 0.17724538509055177 0.9864090996343744 0.21125 0.00021124999999999998 1000.0 20000.0 0.3 0 0
-0.22000000000000003 0.34500000000000003 0.13 2.2 -3.9633162998156966 -3.9633162998156966 -3.9633162998156966 1.0 0.0 0.0 0.0 -0.08476953199982894 0.17724538509055177 0.9864090996343744 0.21125 0.00021124999999999998 1000.0 20000.0 0.3 0 0
-0.22000000000000003 0.41000000000000003 -0.13 2.2 -3.9633162998156966 -3.9633162998156966 -3.9633162998156966 1.0 0.0 0.0 0.0 -0.08476953199982894 0.17724538509055177 0.9864090996343744 0.21125 0.00021124999999999998 1000.0 20000.0 0.3 0 0
-0.22000000000000003 0.41000000000000003 -0.065 2.2 -3.9633162998156966 -3.9633162998156966 -3.9633162998156966 1.0 0.0 0.0 0.0 -0.08476953199982894 0.17724538509055177 0.9864090996343744 0.21125 0.00021124999999999998 1000.0 20000.0 0.3 0 0
-0.22000000000000003 0.41000000000000003 0.0 2.2 -3.9633162998156966 -3.9633162998156966 -3.9633162998156966 1.0 0.0 0.0 0.0 -0.08476953199982894 0.17724538509055177 0.9864090996343744 0.21125 0.00021124999999999998 1000.0 20000.0 0.3 0 0
-0.22000000000000003 0.41000000000000003 0.065 2.2 -3.9633162998156966 -3.9633162998156966 -3.9633162998156966 1.0 0.0 0.0 0.0 -0.08476953199982894 0.17724538509055177 0.9864090996343744 0.21125 0.00021124999999999998 1000.0 20000.0 0.3 0 0
-0.22000000000000003 0.41000000000000003 0.13 2.2 -3.9633162998156966 -3.9633162998156966 -3.9633162998156966 1.0 0.0 0.0 0.0 -0.08476953199982894 0.17724538509055177 0.9864090996343744 0.21125 0.00021124999999999998 1000.0 20000.0 0.3 0 0
-0.17000000000000004 0.15000000000000002 -0.13 2.2 -3.9633162998156966 -3.9633162998156966 -3.9633162998156966 1.0 0.0 0.0 0.0 0.015412642181787006 0.17724538509055177 0.9324648519981195 0.21125 0.00021124999999999998 1000.0 20000.0 0.3 0 0
-0.17000000000000004 0.15000000000000002 -0.065 2.2 -3.9633162998156966 -3.9633162998156966 -3.9633162998156966 1.0 0.0 0.0 0.0 0.015412642181787006 0.17724538509055177 0.9324648519981195 0.21125 0.00021124999999999998 1000.0 20000.0 0.3 0 0
-0.17000000000000004 0.15000000000000002 0.0 2.2 -3.9633162998156966 -3.9633162998156966 -3.9633162998156966 1.0 0.0 0.0 0.0 0.015412642181787006 0.17724538509055177 0.9324648519981195 0.21125 0.00021124999999999998 1000.0 20000.0 0.3 0 0
-0.17000000000000004 0.15000000000000002 0.065 2.2 -3.9633162998156966 -3.9633162998156966 -3.9633162998156966 1.0 0.0 0.0 0.0 0.015412642181787006 0.17724538509055177 0.9324648519981195 0.21125 0.00021124999999999998 1000.0 20000.0 0.3 0 0
-0.17000000000000004 0.15000000000000002 0.13 2.2 -3.9633162998156966 -3.9633162998156966 -3.9633162998156966 1.0 0.0 0.0 0.0 0.015412642181787006 0.17724538509055177 0.9324648519981195 0.21125 0.00021124999999999998 1000.0 20000.0 0.3 0 0
-0.17000000000000004 0.21500000000000002 -0.13 2.2 -3.9633162998156966 -3.9633162998156966 -3.9633162998156966 1.0 0.0 0.0 0.0 0.015412642181787006 0.17724538509055177 0.9324648519981195 0.21125 0.00021124999999999998 1000.0 20000.0 0.3 0 0
-0.17000000000000004 0.21500000000000002 -0.065 2.2 -3.9633162998156966 -3.9633162998156966 -3.9633162998156966 1.0 0.0 0.0 0.0 0.015412642181787006 0.17724538509055177 0.9324648519981195 0.21125 0.00021124999999999998 1000.0 20000.0 0.3 0 0
-0.17000000000000004 0.21500000000000002 0.0 2.2 -3.9633162998156966 -3.9633162998156966 -3.9633162998156966 1.0 0.0 0.0 0.0 0.015412642181787006 0.17724538509055177 0.9324648519981195 0.21125 0.00021124999999999998 1000.0 20000.0 0.3 0 0
-0.17000000000000004 0.21500000000000002 0.065 2.2 -3.9633162998156966 -3.9633162998156966 -3.9633162998156966 1.0 0.0 0.0 0.0 0.015412642181787006 0.17724538509055177 0.9324648519981195 0.21125 0.00021124999999999998 1000.0 20000.0 0.3 0 0
-0.17000000000000004 0.21500000000000002 0.13 2.2 -3.9633162998156966 -3.9633162998156966 -3.9633162998156966 1.0 0.0 0.0 0.0 0.015412642181787006 0.17724538509055177 0.9324648519981195 0.21125 0.00021124999999999998 1000.0 20000.0 0.3 0 0
-0.17000000000000004 0.28 -0.13 2.2 -3.9633162998156966 -3.9633162998156966 -3.9633162998156966 1.0 0.0 0.0 0.0 0.015412642181787006 0.17724538509055177 0.9324648519981195 0.21125 0.00021124999999999998 1000.0 20000.0 0.3 0 0
-0.17000000000000004 0.28 -0.065 2.2 -3.9633162998156966 -3.9633162998156966 -3.9633162998156966 1.0 0.0 0.0 0.0 0.015412642181787006 0.17724538509055177 0.9324648519981195 0.21125 0.00021124999999999998 1000.0 20000.0 0.3 0 0
-0.17000000000000004 0.28 0.0 2.2 -3.9633162998156966 -3.9633162998156966 -3.9633162998156966 1.0 0.0 0.0 0.0 0.015412642181787006 0.17724538509055177 0.9324648519981195 0.21125 0.00021124999999999998 1000.0 20000.0 0.3 0 0
-0.17000000000000004 0.28 0.065 2.2 -3.9633162998156966 -3.9633162998156966 -3.9633162998156966 1.0 0.0 0.0 0.0 0.015412642181787006 0.17724538509055177 0.9324648519981195 0.21125 0.00021124999999999998 1000.0 20000.0 0.3 0 0
-0.17000000000000004 0.28 0.13 2.2 -3.9633162998156966 -3.9633162998156966 -3.9633162998156966 1.0 0.0 0.0 0.0 0.015412642181787006 0.17724538509055177 0.9324648519981195 0.21125 0.00021124999999999998 1000.0 20000.0 0.3 0 0
-0.17000000000000004 0.34500000000000003 -0.13 2.2 -3.9633162998156966 -3.9633162998156966 -3.9633162998156966 1.0 0.0 0.0 0.0 0.015412642181787006 0.17724538509055177 0.9324648519981195 0.21125 0.00021124999999999998 1000.0 20000.0 0.3 0 0
-0.17000000000000004 0.34500000000000003 -0.065 2.2 -3.9633162998156966 -3.9633162998156966 -3.9633162998156966 1.0 0.0 0.0 0.0 0.015412642181787006 0.17724538509055177 0.9324648519981195 0.21125 0.00021124999999999998 1000.0 20000.0 0.3 0 0
-0.17000000000000004 0.34500000000000003 0.0 2.2 -3.9633162998156966 -3.9633162998156966 -3.9633162998156966 1.0 0.0 0.0 0.0 0.015412642181787006 0.17724538509055177 0.9324648519981195 0.21125 0.00021124999999999998 1000.0 20000.0 0.3 0 0
-0.17000000000000004 0.34500000000000003 0.065 2.2 -3.9633162998156966 -3.9633162998156966 -3.9633162998156966 1.0 0.0 0.0 0.0 0.015412642181787006 0.17724538509055177 0.9324648519981195 0.21125 0.00021124999999999998 1000.0 20000.0 0.3 0 0
-0.17000000000000004 0.34500000000000003 0.13 2.2 -3.9633162998156966 -3.9633162998156966 -3.9633162998156966 1.0 0.0 0.0 0.0 0.015412642181787006 0.17724538509055177 0.9324648519981195 0.21125 0.00021124999999999998 1000.0 20000.0 0.3 0 0
-0.17000000000000004 0.41000000000000003 -0.13 2.2 -3.9633162998156966 -3.9633162998156966 -3.9633162998156966 1.0 0.0 0.0 0.0 0.015412642181787006 0.17724538509055177 0.9324648519981195 0.21125 0.00021124999999999998 1000.0 20000.0 0.3 0 0
-0.17000000000000004 0.41000000000000003 -0.065 2.2 -3.9633162998156966 -3.9633162998156966 -3.9633162998156966 1.0 0.0 0.0 0.0 0.015412642181787006 0.17724538509055177 0.9324648519981195 0.21125 0.00021124999999999998 1000.0 20000.0 0.3 0 0
-0.17000000000000004 0.41000000000000003 0.0 2.2 -3.9633162998156966 -3.9633162998156966 -3.9633162998156966 1.0 0.0 0.0 0.0 0.015412642181787006 0.17724538509055177 0.9324648519981195 0.21125 0.00021124999999999998 1000.0 20000.0 0.3 0 0
-0.17000000000000004 0.41000000000000003 0.065 2.2 -3.9633162998156966 -3.9633162998156966 -3.9633162998156966 1.0 0.0 0.0 0.0 0.015412642181787006 0.17724538509055177 0.9324648519981195 0.21125 0.00021124999999999998 1000.0 20000.0 0.3 0 0
-0.17000000000000004 0.41000000000000003 0.13 2.2 -3.9633162998156966 -3.9633162998156966 -3.9633162998156966 1.0 0.0 0.0 0.0 0.015412642181787006 0.17724538509055177 0.9324648519981195 0.21125 0.00021124999999999998 1000.0 20000.0 0.3 0 0
-0.12000000000000005 0.15000000000000002 -0.13 2.2 -3.9633162998156966 -3.9633162998156966 -3.9633162998156966 1.0 0.0 0.0 0.0 0.11559481636340295 0.17724538509055177 0.8785206043618645 0.21125 0.00021124999999999998 1000.0 20000.0 0.3 0 0
-0.12000000000000005 0.15000000000000002 -0.065 2.2 -3.9633162998156966 -3.9633162998156966 -3.9633162998156966 1.0 0.0 0.0 0.0 0.11559481636340295 0.17724538509055177 0.8785206043618645 0.21125 0.00021124999999999998 1000.0 20000.0 0.3 0 0
-0.12000000000000005 0.15000000000000002 0.0 2.2 -3.9633162998156966 -3.9633162998156966 -3.9633162998156966 1.0 0.0 0.0 0.0 0.11559481636340295 0.17724538509055177 0.8785206043618645 0.21125 0.00021124999999999998 1000.0 20000.0 0.3 0 0
-0.12000000000000005 0.15000000000000002 0.065 2.2 -3.9633162998156966 -3.9633162998156966 -3.9633162998156966 1.0 0.0 0.0 0.0 0.11559481636340295 0.17724538509055177 0.8785206043618645 0.21125 0.00021124999999999998 1000.0 20000.0 0.3 0 0
-0.12000000000000005 0.15000000000000002 0.13 2.2 -3.9633162998156966 -3.9633162998156966 -3.9633162998156966 1.0 0.0 0.0 0.0 0.11559481636340295 0.17724538509055177 0.8785206043618645 0.21125 0.00021124999999999998 1000.0 20000.0 0.3 0 0
-0.12000000000000005 0.21500000000000002 -0.13 2.2 -3.9633162998156966 -3.9633162998156966 -3.9633162998156966 1.0 0.0 0.0 0.0 0.11559481636340295 0.17724538509055177 0.8785206043618645 0.21125 0.00021124999999999998 1000.0 20000.0 0.3 0 0
-0.12000000000000005 0.21500000000000002 -0.065 2.2 -3.9633162998156966 -3.9633162998156966 -3.9633162998156966 1.0 0.0 0.0 0.0 0.11559481636340295 0.17724538509055177 0.8785206043618645 0.21125 0.00021124999999999998 1000.0 20000.0 0.3 0 0
-0.12000000000000005 0.21500000000000002 0.0 2.2 -3.9633162998156966 -3.9633162998156966 -3.9633162998156966 1.0 0.0 0.0 0.0 0.11559481636340295 0.17724538509055177 0.8785206043618645 0.21125 0.00021124999999999998 1000.0 20000.0 0.3 0 0
-0.12000000000000005 0.21500000000000002 0.065 2.2 -3.9633162998156966 -3.9633162998156966 -3.9633162998156966 1.0 0.0 0.0 0.0 0.11559481636340295 0.17724538509055177 0.8785206043618645 0.21125 0.00021124999999999998 1000.0 20000.0 0.3 0 0
-0.12000000000000005 0.21500000000000002 0.13 2.2 -3.9633162998156966 -3.9633162998156966 -3.9633162998156966 1.0 0.0 0.0 0.0 0.11559481636340295 0.17724538509055177 0.8785206043618645 0.21125 0.00021124999999999998 1000.0 20000.0 0.3 0 0
-0.12000000000000005 0.28 -0.13 2.2 -3.9633162998156966 -3.9633162998156966 -3.9633162998156966 1.0 0.0 0.0 0.0 0.11559481636340295 0.17724538509055177 0.8785206043618645 0.21125 0.00021124999999999998 1000.0 20000.0 0.3 0 0
-0.12000000000000005 0.28 -0.065 2.2 -3.9633162998156966 -3.9633162998156966 -3.9633162998156966 1.0 0.0 0.0 0.0 0.11559481636340295 0.17724538509055177 0.8785206043618645 0.21125 0.00021124999999999998 1000.0 20000.0 0.3 0 0
-0.12000000000000005 0.28 0.0 2.2 -3.9633162998156966 -3.9633162998156966 -3.9633162998156966 1.0 0.0 0.0 0.0 0.11559481636340295 0.17724538509055177 0.8785206043618645 0.21125 0.00021124999999999998 1000.0 20000.0 0.3 0 0
-0.12000000000000005 0.28 0.065 2.2 -3.9633162998156966 -3.9633162998156966 -3.9633162998156966 1.0 0.0 0.0 0.0 0.11559481636340295 0.17724538509055177 0.8785206043618645 0.21125 0.00021124999999999998 1000.0 20000.0 0.3 0 0
-0.12000000000000005 0.28 0.13 2.2 -3.9633162998156966 -3.9633162998156966 -3.9633162998156966 1.0 0.0 0.0 0.0 0.11559481636340295 0.17724538509055177 0.8785206043618645 0.21125 0.00021124999999999998 1000.0 20000.0 0.3 0 0
-0.12000000000000005 0.34500000000000003 -0.13 2.2 -3.9633162998156966 -3.9633162998156966 -3.9633162998156966 1.0 0.0 0.0 0.0 0.11559481636340295 0.17724538509055177 0.8785206043618645 0.21125 0.00021124999999999998 1000.0 20000.0 0.3 0 0
-0.12000000000000005 0.34500000000000003 -0.065 2.2 -3.9633162998156966 -3.9633162998156966 -3.9633162998156966 1.0 0.0 0.0 0.0 0.11559481636340295 0.17724538509055177 0.8785206043618645 0.21125 0.00021124999999999998 1000.0 20000.0 0.3 0 0
-0.12000000000000005 0.34500000000000003 0.0 2.2 -3.9633162998156966 -3.9633162998156966 -3.9633162998156966 1.0 0.0 0.0 0.0 0.11559481636340295 0.17724538509055177 0.8785206043618645 0.21125 0.00021124999999999998 1000.0 20000.0 0.3 0 0
-0.12000000000000005 0.34500000000000003 0.065 2.2 -3.9633162998156966 -3.9633162998156966 -3.9633162998156966 1.0 0.0 0.0 0.0 0.11559481636340295 0.17724538509055177 0.8785206043618645 0.21125 0.00021124999999999998 1000.0 20000.0 0.3 0 0
-0.12000000000000005 0.34500000000000003 0.13 2.2 -3.9633162998156966 -3.9633162998156966 -3.9633162998156966 1.0 0.0 0.0 0.0 0.11559481636340295 0.17724538509055177 0.8785206043618645 0.21125 0.00021124999999999998 1000.0 20000.0 0.3 0 0
-0.12000000000000005 0.41000000000000003 -0.13 2.2 -3.9633162998156966 -3.9633162998156966 -3.9633162998156966 1.0 0.0 0.0 0.0 0.11559481636340295 0.17724538509055177 0.8785206043618645 0.21125 0.00021124999999999998 1000.0 20000.0 0.3 0 0
-0.12000000000000005 0.41000000000000003 -0.065 2.2 -3.9633162998156966 -3.9633162998156966 -3.9633162998156966 1.0 0.0 0.0 0.0 0.11559481636340295 0.17724538509055177 0.8785206043618645 0.21125 0.00021124999999999998 1000.0 20000.0 0.3 0 0
-0.12000000000000005 0.41000000000000003 0.0 2.2 -3.9633162998156966 -3.9633162998156966 -3.9633162998156966 1.0 0.0 0.0 0.0 0.11559481636340295 0.17724538509055177 0.8785206043618645 0.21125 0.00021124999999999998 1000.0 20000.0 0.3 0 0
-0.12000000000000005 0.41000000000000003 0.065 2.2 -3.9633162998156966 -3.9633162998156966 -3.9633162998156966 1.0 0.0 0.0 0.0 0.11559481636340295 0.17724538509055177 0.8785206043618645 0.21125 0.00021124999999999998 1000.0 20000.0 0.3 0 0
-0.12000000000000005 0.41000000000000003 0.13 2.2 -3.9633162998156966 -3.9633162998156966 -3.9633162998156966 1.0 0.0 0.0 0.0 0.11559481636340295 0.17724538509055177 0.8785206043618645 0.21125 0.00021124999999999998 1000.0 20000.0 0.3 0 0
-0.07000000000000006 0.15000000000000002 -0.13 2.2 -3.9633162998156966 -3.9633162998156966 -3.9633162998156966 1.0 0.0 0.0 0.0 0.21577699054501967 0.17724538509055177 0.82457635672561 0.21125 0.00021124999999999998 1000.0 20000.0 0.3 0 0
-0.07000000000000006 0.15000000000000002 -0.065 2.2 -3.9633162998156966 -3.9633162998156966 -3.9633162998156966 1.0 0.0 0.0 0.0 0.21577699054501967 0.17724538509055177 0.82457635672561 0.21125 0.00021124999999999998 1000.0 20000.0 0.3 0 0
-0.07000000000000006 0.15000000000000002 0.0 2.2 -3.9633162998156966 -3.9633162998156966 -3.9633162998156966 1.0 0.0 0.0 0.0 0.21577699054501967 0.17724538509055177 0.82457635672561 0.21125 0.00021124999999999998 1000.0 20000.0 0.3 0 0
-0.07000000000000006 0.15000000000000002 0.065 2.2 -3.9633162998156966 -3.9633162998156966 -3.9633162998156966 1.0 0.0 0.0 0.0 0.21577699054501967 0.17724538509055177 0.82457635672561 0.21125 0.00021124999999999998 1000.0 20000.0 0.3 0 0
-0.07000000000000006 0.15000000000000002 0.13 2.2 -3.9633162998156966 -3.9633162998156966 -3.9633162998156966 1.0 0.0 0.0 0.0 0.21577699054501967 0.17724538509055177 0.82457635672561 0.21125 0.00021124999999999998 1000.0 20000.0 0.3 0 0
-0.07000000000000006 0.21500000000000002 -0.13 2.2 -3.9633162998156966 -3.9633162998156966 -3.9633162998156966 1.0 0.0 0.0 0.0 0.21577699054501967 0.17724538509055177 0.82457635672561 0.21125 0.00021124999999999998 1000.0 20000.0 0.3 0 0
-0.07000000000000006 0.21500000000000002 -0.065 2.2 -3.9633162998156966 -3.9633162998156966 -3.9633162998156966 1.0 0.0 0.0 0.0 0.21577699054501967 0.17724538509055177 0.82457635672561 0.21125 0.00021124999999999998 1000.0 20000.0 0.3 0 0
-0.07000000000000006 0.21500000000000002 0.0 2.2 -3.9633162998156966 -3.9633162998156966 -3.9633162998156966 1.0 0.0 0.0 0.0 0.21577699054501967 0.17724538509055177 0.82457635672561 0.21125 0.00021124999999999998 1000.0 20000.0 0.3 0 0
-0.07000000000000006 0.21500000000000002 0.065 2.2 -3.9633162998156966 -3.9633162998156966 -3.9633162998156966 1.0 0.0 0.0 0.0 0.21577699054501967 0.17724538509055177 0.82457635672561 0.21125 0.00021124999999999998 1000.0 20000.0 0.3 0 0
-0.07000000000000006 0.21500000000000002 0.13 2.2 -3.9633162998156966 -3.9633162998156966 -3.9633162998156966 1.0 0.0 0.0 0.0 0.21577699054501967 0.17724538509055177 0.82457635672561 0.21125 0.00021124999999999998 1000.0 20000.0 0.3 0 0
-0.07000000000000006 0.28 -0.13 2.2 -3.9633162998156966 -3.9633162998156966 -3.9633162998156966 1.0 0.0 0.0 0.0 0.21577699054501967 0.17724538509055177 0.82457635672561 0.21125 0.00021124999999999998 1000.0 20000.0 0.3 0 0
-0.07000000000000006 0.28 -0.065 2.2 -3.9633162998156966 -3.9633162998156966 -3.9633162998156966 1.0 0.0 0.0 0.0 0.21577699054501967 0.17724538509055177 0.82457635672561 0.21125 0.00021124999999999998 1000.0 20000.0 0.3 0 0
-0.07000000000000006 0.28 0.0 2.2 -3.9633162998156966 -3.9633162998156966 -3.9633162998156966 1.0 0.0 0.0 0.0 0.21577699054501967 0.17724538509055177 0.82457635672561 0.21125 0.00021124999999999998 1000.0 20000.0 0.3 0 0
-0.07000000000000006 0.28 0.065 2.2 -3.9633162998156966 -3.9633162998156966 -3.9633162998156966 1.0 0.0 0.0 0.0 0.21577699054501967 0.17724538509055177 0.82457635672561 0.21125 0.00021124999999999998 1000.0 20000.0 0.3 0 0
-0.07000000000000006 0.28 0.13 2.2 -3.9633162998156966 -3.9633162998156966 -3.9633162998156966 1.0 0.0 0.0 0.0 0.21577699054501967 0.17724538509055177 0.82457635672561 0.21125 0.00021124999999999998 1000.0 20000.0 0.3 0 0
-0.07000000000000006 0.34500000000000003 -0.13 2.2 -3.9633162998156966 -3.9633162998156966 -3.9633162998156966 1.0 0.0 0.0 0.0 0.21577699054501967 0.17724538509055177 0.82457635672561 0.21125 0.00021124999999999998 1000.0 20000.0 0.3 0 0
-0.07000000000000006 0.34500000000000003 -0.065 2.2 -3.9633162998156966 -3.9633162998156966 -3.9633162998156966 1.0 0.0 0.0 0.0 0.21577699054501967 0.17724538509055177 0.82457635672561 0.21125 0.00021124999999999998 1000.0 20000.0 0.3 0 0
-0.07000000000000006 0.34500000000000003 0.0 2.2 -3.9633162998156966 -3.9633162998156966 -3.9633162998156966 1.0 0.0 0.0 0.0 0.21577699054501967 0.17724538509055177 0.82457635672561 0.21125 0.00021124999999999998 1000.0 20000.0 0.3 0 0
-0.07000000000000006 0.34500000000000003 0.065 2.2 -3.9633162998156966 -3.9633162998156966 -3.9633162998156966 1.0 0.0 0.0 0.0 0.21577699054501967 0.17724538509055177 0.82457635672561 0.21125 0.00021124999999999998 1000.0 20000.0 0.3 0 0
-0.07000000000000006 0.34500000000000003 0.13 2.2 -3.9633162998156966 -3.9633162998156966 -3.9633162998156966 1.0 0.0 0.0 0.0 0.21577699054501967 0.17724538509055177 0.82457635672561 0.21125 0.00021124999999999998 1000.0 20000.0 0.3 0 0
-0.07000000000000006 0.41000000000000003 -0.13 2.2 -3.9633162998156966 -3.9633162998156966 -3.9633162998156966 1.0 0.0 0.0 0.0 0.21577699054501967 0.17724538509055177 0.82457635672561 0.21125 0.00021124999999999998 1000.0 20000.0 0.3 0 0
-0.07000000000000006 0.41000000000000003 -0.065 2.2 -3.9633162998156966 -3.9633162998156966 -3.9633162998156966 1.0 0.0 0.0 0.0 0.21577699054501967 0.17724538509055177 0.82457635672561 0.21125 0.00021124999999999998 1000.0 20000.0 0.3 0 0
-0.07000000000000006 0.41000000000000003 0.0 2.2 -3.9633162998156966 -3.9633162998156966 -3.9633162998156966 1.0 0.0 0.0 0.0 0.21577699054501967 0.17724538509055177 0.82457635672561 0.21125 0.00021124999999999998 1000.0 20000.0 0.3 0 0
-0.07000000000000006 0.41000000000000003 0.065 2.2 -3.9633162998156966 -3.9633162998156966 -3.9633162998156966 1.0 0.0 0.0 0.0 0.21577699054501967 0.17724538509055177 0.82457635672561 0.21125 0.00021124999999999998 1000.0 20000.0 0.3 0 0
-0.07000000000000006 0.41000000000000003 0.13 2.2 -3.9633162998156966 -3.9633162998156966 -3.9633162998156966 1.0 0.0 0.0 0.0 0.21577699054501967 0.17724538509055177 0.82457635672561 0.21125 0.00021124999999999998 1000.0 20000.0 0.3 0 0
-0.020000000000000018 0.15000000000000002 -0.13 2.2 -3.9633162998156966 -3.9633162998156966 -3.9633162998156966 1.0 0.0 0.0 0.0 0.3159591647266356 0.17724538509055177 0.7706321090893551 0.21125 0.00021124999999999998 1000.0 20000.0 0.3 0 0
-0.020000000000000018 0.15000000000000002 -0.065 2.2 -3.9633162998156966 -3.9633162998156966 -3.9633162998156966 1.0 0.0 0.0 0.0 0.3159591647266356 0.17724538509055177 0.7706321090893551 0.21125 0.00021124999999999998 1000.0 20000.0 0.3 0 0
-0.020000000000000018 0.15000000000000002 0.0 2.2 -3.9633162998156966 -3.9633162998156966 -3.9633162998156966 1.0 0.0 0.0 0.0 0.3159591647266356 0.17724538509055177 0.7706321090893551 0.21125 0.00021124999999999998 1000.0 20000.0 0.3 0 0
-0.020000000000000018 0.15000000000000002 0.065 2.2 -3.9633162998156966 -3.9633162998156966 -3.9633162998156966 1.0 0.0 0.0 0.0 0.3159591647266356 0.17724538509055177 0.7706321090893551 0.21125 0.00021124999999999998 1000.0 20000.0 0.3 0 0
-0.020000000000000018 0.15000000000000002 0.13 2.2 -3.9633162998156966 -3.9633162998156966 -3.9633162998156966 1.0 0.0 0.0 0.0 0.3159591647266356 0.17724538509055177 0.7706321090893551 0.21125 0.00021124999999999998 1000.0 20000.0 0.3 0 0
-0.020000000000000018 0.21500000000000002 -0.13 2.2 -3.9633162998156966 -3.9633162998156966 -3.9633162998156966 1.0 0.0 0.0 0.0 0.3159591647266356 0.17724538509055177 0.7706321090893551 0.21125 0.00021124999999999998 1000.0 20000.0 0.3 0 0
-0.020000000000000018 0.21500000000000002 -0.065 2.2 -3.9633162998156966 -3.9633162998156966 -3.9633162998156966 1.0 0.0 0.0 0.0 0.3159591647266356 0.17724538509055177 0.7706321090893551 0.21125 0.00021124999999999998 1000.0 20000.0 0.3 0 0
-0.020000000000000018 0.21500000000000002 0.0 2.2 -3.9633162998156966 -3.9633162998156966 -3.9633162998156966 1.0 0.0 0.0 0.0 0.3159591647266356 0.17724538509055177 0.7706321090893551 0.21125 0.00021124999999999998 1000.0 20000.0 0.3 0 0
-0.020000000000000018 0.21500000000000002 0.065 2.2 -3.9633162998156966 -3.9633162998156966 -3.9633162998156966 1.0 0.0 0.0 0.0 0.3159591647266356 0.17724538509055177 0.7706321090893551 0.21125 0.00021124999999999998 1000.0 20000.0 0.3 0 0
-0.020000000000000018 0.21500000000000002 0.13 2.2 -3.9633162998156966 -3.9633162998156966 -3.9633162998156966 1.0 0.0 0.0 0.0 0.3159591647266356 0.17724538509055177 0.7706321090893551 0.21125 0.00021124999999999998 1000.0 20000.0 0.3 0 0
-0.020000000000000018 0.28 -0.13 2.2 -3.9633162998156966 -3.9633162998156966 -3.9633162998156966 1.0 0.0 0.0 0.0 0.3159591647266356 0.17724538509055177 0.7706321090893551 0.21125 0.00021124999999999998 1000.0 20000.0 0.3 0 0
-0.020000000000000018 0.28 -0.065 2.2 -3.9633162998156966 -3.9633162998156966 -3.9633162998156966 1.0 0.0 0.0 0.0 0.3159591647266356 0.17724538509055177 0.7706321090893551 0.21125 0.00021124999999999998 1000.0 20000.0 0.3 0 0
-0.020000000000000018 0.28 0.0 2.2 -3.9633162998156966 -3.9633162998156966 -3.9633162998156966 1.0 0.0 0.0 0.0 0.3159591647266356 0.17724538509055177 0.7706321090893551 0.21125 0.00021124999999999998 1000.0 20000.0 0.3 0 0
-0.020000000000000018 0.28 0.065 2.2 -3.9633162998156966 -3.9633162998156966 -3.9633162998156966 1.0 0.0 0.0 0.0 0.3159591647266356 0.17724538509055177 0.7706321090893551 0.21125 0.00021124999999999998 1000.0 20000.0 0.3 0 0
-0.020000000000000018 0.28 0.13 2.2 -3.9633162998156966 -3.9633162998156966 -3.9633162998156966 1.0 0.0 0.0 0.0 0.3159591647266356 0.17724538509055177 0.7706321090893551 0.21125 0.00021124999999999998 1000.0 20000.0 0.3 0 0
-0.020000000000000018 0.34500000000000003 -0.13 2.2 -3.9633162998156966 -3.9633162998156966 -3.9633162998156966 1.0 0.0 0.0 0.0 0.3159591647266356 0.17724538509055177 0.7706321090893551 0.21125 0.00021124999999999998 1000.0 20000.0 0.3 0 0
-0.020000000000000018 0.34500000000000003 -0.065 2.2 -3.9633162998156966 -3.9633162998156966 -3.9633162998156966 1.0 0.0 0.0 0.0 0.3159591647266356 0.17724538509055177 0.7706321090893551 0.21125 0.00021124999999999998 1000.0 20000.0 0.3 0 0
-0.020000000000000018 0.34500000000000003 0.0 2.2 -3.9633162998156966 -3.9633162998156966 -3.9633162998156966 1.0 0.0 0.0 0.0 0.3159591647266356 0.17724538509055177 0.7706321090893551 0.21125 0.00021124999999999998 1000.0 20000.0 0.3 0 0
-0.020000000000000018 0.34500000000000003 0.065 2.2 -3.9633162998156966 -3.9633162998156966 -3.9633162998156966 1.0 0.0 0.0 0.0 0.3159591647266356 0.17724538509055177 0.7706321090893551 0.21125 0.00021124999999999998 1000.0 20000.0 0.3 0 0
-0.020000000000000018 0.34500000000000003 0.13 2.2 -3.9633162998156966 -3.9633162998156966 -3.9633162998156966 1.0 0.0 0.0 0.0 0.3159591647266356 0.17724538509055177 0.7706321090893551 0.21125 0.00021124999999999998 1000.0 20000.0 0.3 0 0
-0.020000000000000018 0.41000000000000003 -0.13 2.2 -3.9633162998156966 -3.9633162998156966 -3.9633162998156966 1.0 0.0 0.0 0.0 0.3159591647266356 0.17724538509055177 0.7706321090893551 0.21125 0.00021124999999999998 1000.0 20000.0 0.3 0 0
-0.020000000000000018 0.41000000000000003 -0.065 2.2 -3.9633162998156966 -3.9633162998156966 -3.9633162998156966 1.0 0.0 0.0 0.0 0.3159591647266356 0.17724538509055177 0.7706321090893551 0.21125 0.00021124999999999998 1000.0 20000.0 0.3 0 0
-0.020000000000000018 0.41000000000000003 0.0 2.2 -3.9633162998156966 -3.9633162998156966 -3.9633162998156966 1.0 0.0 0.0 0.0 0.3159591647266356 0.17724538509055177 0.7706321090893551 0.21125 0.00021124999999999998 1000.0 20000.0 0.3 0 0
-0.020000000000000018 0.41000000000000003 0.065 2.2 -3.9633162998156966 -3.9633162998156966 -3.9633162998156966 1.0 0.0 0.0 0.0 0.3159591647266356 0.17724538509055177 0.7706321090893551 0.21125 0.00021124999999999998 1000.0 20000.0 0.3 0 0
-0.020000000000000018 0.41000000000000003 0.13 2.2 -3.9633162998156966 -3.9633162998156966 -3.9633162998156966 1.0 0.0 0.0 0.0 0.3159591647266356 0.17724538509055177 0.7706321090893551 0.21125 0.00021124999999999998 1000.0 20000.0 0.3 0 0
0.029999999999999916 0.15000000000000002 -0.13 2.2 -3.9633162998156966 -3.9633162998156966 -3.9633162998156966 1.0 0.0 0.0 0.0 0.41614133890825156 0.17724538509055177 0.7166878614531002 0.21125 0.00021124999999999998 1000.0 20000.0 0.3 0 0
0.029999999999999916 0.15000000000000002 -0.065 2.2 -3.9633162998156966 -3.9633162998156966 -3.9633162998156966 1.0 0.0 0.0 0.0 0.41614133890825156 0.17724538509055177 0.7166878614531002 0.21125 0.00021124999999999998 1000.0 20000.0 0.3 0 0
0.029999999999999916 0.15000000000000002 0.0 2.2 -3.9633162998156966 -3.9633162998156966 -3.9633162998156966 1.0 0.0 0.0 0.0 0.41614133890825156 0.17724538509055177 0.7166878614531002 0.21125 0.00021124999999999998 1000.0 20000.0 0.3 0 0
0.029999999999999916 0.15000000000000002 0.065 2.2 -3.9633162998156966 -3.9633162998156966 -3.9633162998156966 1.0 0.0 0.0 0.0 0.41614133890825156 0.17724538509055177 0.7166878614531002 0.21125 0.00021124999999999998 1000.0 20000.0 0.3 0 0
0.029999999999999916 0.15000000000000002 0.13 2.2 -3.9633162998156966 -3.9633162998156966 -3.9633162998156966 1.0 0.0 0.0 0.0 0.41614133890825156 0.17724538509055177 0.7166878614531002 0.21125 0.00021124999999999998 1000.0 20000.0 0.3 0 0
0.029999999999999916 0.21500000000000002 -0.13 2.2 -3.9633162998156966 -3.9633162998156966 -3.9633162998156966 1.0 0.0 0.0 0.0 0.41614133890825156 0.17724538509055177 0.7166878614531002 0.21125 0.00021124999999999998 1000.0 20000.0 0.3 0 0
0.029999999999999916 0.21500000000000002 -0.065 2.2 -3.9633162998156966 -3.9633162998156966 -3.9633162998156966 1.0 0.0 0.0 0.0 0.41614133890825156 0.17724538509055177 0.7166878614531002 0.21125 0.00021124999999999998 1000.0 20000.0 0.3 0 0
0.029999999999999916 0.21500000000000002 0.0 2.2 -3.9633162998156966 -3.9633162998156966 -3.9633162998156966 1.0 0.0 0.0 0.0 0.41614133890825156 0.17724538509055177 0.7166878614531002 0.21125 0.00021124999999999998 1000.0 20000.0 0.3 0 0
0.029999999999999916 0.21500000000000002 0.065 2.2 -3.9633162998156966 -3.9633162998156966 -3.9633162998156966 1.0 0.0 0.0 0.0 0.41614133890825156 0.17724538509055177 0.7166878614531002 0.21125 0.00021124999999999998 1000.0 20000.0 0.3 0 0
0.029999999999999916 0.21500000000000002 0.13 2.2 -3.9633162998156966 -3.9633162998156966 -3.9633162998156966 1.0 0.0 0.0 0.0 0.41614133890825156 0.17724538509055177 0.7166878614531002 0.21125 0.00021124999999999998 1000.0 20000.0 0.3 0 0
0.029999999999999916 0.28 -0.13 2.2 -3.9633162998156966 -3.9633162998156966 -3.9633162998156966 1.0 0.0 0.0 0.0 0.41614133890825156 0.17724538509055177 0.7166878614531002 0.21125 0.00021124999999999998 1000.0 20000.0 0.3 0 0
0.029999999999999916 0.28 -0.065 2.2 -3.9633162998156966 -3.9633162998156966 -3.9633162998156966 1.0 0.0 0.0 0.0 0.41614133890825156 0.17724538509055177 0.7166878614531002 0.21125 0.00021124999999999998 1000.0 20000.0 0.3 0 0
0.029999999999999916 0.28 0.0 2.2 -3.9633162998156966 -3.9633162998156966 -3.9633162998156966 1.0 0.0 0.0 0.0 0.41614133890825156 0.17724538509055177 0.7166878614531002 0.21125 0.00021124999999999998 1000.0 20000.0 0.3 0 0
0.029999999999999916 0.28 0.065 2.2 -3.9633162998156966 -3.9633162998156966 -3.9633162998156966 1.0 0.0 0.0 0.0 0.41614133890825156 0.17724538509055177 0.7166878614531002 0.21125 0.00021124999999999998 1000.0 20000.0 0.3 0 0
0.029999999999999916 0.28 0.13 2.2 -3.9633162998156966 -3.9633162998156966 -3.9633162998156966 1.0 0.0 0.0 0.0 0.41614133890825156 0.17724538509055177 0.7166878614531002 0.21125 0.00021124999999999998 1000.0 20000.0 0.3 0 0
0.029999999999999916 0.34500000000000003 -0.13 2.2 -3.9633162998156966 -3.9633162998156966 -3.9633162998156966 1.0 0.0 0.0 0.0 0.41614133890825156 0.17724538509055177 0.7166878614531002 0.21125 0.00021124999999999998 1000.0 20000.0 0.3 0 0
0.029999999999999916 0.34500000000000003 -0.065 2.2 -3.9633162998156966 -3.9633162998156966 -3.9633162998156966 1.0 0.0 0.0 0.0 0.41614133890825156 0.17724538509055177 0.7166878614531002 0.21125 0.00021124999999999998 1000.0 20000.0 0.3 0 0
0.029999999999999916 0.34500000000000003 0.0 2.2 -3.9633162998156966 -3.9633162998156966 -3.9633162998156966 1.0 0.0 0.0 0.0 0.41614133890825156 0.17724538509055177 0.7166878614531002 0.21125 0.00021124999999999998 1000.0 20000.0 0.3 0 0
0.029999999999999916 0.34500000000000003 0.065 2.2 -3.9633162998156966 -3.9633162998156966 -3.9633162998156966 1.0 0.0 0.0 0.0 0.41614133890825156 0.17724538509055177 0.7166878614531002 0.21125 0.00021124999999999998 1000.0 20000.0 0.3 0 0
0.029999999999999916 0.34500000000000003 0.13 2.2 -3.9633162998156966 -3.9633162998156966 -3.9633162998156966 1.0 0.0 0.0 0.0 0.41614133890825156 0.17724538509055177 0.7166878614531002 0.21125 0.00021124999999999998 1000.0 20000.0 0.3 0 0
0.029999999999999916 0.41000000000000003 -0.13 2.2 -3.9633162998156966 -3.9633162998156966 -3.9633162998156966 1.0 0.0 0.0 0.0 0.41614133890825156 0.17724538509055177 0.7166878614531002 0.21125 0.00021124999999999998 1000.0 20000.0 0.3 0 0
0.029999999999999916 0.41000000000000003 -0.065 2.2 -3.9633162998156966 -3.9633162998156966 -3.9633162998156966 1.0 0.0 0.0 0.0 0.41614133890825156 0.17724538509055177 0.7166878614531002 0.21125 0.00021124999999999998 1000.0 20000.0 0.3 0 0
0.029999999999999916 0.41000000000000003 0.0 2.2 -3.9633162998156966 -3.9633162998156966 -3.9633162998156966 1.0 0.0 0.0 0.0 0.41614133890825156 0.17724538509055177 0.7166878614531002 0.21125 0.00021124999999999998 1000.0 20000.0 0.3 0 0
0.029999999999999916 0.41000000000000003 0.065 2.2 -3.9633162998156966 -3.9633162998156966 -3.9633162998156966 1.0 0.0 0.0 0.0 0.41614133890825156 0.17724538509055177 0.7166878614531002 0.21125 0.00021124999999999998 1000.0 20000.0 0.3 0 0
0.029999999999999916 0.41000000000000003 0.13 2.2 -3.9633162998156966 -3.9633162998156966 -3.9633162998156966 1.0 0.0 0.0 0.0 0.41614133890825156 0.17724538509055177 0.7166878614531002 0.21125 0.00021124999999999998 1000.0 20000.0 0.3 0 0
0.07999999999999996 0.15000000000000002 -0.13 2.2 -3.9633162998156966 -3.9633162998156966 -3.9633162998156966 1.0 0.0 0.0 0.0 0.5163235130898675 0.17724538509055177 0.6627436138168452 0.21125 0.00021124999999999998 1000.0 20000.0 0.3 0 0
0.07999999999999996 0.15000000000000002 -0.065 2.2 -3.9633162998156966 -3.9633162998156966 -3.9633162998156966 1.0 0.0 0.0 0.0 0.5163235130898675 0.17724538509055177 0.6627436138168452 0.21125 0.00021124999999999998 1000.0 20000.0 0.3 0 0
0.07999999999999996 0.15000000000000002 0.0 2.2 -3.9633162998156966 -3.9633162998156966 -3.9633162998156966 1.0 0.0 0.0 0.0 0.5163235130898675 0.17724538509055177 0.6627436138168452 0.21125 0.00021124999999999998 1000.0 20000.0 0.3 0 0
0.07999999999999996 0.15000000000000002 0.065 2.2 -3.9633162998156966 -3.9633162998156966 -3.9633162998156966 1.0 0.0 0.0 0.0 0.5163235130898675 0.17724538509055177 0.6627436138168452 0.21125 0.00021124999999999998 1000.0 20000.0 0.3 0 0
0.07999999999999996 0.15000000000000002 0.13 2.2 -3.9633162998156966 -3.9633162998156966 -3.9633162998156966 1.0 0.0 0.0 0.0 0.5163235130898675 0.17724538509055177 0.6627436138168452 0.21125 0.00021124999999999998 1000.0 20000.0 0.3 0 0
0.07999999999999996 0.21500000000000002 -0.13 2.2 -3.9633162998156966 -3.9633162998156966 -3.9633162998156966 1.0 0.0 0.0 0.0 0.5163235130898675 0.17724538509055177 0.6627436138168452 0.21125 0.00021124999999999998 1000.0 20000.0 0.3 0 0
0.07999999999999996 0.21500000000000002 -0.065 2.2 -3.9633162998156966 -3.9633162998156966 -3.9633162998156966 1.0 0.0 0.0 0.0 0.5163235130898675 0.17724538509055177 0.6627436138168452 0.21125 0.00021124999999999998 1000.0 20000.0 0.3 0 0
0.07999999999999996 0.21500000000000002 0.0 2.2 -3.9633162998156966 -3.9633162998156966 -3.9633162998156966 1.0 0.0 0.0 0.0 0.5163235130898675 0.17724538509055177 0.6627436138168452 0.21125 0.00021124999999999998 1000.0 20000.0 0.3 0 0
0.07999999999999996 0.21500000000000002 0.065 2.2 -3.9633162998156966 -3.9633162998156966 -3.9633162998156966 1.0 0.0 0.0 0.0 0.5163235130898675 0.17724538509055177 0.6627436138168452 0.21125 0.00021124999999999998 1000.0 20000.0 0.3 0 0
0.07999999999999996 0.21500000000000002 0.13 2.2 -3.9633162998156966 -3.9633162998156966 -3.9633162998156966 1.0 0.0 0.0 0.0 0.5163235130898675 0.17724538509055177 0.6627436138168452 0.21125 0.00021124999999999998 1000.0 20000.0 0.3 0 0
0.07999999999999996 0.28 -0.13 2.2 -3.9633162998156966 -3.9633162998156966 -3.9633162998156966 1.0 0.0 0.0 0.0 0.5163235130898675 0.17724538509055177 0.6627436138168452 0.21125 0.00021124999999999998 1000.0 20000.0 0.3 0 0
0.07999999999999996 0.28 -0.065 2.2 -3.9633162998156966 -3.9633162998156966 -3.9633162998156966 1.0 0.0 0.0 0.0 0.5163235130898675 0.17724538509055177 0.6627436138168452 0.21125 0.00021124999999999998 1000.0 20000.0 0.3 0 0
0.07999999999999996 0.28 0.0 2.2 -3.9633162998156966 -3.9633162998156966 -3.9633162998156966 1.0 0.0 0.0 0.0 0.5163235130898675 0.17724538509055177 0.6627436138168452 0.21125 0.00021124999999999998 1000.0 20000.0 0.3 0 0
0.07999999999999996 0.28 0.065 2.2 -3.9633162998156966 -3.9633162998156966 -3.9633162998156966 1.0 0.0 0.0 0.0 0.5163235130898675 0.17724538509055177 0.6627436138168452 0.21125 0.00021124999999999998 1000.0 20000.0 0.3 0 0
0.07999999999999996 0.28 0.13 2.2 -3.9633162998156966 -3.9633162998156966 -3.9633162998156966 1.0 0.0 0.0 0.0 0.5163235130898675 0.17724538509055177 0.6627436138168452 0.21125 0.00021124999999999998 1000.0 20000.0 0.3 0 0
0.07999999999999996 0.34500000000000003 -0.13 2.2 -3.9633162998156966 -3.9633162998156966 -3.9633162998156966 1.0 0.0 0.0 0.0 0.5163235130898675 0.17724538509055177 0.6627436138168452 0.21125 0.00021124999999999998 1000.0 20000.0 0.3 0 0
0.07999999999999996 0.34500000000000003 -0.065 2.2 -3.9633162998156966 -3.9633162998156966 -3.9633162998156966 1.0 0.0 0.0 0.0 0.5163235130898675 0.17724538509055177 0.6627436138168452 0.21125 0.00021124999999999998 1000.0 20000.0 0.3 0 0
0.07999999999999996 0.34500000000000003 0.0 2.2 -3.9633162998156966 -3.9633162998156966 -3.9633162998156966 1.0 0.0 0.0 0.0 0.5163235130898675 0.17724538509055177 0.6627436138168452 0.21125 0.00021124999999999998 1000.0 20000.0 0.3 0 0
0.07999999999999996 0.34500000000000003 0.065 2.2 -3.9633162998156966 -3.9633162998156966 -3.9633162998156966 1.0 0.0 0.0 0.0 0.5163235130898675 0.17724538509055177 0.6627436138168452 0.21125 0.00021124999999999998 1000.0 20000.0 0.3 0 0
0.07999999999999996 0.34500000000000003 0.13 2.2 -3.9633162998156966 -3.9633162998156966 -3.9633162998156966 1.0 0.0 0.0 0.0 0.5163235130898675 0.17724538509055177 0.6627436138168452 0.21125 0.00021124999999999998 1000.0 20000.0 0.3 0 0
0.07999999999999996 0.41000000000000003 -0.13 2.2 -3.9633162998156966 -3.9633162998156966 -3.9633162998156966 1.0 0.0 0.0 0.0 0.5163235130898675 0.17724538509055177 0.6627436138168452 0.21125 0.00021124999999999998 1000.0 20000.0 0.3 0 0
0.07999999999999996 0.41000000000000003 -0.065 2.2 -3.9633162998156966 -3.9633162998156966 -3.9633162998156966 1.0 0.0 0.0 0.0 0.5163235130898675 0.17724538509055177 0.6627436138168452 0.21125 0.00021124999999999998 1000.0 20000.0 0.3 0 0
0.07999999999999996 0.41000000000000003 0.0 2.2 -3.9633162998156966 -3.9633162998156966 -3.9633162998156966 1.0 0.0 0.0 0.0 0.5163235130898675 0.17724538509055177 0.6627436138168452 0.21125 0.00021124999999999998 1000.0 20000.0 0.3 0 0
0.07999999999999996 0.41000000000000003 0.065 2.2 -3.9633162998156966 -3.9633162998156966 -3.9633162998156966 1.0 0.0 0.0 0.0 0.5163235130898675 0.17724538509055177 0.6627436138168452 0.21125 0.00021124999999999998 1000.0 20000.0 0.3 0 0
0.07999999999999996 0.41000000000000003 0.13 2.2 -3.9633162998156966 -3.9633162998156966 -3.9633162998156966 1.0 0.0 0.0 0.0 0.5163235130898675 0.17724538509055177 0.6627436138168452 0.21125 0.00021124999999999998 1000.0 20000.0 0.3 0 0
0.1299999999999999 0.15000000000000002 -0.13 2.2 -3.9633162998156966 -3.9633162998156966 -3.9633162998156966 1.0 0.0 0.0 0.0 0.6165056872714838 0.17724538509055177 0.6087993661805903 0.21125 0.00021124999999999998 1000.0 20000.0 0.3 0 0
0.1299999999999999 0.15000000000000002 -0.065 2.2 -3.9633162998156966 -3.9633162998156966 -3.9633162998156966 1.0 0.0 0.0 0.0 0.6165056872714838 0.17724538509055177 0.6087993661805903 0.21125 0.00021124999999999998 1000.0 20000.0 0.3 0 0
0.1299999999999999 0.15000000000000002 0.0 2.2 -3.9633162998156966 -3.9633162998156966 -3.9633162998156966 1.0 0.0 0.0 0.0 0.6165056872714838 0.17724538509055177 0.6087993661805903 0.21125 0.00021124999999999998 1000.0 20000.0 0.3 0 0
0.1299999999999999 0.15000000000000002 0.065 2.2 -3.9633162998156966 -3.9633162998156966 -3.9633162998156966 1.0 0.0 0.0 0.0 0.6165056872714838 0.17724538509055177 0.6087993661805903 0.21125 0.00021124999999999998 1000.0 20000.0 0.3 0 0
0.1299999999999999 0.15000000000000002 0.13 2.2 -3.9633162998156966 -3.9633162998156966 -3.9633162998156966 1.0 0.0 0.0 0.0 0.6165056872714838 0.17724538509055177 0.6087993661805903 0.21125 0.00021124999999999998 1000.0 20000.0 0.3 0 0
0.1299999999999999 0.21500000000000002 -0.13 2.2 -3.9633162998156966 -3.9633162998156966 -3.9633162998156966 1.0 0.0 0.0 0.0 0.6165056872714838 0.17724538509055177 0.6087993661805903 0.21125 0.00021124999999999998 1000.0 20000.0 0.3 0 0
0.1299999999999999 0.21500000000000002 -0.065 2.2 -3.9633162998156966 -3.9633162998156966 -3.9633162998156966 1.0 0.0 0.0 0.0 0.6165056872714838 0.17724538509055177 0.6087993661805903 0.21125 0.00021124999999999998 1000.0 20000.0 0.3 0 0
0.1299999999999999 0.21500000000000002 0.0 2.2 -3.9633162998156966 -3.9633162998156966 -3.9633162998156966 1.0 0.0 0.0 0.0 0.6165056872714838 0.17724538509055177 0.6087993661805903 0.21125 0.00021124999999999998 1000.0 20000.0 0.3 0 0
0.1299999999999999 0.21500000000000002 0.065 2.2 -3.9633162998156966 -3.9633162998156966 -3.9633162998156966 1.0 0.0 0.0 0.0 0.6165056872714838 0.17724538509055177 0.6087993661805903 0.21125 0.00021124999999999998 1000.0 20000.0 0.3 0 0
0.1299999999999999 0.21500000000000002 0.13 2.2 -3.9633162998156966 -3.9633162998156966 -3.9633162998156966 1.0 0.0 0.0 0.0 0.6165056872714838 0.17724538509055177 0.6087993661805903 0.21125 0.00021124999999999998 1000.0 20000.0 0.3 0 0
0.1299999999999999 0.28 -0.13 2.2 -3.9633162998156966 -3.9633162998156966 -3.9633162998156966 1.0 0.0 0.0 0.0 0.6165056872714838 0.17724538509055177 0.6087993661805903 0.21125 0.00021124999999999998 1000.0 20000.0 0.3 0 0
0.1299999999999999 0.28 -0.065 2.2 -3.9633162998156966 -3.9633162998156966 -3.9633162998156966 1.0 0.0 0.0 0.0 0.6165056872714838 0.17724538509055177 0.6087993661805903 0.21125 0.00021124999999999998 1000.0 20000.0 0.3 0 0
0.1299999999999999 0.28 0.0 2.2 -3.9633162998156966 -3.9633162998156966 -3.9633162998156966 1.0 0.0 0.0 0.0 0.6165056872714838 0.17724538509055177 0.6087993661805903 0.21125 0.00021124999999999998 1000.0 20000.0 0.3 0 0
0.1299999999999999 0.28 0.065 2.2 -3.9633162998156966 -3.9633162998156966 -3.9633162998156966 1.0 0.0 0.0 0.0 0.6165056872714838 0.17724538509055177 0.6087993661805903 0.21125 0.00021124999999999998 1000.0 20000.0 0.3 0 0
0.1299999999999999 0.28 0.13 2.2 -3.9633162998156966 -3.9633162998156966 -3.9633162998156966 1.0 0.0 0.0 0.0 0.6165056872714838 0.17724538509055177 0.6087993661805903 0.21125 0.00021124999999999998 1000.0 20000.0 0.3 0 0
0.1299999999999999 0.34500000000000003 -0.13 2.2 -3.9633162998156966 -3.9633162998156966 -3.9633162998156966 1.0 0.0 0.0 0.0 0.6165056872714838 0.17724538509055177 0.6087993661805903 0.21125 0.00021124999999999998 1000.0 20000.0 0.3 0 0
0.1299999999999999 0.34500000000000003 -0.065 2.2 -3.9633162998156966 -3.9633162998156966 -3.9633162998156966 1.0 0.0 0.0 0.0 0.6165056872714838 0.17724538509055177 0.6087993661805903 0.21125 0.00021124999999999998 1000.0 20000.0 0.3 0 0
0.1299999999999999 0.34500000000000003 0.0 2.2 -3.9633162998156966 -3.9633162998156966 -3.9633162998156966 1.0 0.0 0.0 0.0 0.6165056872714838 0.17724538509055177 0.6087993661805903 0.21125 0.00021124999999999998 1000.0 20000.0 0.3 0 0
0.1299999999999999 0.34500000000000003 0.065 2.2 -3.9633162998156966 -3.9633162998156966 -3.9633162998156966 1.0 0.0 0.0 0.0 0.6165056872714838 0.17724538509055177 0.6087993661805903 0.21125 0.00021124999999999998 1000.0 20000.0 0.3 0 0
0.1299999999999999 0.34500000000000003 0.13 2.2 -3.9633162998156966 -3.9633162998156966 -3.9633162998156966 1.0 0.0 0.0 0.0 0.6165056872714838 0.17724538509055177 0.6087993661805903 0.21125 0.00021124999999999998 1000.0 20000.0 0.3 0 0
0.1299999999999999 0.41000000000000003 -0.13 2.2 -3.9633162998156966 -3.9633162998156966 -3.9633162998156966 1.0 0.0 0.0 0.0 0.6165056872714838 0.17724538509055177 0.6087993661805903 0.21125 0.00021124999999999998 1000.0 20000.0 0.3 0 0
0.1299999999999999 0.41000000000000003 -0.065 2.2 -3.9633162998156966 -3.9633162998156966 -3.9633162998156966 1.0 0.0 0.0 0.0 0.6165056872714838 0.17724538509055177 0.6087993661805903 0.21125 0.00021124999999999998 1000.0 20000.0 0.3 0 0
0.1299999999999999 0.41000000000000003 0.0 2.2 -3.9633162998156966 -3.9633162998156966 -3.9633162998156966 1.0 0.0 0.0 0.0 0.6165056872714838 0.17724538509055177 0.6087993661805903 0.21125 0.00021124999999999998 1000.0 20000.0 0.3 0 0
0.1299999999999999 0.41000000000000003 0.065 2.2 -3.9633162998156966 -3.9633162998156966 -3.9633162998156966 1.0 0.0 0.0 0.0 0.6165056872714838 0.17724538509055177 0.6087993661805903 0.21125 0.00021124999999999998 1000.0 20000.0 0.3 0 0
0.1299999999999999 0.41000000000000003 0.13 2.2 -3.9633162998156966 -3.9633162998156966 -3.9633162998156966 1.0 0.0 0.0 0.0 0.6165056872714838 0.17724538509055177 0.6087993661805903 0.21125 0.00021124999999999998 1000.0 20000.0 0.3 0 0
0.17999999999999994 0.15000000000000002 -0.13 2.2 -3.9633162998156966 -3.9633162998156966 -3.9633162998156966 1.0 0.0 0.0 0.0 0.7166878614531002 0.17724538509055177 0.5548551185443354 0.21125 0.00021124999999999998 1000.0 20000.0 0.3 0 0
0.17999999999999994 0.15000000000000002 -0.065 2.2 -3.9633162998156966 -3.9633162998156966 -3.9633162998156966 1.0 0.0 0.0 0.0 0.7166878614531002 0.17724538509055177 0.5548551185443354 0.21125 0.00021124999999999998 1000.0 20000.0 0.3 0 0
0.17999999999999994 0.15000000000000002 0.0 2.2 -3.9633162998156966 -3.9633162998156966 -3.9633162998156966 1.0 0.0 0.0 0.0 0.7166878614531002 0.17724538509055177 0.5548551185443354 0.21125 0.00021124999999999998 1000.0 20000.0 0.3 0 0
0.17999999999999994 0.15000000000000002 0.065 2.2 -3.9633162998156966 -3.9633162998156966 -3.9633162998156966 1.0 0.0 0.0 0.0 0.7166878614531002 0.17724538509055177 0.5548551185443354 0.21125 0.00021124999999999998 1000.0 20000.0 0.3 0 0
0.17999999999999994 0.15000000000000002 0.13 2.2 -3.9633162998156966 -3.9633162998156966 -3.9633162998156966 1.0 0.0 0.0 0.0 0.7166878614531002 0.17724538509055177 0.5548551185443354 0.21125 0.00021124999999999998 1000.0 20000.0 0.3 0 0
0.17999999999999994 0.21500000000000002 -0.13 2.2 -3.9633162998156966 -3.9633162998156966 -3.9633162998156966 1.0 0.0 0.0 0.0 0.7166878614531002 0.17724538509055177 0.5548551185443354 0.21125 0.00021124999999999998 1000.0 20000.0 0.3 0 0
0.17999999999999994 0.21500000000000002 -0.065 2.2 -3.9633162998156966 -3.9633162998156966 -3.9633162998156966 1.0 0.0 0.0 0.0 0.7166878614531002 0.17724538509055177 0.5548551185443354 0.21125 0.00021124999999999998 1000.0 20000.0 0.3 0 0
0.17999999999999994 0.21500000000000002 0.0 2.2 -3.9633162998156966 -3.9633162998156966 -3.9633162998156966 1.0 0.0 0.0 0.0 0.7166878614531002 0.17724538509055177 0.5548551185443354 0.21125 0.00021124999999999998 1000.0 20000.0 0.3 0 0
0.17999999999999994 0.21500000000000002 0.065 2.2 -3.9633162998156966 -3.9633162998156966 -3.9633162998156966 1.0 0.0 0.0 0.0 0.7166878614531002 0.17724538509055177 0.5548551185443354 0.21125 0.00021124999999999998 1000.0 20000.0 0.3 0 0
0.17999999999999994 0.21500000000000002 0.13 2.2 -3.9633162998156966 -3.9633162998156966 -3.9633162998156966 1.0 0.0 0.0 0.0 0.7166878614531002 0.17724538509055177 0.5548551185443354 0.21125 0.00021124999999999998 1000.0 20000.0 0.3 0 0
0.17999999999999994 0.28 -0.13 2.2 -3.9633162998156966 -3.9633162998156966 -3.9633162998156966 1.0 0.0 0.0 0.0 0.7166878614531002 0.17724538509055177 0.5548551185443354 0.21125 0.00021124999999999998 1000.0 20000.0 0.3 0 0
0.17999999999999994 0.28 -0.065 2.2 -3.9633162998156966 -3.9633162998156966 -3.9633162998156966 1.0 0.0 0.0 0.0 0.7166878614531002 0.17724538509055177 0.5548551185443354 0.21125 0.00021124999999999998 1000.0 20000.0 0.3 0 0
0.17999999999999994 0.28 0.0 2.2 -3.9633162998156966 -3.9633162998156966 -3.9633162998156966 1.0 0.0 0.0 0.0 0.7166878614531002 0.17724538509055177 0.5548551185443354 0.21125 0.00021124999999999998 1000.0 20000.0 0.3 0 0
0.17999999999999994 0.28 0.065 2.2 -3.9633162998156966 -3.9633162998156966 -3.9633162998156966 1.0 0.0 0.0 0.0 0.7166878614531002 0.17724538509055177 0.5548551185443354 0.21125 0.00021124999999999998 1000.0 20000.0 0.3 0 0
0.17999999999999994 0.28 0.13 2.2 -3.9633162998156966 -3.9633162998156966 -3.9633162998156966 1.0 0.0 0.0 0.0 0.7166878614531002 0.17724538509055177 0.5548551185443354 0.21125 0.00021124999999999998 1000.0 20000.0 0.3 0 0
0.17999999999999994 0.34500000000000003 -0.13 2.2 -3.9633162998156966 -3.9633162998156966 -3.9633162998156966 1.0 0.0 0.0 0.0 0.7166878614531002 0.17724538509055177 0.5548551185443354 0.21125 0.00021124999999999998 1000.0 20000.0 0.3 0 0
0.17999999999999994 0.34500000000000003 -0.065 2.2 -3.9633162998156966 -3.9633162998156966 -3.9633162998156966 1.0 0.0 0.0 0.0 0.7166878614531002 0.17724538509055177 0.5548551185443354 0.21125 0.00021124999999999998 1000.0 20000.0 0.3 0 0
0.17999999999999994 0.34500000000000003 0.0 2.2 -3.9633162998156966 -3.9633162998156966 -3.9633162998156966 1.0 0.0 0.0 0.0 0.7166878614531002 0.17724538509055177 0.5548551185443354 0.21125 0.00021124999999999998 1000.0 20000.0 0.3 0 0
0.17999999999999994 0.34500000000000003 0.065 2.2 -3.9633162998156966 -3.9633162998156966 -3.9633162998156966 1.0 0.0 0.0 0.0 0.7166878614531002 0.17724538509055177 0.5548551185443354 0.21125 0.00021124999999999998 1000.0 20000.0 0.3 0 0
0.17999999999999994 0.34500000000000003 0.13 2.2 -3.9633162998156966 -3.9633162998156966 -3.9633162998156966 1.0 0.0 0.0 0.0 0.7166878614531002 0.17724538509055177 0.5548551185443354 0.21125 0.00021124999999999998 1000.0 20000.0 0.3 0 0
0.17999999999999994 0.41000000000000003 -0.13 2.2 -3.9633162998156966 -3.9633162998156966 -3.9633162998156966 1.0 0.0 0.0 0.0 0.7166878614531002 0.17724538509055177 0.5548551185443354 0.21125 0.00021124999999999998 1000.0 20000.0 0.3 0 0
0.17999999999999994 0.41000000000000003 -0.065 2.2 -3.9633162998156966 -3.9633162998156966 -3.9633162998156966 1.0 0.0 0.0 0.0 0.7166878614531002 0.17724538509055177 0.5548551185443354 0.21125 0.00021124999999999998 1000.0 20000.0 0.3 0 0
0.17999999999999994 0.41000000000000003 0.0 2.2 -3.9633162998156966 -3.9633162998156966 -3.9633162998156966 1.0 0.0 0.0 0.0 0.7166878614531002 0.17724538509055177 0.5548551185443354 0.21125 0.00021124999999999998 1000.0 20000.0 0.3 0 0
0.17999999999999994 0.41000000000000003 0.065 2.2 -3.9633162998156966 -3.9633162998156966 -3.9633162998156966 1.0 0.0 0.0 0.0 0.7166878614531002 0.17724538509055177 0.5548551185443354 0.21125 0.00021124999999999998 1000.0 20000.0 0.3 0 0
0.17999999999999994 0.41000000000000003 0.13 2.2 -3.9633162998156966 -3.9633162998156966 -3.9633162998156966 1.0 0.0 0.0 0.0 0.7166878614531002 0.17724538509055177 0.5548551185443354 0.21125 0.00021124999999999998 1000.0 20000.0 0.3 0 0
0.22999999999999998 0.15000000000000002 -0.13 2.2 -3.9633162998156966 -3.9633162998156966 -3.9633162998156966 1.0 0.0 0.0 0.0 0.816870035634716 0.17724538509055177 0.5009108709080808 0.21125 0.00021124999999999998 1000.0 20000.0 0.3 0 0
0.22999999999999998 0.15000000000000002 -0.065 2.2 -3.9633162998156966 -3.9633162998156966 -3.9633162998156966 1.0 0.0 0.0 0.0 0.816870035634716 0.17724538509055177 0.5009108709080808 0.21125 0.00021124999999999998 1000.0 20000.0 0.3 0 0
0.22999999999999998 0.15000000000000002 0.0 2.2 -3.9633162998156966 -3.9633162998156966 -3.9633162998156966 1.0 0.0 0.0 0.0 0.816870035634716 0.17724538509055177 0.5009108709080808 0.21125 0.00021124999999999998 1000.0 20000.0 0.3 0 0
0.22999999999999998 0.15000000000000002 0.065 2.2 -3.9633162998156966 -3.9633162998156966 -3.9633162998156966 1.0 0.0 0.0 0.0 0.816870035634716 0.17724538509055177 0.5009108709080808 0.21125 0.00021124999999999998 1000.0 20000.0 0.3 0 0
0.22999999999999998 0.15000000000000002 0.13 2.2 -3.9633162998156966 -3.9633162998156966 -3.9633162998156966 1.0 0.0 0.0 0.0 0.816870035634716 0.17724538509055177 0.5009108709080808 0.21125 0.00021124999999999998 1000.0 20000.0 0.3 0 0
0.22999999999999998 0.21500000000000002 -0.13 2.2 -3.9633162998156966 -3.9633162998156966 -3.9633162998156966 1.0 0.0 0.0 0.0 0.816870035634716 0.17724538509055177 0.5009108709080808 0.21125 0.00021124999999999998 1000.0 20000.0 0.3 0 0
0.22999999999999998 0.21500000000000002 -0.065 2.2 -3.9633162998156966 -3.9633162998156966 -3.9633162998156966 1.0 0.0 0.0 0.0 0.816870035634716 0.17724538509055177 0.5009108709080808 0.21125 0.00021124999999999998 1000.0 20000.0 0.3 0 0
0.22999999999999998 0.21500000000000002 0.0 2.2 -3.9633162998156966 -3.9633162998156966 -3.9633162998156966 1.0 0.0 0.0 0.0 0.816870035634716 0.17724538509055177 0.5009108709080808 0.21125 0.00021124999999999998 1000.0 20000.0 0.3 0 0
0.22999999999999998 0.21500000000000002 0.065 2.2 -3.9633162998156966 -3.9633162998156966 -3.9633162998156966 1.0 0.0 0.0 0.0 0.816870035634716 0.17724538509055177 0.5009108709080808 0.21125 0.00021124999999999998 1000.0 20000.0 0.3 0 0
0.22999999999999998 0.21500000000000002 0.13 2.2 -3.9633162998156966 -3.9633162998156966 -3.9633162998156966 1.0 0.0 0.0 0.0 0.816870035634716 0.17724538509055177 0.5009108709080808 0.21125 0.00021124999999999998 1000.0 20000.0 0.3 0 0
0.22999999999999998 0.28 -0.13 2.2 -3.9633162998156966 -3.9633162998156966 -3.9633162998156966 1.0 0.0 0.0 0.0 0.816870035634716 0.17724538509055177 0.5009108709080808 0.21125 0.00021124999999999998 1000.0 20000.0 0.3 0 0
0.22999999999999998 0.28 -0.065 2.2 -3.9633162998156966 -3.9633162998156966 -3.9633162998156966 1.0 0.0 0.0 0.0 0.816870035634716 0.17724538509055177 0.5009108709080808 0.21125 0.00021124999999999998 1000.0 20000.0 0.3 0 0
0.22999999999999998 0.28 0.0 2.2 -3.9633162998156966 -3.9633162998156966 -3.9633162998156966 1.0 0.0 0.0 0.0 0.816870035634716 0.17724538509055177 0.5009108709080808 0.21125 0.00021124999999999998 1000.0 20000.0 0.3 0 0
0.22999999999999998 0.28 0.065 2.2 -3.9633162998156966 -3.9633162998156966 -3.9633162998156966 1.0 0.0 0.0 0.0 0.816870035634716 0.17724538509055177 0.5009108709080808 0.21125 0.00021124999999999998 1000.0 20000.0 0.3 0 0
0.22999999999999998 0.28 0.13 2.2 -3.9633162998156966 -3.9633162998156966 -3.9633162998156966 1.0 0.0 0.0 0.0 0.816870035634716 0.17724538509055177 0.5009108709080808 0.21125 0.00021124999999999998 1000.0 20000.0 0.3 0 0
0.22999999999999998 0.34500000000000003 -0.13 2.2 -3.9633162998156966 -3.9633162998156966 -3.9633162998156966 1.0 0.0 0.0 0.0 0.816870035634716 0.17724538509055177 0.5009108709080808 0.21125 0.00021124999999999998 1000.0 20000.0 0.3 0 0
0.22999999999999998 0.34500000000000003 -0.065 2.2 -3.9633162998156966 -3.9633162998156966 -3.9633162998156966 1.0 0.0 0.0 0.0 0.816870035634716 0.17724538509055177 0.5009108709080808 0.21125 0.00021124999999999998 1000.0 20000.0 0.3 0 0
0.22999999999999998 0.34500000000000003 0.0 2.2 -3.9633162998156966 -3.9633162998156966 -3.9633162998156966 1.0 0.0 0.0 0.0 0.816870035634716 0.17724538509055177 0.5009108709080808 0.21125 0.00021124999999999998 1000.0 20000.0 0.3 0 0
0.22999999999999998 0.34500000000000003 0.065 2.2 -3.9633162998156966 -3.9633162998156966 -3.9633162998156966 1.0 0.0 0.0 0.0 0.816870035634716 0.17724538509055177 0.5009108709080808 0.21125 0.00021124999999999998 1000.0 20000.0 0.3 0 0
0.22999999999999998 0.34500000000000003 0.13 2.2 -3.9633162998156966 -3.9633162998156966 -3.9633162998156966 1.0 0.0 0.0 0.0 0.816870035634716 0.17724538509055177 0.5009108709080808 0.21125 0.00021124999999999998 1000.0 20000.0 0.3 0 0
0.22999999999999998 0.41000000000000003 -0.13 2.2 -3.9633162998156966 -3.9633162998156966 -3.9633162998156966 1.0 0.0 0.0 0.0 0.816870035634716 0.17724538509055177 0.5009108709080808 0.21125 0.00021124999999999998 1000.0 20000.0 0.3 0 0
0.22999999999999998 0.41000000000000003 -0.065 2.2 -3.9633162998156966 -3.9633162998156966 -3.9633162998156966 1.0 0.0 0.0 0.0 0.816870035634716 0.17724538509055177 0.5009108709080808 0.21125 0.00021124999999999998 1000.0 20000.0 0.3 0 0
0.22999999999999998 0.41000000000000003 0.0 2.2 -3.9633162998156966 -3.9633162998156966 -3.9633162998156966 1.0 0.0 0.0 0.0 0.816870035634716 0.17724538509055177 0.5009108709080808 0.21125 0.00021124999999999998 1000.0 20000.0 0.3 0 0
0.22999999999999998 0.41000000000000003 0.065 2.2 -3.9633162998156966 -3.9633162998156966 -3.9633162998156966 1.0 0.0 0.0 0.0 0.816870035634716 0.17724538509055177 0.5009108709080808 0.21125 0.00021124999999999998 1000.0 20000.0 0.3 0 0
0.22999999999999998 0.41000000000000003 0.13 2.2 -3.9633162998156966 -3.9633162998156966 -3.9633162998156966 1.0 0.0 0.0 0.0 0.816870035634716 0.17724538509055177 0.5009108709080808 0.21125 0.00021124999999999998 1000.0 20000.0 0.3 0 0
0.2799999999999999 0.15000000000000002 -0.13 2.2 -3.9633162998156966 -3.9633162998156966 -3.9633162998156966 1.0 0.0 0.0 0.0 0.9170522098163324 0.17724538509055177 0.44696662327182596 0.21125 0.00021124999999999998 1000.0 20000.0 0.3 0 0
0.2799999999999999 0.15000000000000002 -0.065 2.2 -3.9633162998156966 -3.9633162998156966 -3.9633162998156966 1.0 0.0 0.0 0.0 0.9170522098163324 0.17724538509055177 0.44696662327182596 0.21125 0.00021124999999999998 1000.0 20000.0 0.3 0 0
0.2799999999999999 0.15000000000000002 0.0 2.2 -3.9633162998156966 -3.9633162998156966 -3.9633162998156966 1.0 0.0 0.0 0.0 0.9170522098163324 0.17724538509055177 0.44696662327182596 0.21125 0.00021124999999999998 1000.0 20000.0 0.3 0 0
0.2799999999999999 0.15000000000000002 0.065 2.2 -3.9633162998156966 -3.9633162998156966 -3.9633162998156966 1.0 0.0 0.0 0.0 0.9170522098163324 0.17724538509055177 0.44696662327182596 0.21125 0.00021124999999999998 1000.0 20000.0 0.3 0 0
0.2799999999999999 0.15000000000000002 0.13 2.2 -3.9633162998156966 -3.9633162998156966 -3.9633162998156966 1.0 0.0 0.0 0.0 0.9170522098163324 0.17724538509055177 0.44696662327182596 0.21125 0.00021124999999999998 1000.0 20000.0 0.3 0 0
0.2799999999999999 0.21500000000000002 -0.13 2.2 -3.9633162998156966 -3.9633162998156966 -3.9633162998156966 1.0 0.0 0.0 0.0 0.9170522098163324 0.17724538509055177 0.44696662327182596 0.21125 0.00021124999999999998 1000.0 20000.0 0.3 0 0
0.2799999999999999 0.21500000000000002 -0.065 2.2 -3.9633162998156966 -3.9633162998156966 -3.9633162998156966 1.0 0.0 0.0 0.0 0.9170522098163324 0.17724538509055177 0.44696662327182596 0.21125 0.00021124999999999998 1000.0 20000.0 0.3 0 0
0.2799999999999999 0.21500000000000002 0.0 2.2 -3.9633162998156966 -3.9633162998156966 -3.9633162998156966 1.0 0.0 0.0 0.0 0.9170522098163324 0.17724538509055177 0.44696662327182596 0.21125 0.00021124999999999998 1000.0 20000.0 0.3 0 0
0.2799999999999999 0.21500000000000002 0.065 2.2 -3.9633162998156966 -3.9633162998156966 -3.9633162998156966 1.0 0.0 0.0 0.0 0.9170522098163324 0.17724538509055177 0.44696662327182596 0.21125 0.00021124999999999998 1000.0 20000.0 0.3 0 0
0.2799999999999999 0.21500000000000002 0.13 2.2 -3.9633162998156966 -3.9633162998156966 -3.9633162998156966 1.0 0.0 0.0 0.0 0.9170522098163324 0.17724538509055177 0.44696662327182596 0.21125 0.00021124999999999998 1000.0 20000.0 0.3 0 0
0.2799999999999999 0.28 -0.13 2.2 -3.9633162998156966 -3.9633162998156966 -3.9633162998156966 1.0 0.0 0.0 0.0 0.9170522098163324 0.17724538509055177 0.44696662327182596 0.21125 0.00021124999999999998 1000.0 20000.0 0.3 0 0
0.2799999999999999 0.28 -0.065 2.2 -3.9633162998156966 -3.9633162998156966 -3.9633162998156966 1.0 0.0 0.0 0.0 0.9170522098163324 0.17724538509055177 0.44696662327182596 0.21125 0.00021124999999999998 1000.0 20000.0 0.3 0 0
0.2799999999999999 0.28 0.0 2.2 -3.9633162998156966 -3.9633162998156966 -3.9633162998156966 1.0 0.0 0.0 0.0 0.9170522098163324 0.17724538509055177 0.44696662327182596 0.21125 0.00021124999999999998 1000.0 20000.0 0.3 0 0
0.2799999999999999 0.28 0.065 2.2 -3.9633162998156966 -3.9633162998156966 -3.9633162998156966 1.0 0.0 0.0 0.0 0.9170522098163324 0.17724538509055177 0.44696662327182596 0.21125 0.00021124999999999998 1000.0 20000.0 0.3 0 0
0.2799999999999999 0.28 0.13 2.2 -3.9633162998156966 -3.9633162998156966 -3.9633162998156966 1.0 0.0 0.0 0.0 0.9170522098163324 0.17724538509055177 0.44696662327182596 0.21125 0.00021124999999999998 1000.0 20000.0 0.3 0 0
0.2799999999999999 0.34500000000000003 -0.13 2.2 -3.9633162998156966 -3.9633162998156966 -3.9633162998156966 1.0 0.0 0.0 0.0 0.9170522098163324 0.17724538509055177 0.44696662327182596 0.21125 0.00021124999999999998 1000.0 20000.0 0.3 0 0
0.2799999999999999 0.34500000000000003 -0.065 2.2 -3.9633162998156966 -3.9633162998156966 -3.9633162998156966 1.0 0.0 0.0 0.0 0.9170522098163324 0.17724538509055177 0.44696662327182596 0.21125 0.00021124999999999998 1000.0 20000.0 0.3 0 0
0.2799999999999999 0.34500000000000003 0.0 2.2 -3.9633162998156966 -3.9633162998156966 -3.9633162998156966 1.0 0.0 0.0 0.0 0.9170522098163324 0.17724538509055177 0.44696662327182596 0.21125 0.00021124999999999998 1000.0 20000.0 0.3 0 0
0.2799999999999999 0.34500000000000003 0.065 2.2 -3.9633162998156966 -3.9633162998156966 -3.9633162998156966 1.0 0.0 0.0 0.0 0.9170522098163324 0.17724538509055177 0.44696662327182596 0.21125 0.00021124999999999998 1000.0 20000.0 0.3 0 0
0.2799999999999999 0.34500000000000003 0.13 2.2 -3.9633162998156966 -3.9633162998156966 -3.9633162998156966 1.0 0.0 0.0 0.0 0.9170522098163324 0.17724538509055177 0.44696662327182596 0.21125 0.00021124999999999998 1000.0 20000.0 0.3 0 0
0.2799999999999999 0.41000000000000003 -0.13 2.2 -3.9633162998156966 -3.9633162998156966 -3.9633162998156966 1.0 0.0 0.0 0.0 0.9170522098163324 0.17724538509055177 0.44696662327182596 0.21125 0.00021124999999999998 1000.0 20000.0 0.3 0 0
0.2799999999999999 0.41000000000000003 -0.065 2.2 -3.9633162998156966 -3.9633162998156966 -3.9633162998156966 1.0 0.0 0.0 0.0 0.9170522098163324 0.17724538509055177 0.44696662327182596 0.21125 0.00021124999999999998 1000.0 20000.0 0.3 0 0
0.2799999999999999 0.41000000000000003 0.0 2.2 -3.9633162998156966 -3.9633162998156966 -3.9633162998156966 1.0 0.0 0.0 0.0 0.9170522098163324 0.17724538509055177 0.44696662327182596 0.21125 0.00021124999999999998 1000.0 20000.0 0.3 0 0
0.2799999999999999 0.41000000000000003 0.065 2.2 -3.9633162998156966 -3.9633162998156966 -3.9633162998156966 1.0 0.0 0.0 0.0 0.9170522098163324 0.17724538509055177 0.44696662327182596 0.21125 0.00021124999999999998 1000.0 20000.0 0.3 0 0
0.2799999999999999 0.41000000000000003 0.13 2.2 -3.9633162998156966 -3.9633162998156966 -3.9633162998156966 1.0 0.0 0.0 0.0 0.9170522098163324 0.17724538509055177 0.44696662327182596 0.21125 0.00021124999999999998 1000.0 20000.0 0.3 0 0
0.32999999999999996 0.15000000000000002 -0.13 2.2 -3.9633162998156966 -3.9633162998156966 -3.9633162998156966 1.0 0.0 0.0 0.0 1.0172343839979483 0.17724538509055177 0.393022375635571 0.21125 0.00021124999999999998 1000.0 20000.0 0.3 0 0
0.32999999999999996 0.15000000000000002 -0.065 2.2 -3.9633162998156966 -3.9633162998156966 -3.9633162998156966 1.0 0.0 0.0 0.0 1.0172343839979483 0.17724538509055177 0.393022375635571 0.21125 0.00021124999999999998 1000.0 20000.0 0.3 0 0
0.32999999999999996 0.15000000000000002 0.0 2.2 -3.9633162998156966 -3.9633162998156966 -3.9633162998156966 1.0 0.0 0.0 0.0 1.0172343839979483 0.17724538509055177 0.393022375635571 0.21125 0.00021124999999999998 1000.0 20000.0 0.3 0 0
0.32999999999999996 0.15000000000000002 0.065 2.2 -3.9633162998156966 -3.9633162998156966 -3.9633162998156966 1.0 0.0 0.0 0.0 1.0172343839979483 0.17724538509055177 0.393022375635571 0.21125 0.00021124999999999998 1000.0 20000.0 0.3 0 0
0.32999999999999996 0.15000000000000002 0.13 2.2 -3.9633162998156966 -3.9633162998156966 -3.9633162998156966 1.0 0.0 0.0 0.0 1.0172343839979483 0.17724538509055177 0.393022375635571 0.21125 0.00021124999999999998 1000.0 20000.0 0.3 0 0
0.32999999999999996 0.21500000000000002 -0.13 2.2 -3.9633162998156966 -3.9633162998156966 -3.9633162998156966 1.0 0.0 0.0 0.0 1.0172343839979483 0.17724538509055177 0.393022375635571 0.21125 0.00021124999999999998 1000.0 20000.0 0.3 0 0
0.32999999999999996 0.21500000000000002 -0.065 2.2 -3.9633162998156966 -3.9633162998156966 -3.9633162998156966 1.0 0.0 0.0 0.0 1.0172343839979483 0.17724538509055177 0.393022375635571 0.21125 0.00021124999999999998 1000.0 20000.0 0.3 0 0
0.32999999999999996 0.21500000000000002 0.0 2.2 -3.9633162998156966 -3.9633162998156966 -3.9633162998156966 1.0 0.0 0.0 0.0 1.0172343839979483 0.17724538509055177 0.393022375635571 0.21125 0.00021124999999999998 1000.0 20000.0 0.3 0 0
0.32999999999999996 0.21500000000000002 0.065 2.2 -3.9633162998156966 -3.9633162998156966 -3.9633162998156966 1.0 0.0 0.0 0.0 1.0172343839979483 0.17724538509055177 0.393022375635571 0.21125 0.00021124999999999998 1000.0 20000.0 0.3 0 0
0.32999999999999996 0.21500000000000002 0.13 2.2 -3.9633162998156966 -3.9633162998156966 -3.9633162998156966 1.0 0.0 0.0 0.0 1.0172343839979483 0.17724538509055177 0.393022375635571 0.21125 0.00021124999999999998 1000.0 20000.0 0.3 0 0
0.32999999999999996 0.28 -0.13 2.2 -3.9633162998156966 -3.9633162998156966 -3.9633162998156966 1.0 0.0 0.0 0.0 1.0172343839979483 0.17724538509055177 0.393022375635571 0.21125 0.00021124999999999998 1000.0 20000.0 0.3 0 0
0.32999999999999996 0.28 -0.065 2.2 -3.9633162998156966 -3.9633162998156966 -3.9633162998156966 1.0 0.0 0.0 0.0 1.0172343839979483 0.17724538509055177 0.393022375635571 0.21125 0.00021124999999999998 1000.0 20000.0 0.3 0 0
0.32999999999999996 0.28 0.0 2.2 -3.9633162998156966 -3.9633162998156966 -3.9633162998156966 1.0 0.0 0.0 0.0 1.0172343839979483 0.17724538509055177 0.393022375635571 0.21125 0.00021124999999999998 1000.0 20000.0 0.3 0 0
0.32999999999999996 0.28 0.065 2.2 -3.9633162998156966 -3.9633162998156966 -3.9633162998156966 1.0 0.0 0.0 0.0 1.0172343839979483 0.17724538509055177 0.393022375635571 0.21125 0.00021124999999999998 1000.0 20000.0 0.3 0 0
0.32999999999999996 0.28 0.13 2.2 -3.9633162998156966 -3.9633162998156966 -3.9633162998156966 1.0 0.0 0.0 0.0 1.0172343839979483 0.17724538509055177 0.393022375635571 0.21125 0.00021124999999999998 1000.0 20000.0 0.3 0 0
0.32999999999999996 0.34500000000000003 -0.13 2.2 -3.9633162998156966 -3.9633162998156966 -3.9633162998156966 1.0 0.0 0.0 0.0 1.0172343839979483 0.17724538509055177 0.393022375635571 0.21125 0.00021124999999999998 1000.0 20000.0 0.3 0 0
0.32999999999999996 0.34500000000000003 -0.065 2.2 -3.9633162998156966 -3.9633162998156966 -3.9633162998156966 1.0 0.0 0.0 0.0 1.0172343839979483 0.17724538509055177 0.393022375635571 0.21125 0.00021124999999999998 1000.0 20000.0 0.3 0 0
0.32999999999999996 0.34500000000000003 0.0 2.2 -3.9633162998156966 -3.9633162998156966 -3.9633162998156966 1.0 0.0 0.0 0.0 1.0172343839979483 0.17724538509055177 0.393022375635571 0.21125 0.00021124999999999998 1000.0 20000.0 0.3 0 0
0.32999999999999996 0.34500000000000003 0.065 2.2 -3.9633162998156966 -3.9633162998156966 -3.9633162998156966 1.0 0.0 0.0 0.0 1.0172343839979483 0.17724538509055177 0.393022375635571 0.21125 0.00021124999999999998 1000.0 20000.0 0.3 0 0
0.32999999999999996 0.34500000000000003 0.13 2.2 -3.9633162998156966 -3.9633162998156966 -3.9633162998156966 1.0 0.0 0.0 0.0 1.0172343839979483 0.17724538509055177 0.393022375635571 0.21125 0.00021124999999999998 1000.0 20000.0 0.3 0 0
0.32999999999999996 0.41000000000000003 -0.13 2.2 -3.9633162998156966 -3.9633162998156966 -3.9633162998156966 1.0 0.0 0.0 0.0 1.0172343839979483 0.17724538509055177 0.393022375635571 0.21125 0.00021124999999999998 1000.0 20000.0 0.3 0 0
0.32999999999999996 0.41000000000000003 -0.065 2.2 -3.9633162998156966 -3.9633162998156966 -3.9633162998156966 1.0 0.0 0.0 0.0 1.0172343839979483 0.17724538509055177 0.393022375635571 0.21125 0.00021124999999999998 1000.0 20000.0 0.3 0 0
0.32999999999999996 0.41000000000000003 0.0 2.2 -3.9633162998156966 -3.9633162998156966 -3.9633162998156966 1.0 0.0 0.0 0.0 1.0172343839979483 0.17724538509055177 0.393022375635571 0.21125 0.00021124999999999998 1000.0 20000.0 0.3 0 0
0.32999999999999996 0.41000000000000003 0.065 2.2 -3.9633162998156966 -3.9633162998156966 -3.9633162998156966 1.0 0.0 0.0 0.0 1.0172343839979483 0.17724538509055177 0.393022375635571 0.21125 0.00021124999999999998 1000.0 20000.0 0.3 0 0
0.32999999999999996 0.41000000000000003 0.13 2.2 -3.9633162998156966 -3.9633162998156966 -3.9633162998156966 1.0 0.0 0.0 0.0 1.0172343839979483 0.17724538509055177 0.393022375635571 0.21125 0.00021124999999999998 1000.0 20000.0 0.3 0 0
0.3799999999999999 0.15000000000000002 -0.13 2.2 -3.9633162998156966 -3.9633162998156966 -3.9633162998156966 1.0 0.0 0.0 0.0 1.1174165581795643 0.17724538509055177 0.33907812799931614 0.21125 0.00021124999999999998 1000.0 20000.0 0.3 0 0
0.3799999999999999 0.15000000000000002 -0.065 2.2 -3.9633162998156966 -3.9633162998156966 -3.9633162998156966 1.0 0.0 0.0 0.0 1.1174165581795643 0.17724538509055177 0.33907812799931614 0.21125 0.00021124999999999998 1000.0 20000.0 0.3 0 0
0.3799999999999999 0.15000000000000002 0.0 2.2 -3.9633162998156966 -3.9633162998156966 -3.9633162998156966 1.0 0.0 0.0 0.0 1.1174165581795643 0.17724538509055177 0.33907812799931614 0.21125 0.00021124999999999998 1000.0 20000.0 0.3 0 0
0.3799999999999999 0.15000000000000002 0.065 2.2 -3.9633162998156966 -3.9633162998156966 -3.9633162998156966 1.0 0.0 0.0 0.0 1.1174165581795643 0.17724538509055177 0.33907812799931614 0.21125 0.00021124999999999998 1000.0 20000.0 0.3 0 0
0.3799999999999999 0.15000000000000002 0.13 2.2 -3.9633162998156966 -3.9633162998156966 -3.9633162998156966 1.0 0.0 0.0 0.0 1.1174165581795643 0.17724538509055177 0.33907812799931614 0.21125 0.00021124999999999998 1000.0 20000.0 0.3 0 0
0.3799999999999999 0.21500000000000002 -0.13 2.2 -3.9633162998156966 -3.9633162998156966 -3.9633162998156966 1.0 0.0 0.0 0.0 1.1174165581795643 0.17724538509055177 0.33907812799931614 0.21125 0.00021124999999999998 1000.0 20000.0 0.3 0 0
0.3799999999999999 0.21500000000000002 -0.065 2.2 -3.9633162998156966 -3.9633162998156966 -3.9633162998156966 1.0 0.0 0.0 0.0 1.1174165581795643 0.17724538509055177 0.33907812799931614 0.21125 0.00021124999999999998 1000.0 20000.0 0.3 0 0
0.3799999999999999 0.21500000000000002 0.0 2.2 -3.9633162998156966 -3.9633162998156966 -3.9633162998156966 1.0 0.0 0.0 0.0 1.1174165581795643 0.17724538509055177 0.33907812799931614 0.21125 0.00021124999999999998 1000.0 20000.0 0.3 0 0
0.3799999999999999 0.21500000000000002 0.065 2.2 -3.9633162998156966 -3.9633162998156966 -3.9633162998156966 1.0 0.0 0.0 0.0 1.1174165581795643 0.17724538509055177 0.33907812799931614 0.21125 0.00021124999999999998 1000.0 20000.0 0.3 0 0
0.3799999999999999 0.21500000000000002 0.13 2.2 -3.9633162998156966 -3.9633162998156966 -3.9633162998156966 1.0 0.0 0.0 0.0 1.1174165581795643 0.17724538509055177 0.33907812799931614 0.21125 0.00021124999999999998 1000.0 20000.0 0.3 0 0
0.3799999999999999 0.28 -0.13 2.2 -3.9633162998156966 -3.9633162998156966 -3.9633162998156966 1.0 0.0 0.0 0.0 1.1174165581795643 0.17724538509055177 0.33907812799931614 0.21125 0.00021124999999999998 1000.0 20000.0 0.3 0 0
0.3799999999999999 0.28 -0.065 2.2 -3.9633162998156966 -3.9633162998156966 -3.9633162998156966 1.0 0.0 0.0 0.0 1.1174165581795643 0.17724538509055177 0.33907812799931614 0.21125 0.00021124999999999998 1000.0 20000.0 0.3 0 0
0.3799999999999999 0.28 0.0 2.2 -3.9633162998156966 -3.9633162998156966 -3.9633162998156966 1.0 0.0 0.0 0.0 1.1174165581795643 0.17724538509055177 0.33907812799931614 0.21125 0.00021124999999999998 1000.0 20000.0 0.3 0 0
0.3799999999999999 0.28 0.065 2.2 -3.9633162998156966 -3.9633162998156966 -3.9633162998156966 1.0 0.0 0.0 0.0 1.1174165581795643 0.17724538509055177 0.33907812799931614 0.21125 0.00021124999999999998 1000.0 20000.0 0.3 0 0
0.3799999999999999 0.28 0.13 2.2 -3.9633162998156966 -3.9633162998156966 -3.9633162998156966 1.0 0.0 0.0 0.0 1.1174165581795643 0.17724538509055177 0.33907812799931614 0.21125 0.00021124999999999998 1000.0 20000.0 0.3 0 0
0.3799999999999999 0.34500000000000003 -0.13 2.2 -3.9633162998156966 -3.9633162998156966 -3.9633162998156966 1.0 0.0 0.0 0.0 1.1174165581795643 0.17724538509055177 0.33907812799931614 0.21125 0.00021124999999999998 1000.0 20000.0 0.3 0 0
0.3799999999999999 0.34500000000000003 -0.065 2.2 -3.9633162998156966 -3.9633162998156966 -3.9633162998156966 1.0 0.0 0.0 0.0 1.1174165581795643 0.17724538509055177 0.33907812799931614 0.21125 0.00021124999999999998 1000.0 20000.0 0.3 0 0
0.3799999999999999 0.34500000000000003 0.0 2.2 -3.9633162998156966 -3.9633162998156966 -3.9633162998156966 1.0 0.0 0.0 0.0 1.1174165581795643 0.17724538509055177 0.33907812799931614 0.21125 0.00021124999999999998 1000.0 20000.0 0.3 0 0
0.3799999999999999 0.34500000000000003 0.065 2.2 -3.9633162998156966 -3.9633162998156966 -3.9633162998156966 1.0 0.0 0.0 0.0 1.1174165581795643 0.17724538509055177 0.33907812799931614 0.21125 0.00021124999999999998 1000.0 20000.0 0.3 0 0
0.3799999999999999 0.34500000000000003 0.13 2.2 -3.9633162998156966 -3.9633162998156966 -3.9633162998156966 1.0 0.0 0.0 0.0 1.1174165581795643 0.17724538509055177 0.33907812799931614 0.21125 0.00021124999999999998 1000.0 20000.0 0.3 0 0
0.3799999999999999 0.41000000000000003 -0.13 2.2 -3.9633162998156966 -3.9633162998156966 -3.9633162998156966 1.0 0.0 0.0 0.0 1.1174165581795643 0.17724538509055177 0.33907812799931614 0.21125 0.00021124999999999998 1000.0 20000.0 0.3 0 0
0.3799999999999999 0.41000000000000003 -0.065 2.2 -3.9633162998156966 -3.9633162998156966 -3.9633162998156966 1.0 0.0 0.0 0.0 1.1174165581795643 0.17724538509055177 0.33907812799931614 0.21125 0.00021124999999999998 1000.0 20000.0 0.3 0 0
0.3799999999999999 0.41000000000000003 0.0 2.2 -3.9633162998156966 -3.9633162998156966 -3.9633162998156966 1.0 0.0 0.0 0.0 1.1174165581795643 0.17724538509055177 0.33907812799931614 0.21125 0.00021124999999999998 1000.0 20000.0 0.3 0 0
0.3799999999999999 0.41000000000000003 0.065 2.2 -3.9633162998156966 -3.9633162998156966 -3.9633162998156966 1.0 0.0 0.0 0.0 1.1174165581795643 0.17724538509055177 0.33907812799931614 0.21125 0.00021124999999999998 1000.0 20000.0 0.3 0 0
0.3799999999999999 0.41000000000000003 0.13 2.2 -3.9633162998156966 -3.9633162998156966 -3.9633162998156966 1.0 0.0 0.0 0.0 1.1174165581795643 0.17724538509055177 0.33907812799931614 0.21125 0.00021124999999999998 1000.0 20000.0 0.3 0 0
0.4299999999999998 0.15000000000000002 -0.13 2.2 -3.9633162998156966 -3.9633162998156966 -3.9633162998156966 1.0 0.0 0.0 0.0 1.2175987323611805 0.17724538509055177 0.2851338803630616 0.21125 0.00021124999999999998 1000.0 20000.0 0.3 0 0
0.4299999999999998 0.15000000000000002 -0.065 2.2 -3.9633162998156966 -3.9633162998156966 -3.9633162998156966 1.0 0.0 0.0 0.0 1.2175987323611805 0.17724538509055177 0.2851338803630616 0.21125 0.00021124999999999998 1000.0 20000.0 0.3 0 0
0.4299999999999998 0.15000000000000002 0.0 2.2 -3.9633162998156966 -3.9633162998156966 -3.9633162998156966 1.0 0.0 0.0 0.0 1.2175987323611805 0.17724538509055177 0.2851338803630616 0.21125 0.00021124999999999998 1000.0 20000.0 0.3 0 0
0.4299999999999998 0.15000000000000002 0.065 2.2 -3.9633162998156966 -3.9633162998156966 -3.9633162998156966 1.0 0.0 0.0 0.0 1.2175987323611805 0.17724538509055177 0.2851338803630616 0.21125 0.00021124999999999998 1000.0 20000.0 0.3 0 0
0.4299999999999998 0.15000000000000002 0.13 2.2 -3.9633162998156966 -3.9633162998156966 -3.9633162998156966 1.0 0.0 0.0 0.0 1.2175987323611805 0.17724538509055177 0.2851338803630616 0.21125 0.00021124999999999998 1000.0 20000.0 0.3 0 0
0.4299999999999998 0.21500000000000002 -0.13 2.2 -3.9633162998156966 -3.9633162998156966 -3.9633162998156966 1.0 0.0 0.0 0.0 1.2175987323611805 0.17724538509055177 0.2851338803630616 0.21125 0.00021124999999999998 1000.0 20000.0 0.3 0 0
0.4299999999999998 0.21500000000000002 -0.065 2.2 -3.9633162998156966 -3.9633162998156966 -3.9633162998156966 1.0 0.0 0.0 0.0 1.2175987323611805 0.17724538509055177 0.2851338803630616 0.21125 0.00021124999999999998 1000.0 20000.0 0.3 0 0
0.4299999999999998 0.21500000000000002 0.0 2.2 -3.9633162998156966 -3.9633162998156966 -3.9633162998156966 1.0 0.0 0.0 0.0 1.2175987323611805 0.17724538509055177 0.2851338803630616 0.21125 0.00021124999999999998 1000.0 20000.0 0.3 0 0
0.4299999999999998 0.21500000000000002 0.065 2.2 -3.9633162998156966 -3.9633162998156966 -3.9633162998156966 1.0 0.0 0.0 0.0 1.2175987323611805 0.17724538509055177 0.2851338803630616 0.21125 0.00021124999999999998 1000.0 20000.0 0.3 0 0
0.4299999999999998 0.21500000000000002 0.13 2.2 -3.9633162998156966 -3.9633162998156966 -3.9633162998156966 1.0 0.0 0.0 0.0 1.2175987323611805 0.17724538509055177 0.2851338803630616 0.21125 0.00021124999999999998 1000.0 20000.0 0.3 0 0
0.4299999999999998 0.28 -0.13 2.2 -3.9633162998156966 -3.9633162998156966 -3.9633162998156966 1.0 0.0 0.0 0.0 1.2175987323611805 0.17724538509055177 0.2851338803630616 0.21125 0.00021124999999999998 1000.0 20000.0 0.3 0 0
0.4299999999999998 0.28 -0.065 2.2 -3.9633162998156966 -3.9633162998156966 -3.9633162998156966 1.0 0.0 0.0 0.0 1.2175987323611805 0.17724538509055177 0.2851338803630616 0.21125 0.00021124999999999998 1000.0 20000.0 0.3 0 0
0.4299999999999998 0.28 0.0 2.2 -3.9633162998156966 -3.9633162998156966 -3.9633162998156966 1.0 0.0 0.0 0.0 1.2175987323611805 0.17724538509055177 0.2851338803630616 0.21125 0.00021124999999999998 1000.0 20000.0 0.3 0 0
0.4299999999999998 0.28 0.065 2.2 -3.9633162998156966 -3.9633162998156966 -3.9633162998156966 1.0 0.0 0.0 0.0 1.2175987323611805 0.17724538509055177 0.2851338803630616 0.21125 0.00021124999999999998 1000.0 20000.0 0.3 0 0
0.4299999999999998 0.28 0.13 2.2 -3.9633162998156966 -3.9633162998156966 -3.9633162998156966 1.0 0.0 0.0 0.0 1.2175987323611805 0.17724538509055177 0.2851338803630616 0.21125 0.00021124999999999998 1000.0 20000.0 0.3 0 0
0.4299999999999998 0.34500000000000003 -0.13 2.2 -3.9633162998156966 -3.9633162998156966 -3.9633162998156966 1.0 0.0 0.0 0.0 1.2175987323611805 0.17724538509055177 0.2851338803630616 0.21125 0.00021124999999999998 1000.0 20000.0 0.3 0 0
0.4299999999999998 0.34500000000000003 -0.065 2.2 -3.9633162998156966 -3.9633162998156966 -3.9633162998156966 1.0 0.0 0.0 0.0 1.2175987323611805 0.17724538509055177 0.2851338803630616 0.21125 0.00021124999999999998 1000.0 20000.0 0.3 0 0
0.4299999999999998 0.34500000000000003 0.0 2.2 -3.9633162998156966 -3.9633162998156966 -3.9633162998156966 1.0 0.0 0.0 0.0 1.2175987323611805 0.17724538509055177 0.2851338803630616 0.21125 0.00021124999999999998 1000.0 20000.0 0.3 0 0
0.4299999999999998 0.34500000000000003 0.065 2.2 -3.9633162998156966 -3.9633162998156966 -3.9633162998156966 1.0 0.0 0.0 0.0 1.2175987323611805 0.17724538509055177 0.2851338803630616 0.21125 0.00021124999999999998 1000.0 20000.0 0.3 0 0
0.4299999999999998 0.34500000000000003 0.13 2.2 -3.9633162998156966 -3.9633162998156966 -3.9633162998156966 1.0 0.0 0.0 0.0 1.2175987323611805 0.17724538509055177 0.2851338803630616 0.21125 0.00021124999999999998 1000.0 20000.0 0.3 0 0
0.4299999999999998 0.41000000000000003 -0.13 2.2 -3.9633162998156966 -3.9633162998156966 -3.9633162998156966 1.0 0.0 0.0 0.0 1.2175987323611805 0.17724538509055177 0.2851338803630616 0.21125 0.00021124999999999998 1000.0 20000.0 0.3 0 0
0.4299999999999998 0.41000000000000003 -0.065 2.2 -3.9633162998156966 -3.9633162998156966 -3.9633162998156966 1.0 0.0 0.0 0.0 1.2175987323611805 0.17724538509055177 0.2851338803630616 0.21125 0.00021124999999999998 1000.0 20000.0 0.3 0 0
0.4299999999999998 0.41000000000000003 0.0 2.2 -3.9633162998156966 -3.9633162998156966 -3.9633162998156966 1.0 0.0 0.0 0.0 1.2175987323611805 0.17724538509055177 0.2851338803630616 0.21125 0.00021124999999999998 1000.0 20000.0 0.3 0 0
0.4299999999999998 0.41000000000000003 0.065 2.2 -3.9633162998156966 -3.9633162998156966 -3.9633162998156966 1.0 0.0 0.0 0.0 1.2175987323611805 0.17724538509055177 0.2851338803630616 0.21125 0.00021124999999999998 1000.0 20000.0 0.3 0 0
0.4299999999999998 0.41000000000000003 0.13 2.2 -3.9633162998156966 -3.9633162998156966 -3.9633162998156966 1.0 0.0 0.0 0.0 1.2175987323611805 0.17724538509055177 0.2851338803630616 0.21125 0.00021124999999999998 1000.0 20000.0 0.3 0 0
0.47999999999999987 0.15000000000000002 -0.13 2.2 -3.9633162998156966 -3.9633162998156966 -3.9633162998156966 1.0 0.0 0.0 0.0 1.317780906542797 0.17724538509055177 0.23118963272680668 0.21125 0.00021124999999999998 1000.0 20000.0 0.3 0 0
0.47999999999999987 0.15000000000000002 -0.065 2.2 -3.9633162998156966 -3.9633162998156966 -3.9633162998156966 1.0 0.0 0.0 0.0 1.317780906542797 0.17724538509055177 0.23118963272680668 0.21125 0.00021124999999999998 1000.0 20000.0 0.3 0 0
0.47999999999999987 0.15000000000000002 0.0 2.2 -3.9633162998156966 -3.9633162998156966 -3.9633162998156966 1.0 0.0 0.0 0.0 1.317780906542797 0.17724538509055177 0.23118963272680668 0.21125 0.00021124999999999998 1000.0 20000.0 0.3 0 0
0.47999999999999987 0.15000000000000002 0.065 2.2 -3.9633162998156966 -3.9633162998156966 -3.9633162998156966 1.0 0.0 0.0 0.0 1.317780906542797 0.17724538509055177 0.23118963272680668 0.21125 0.00021124999999999998 1000.0 20000.0 0.3 0 0
0.47999999999999987 0.15000000000000002 0.13 2.2 -3.9633162998156966 -3.9633162998156966 -3.9633162998156966 1.0 0.0 0.0 0.0 1.317780906542797 0.17724538509055177 0.23118963272680668 0.21125 0.00021124999999999998 1000.0 20000.0 0.3 0 0
0.47999999999999987 0.21500000000000002 -0.13 2.2 -3.9633162998156966 -3.9633162998156966 -3.9633162998156966 1.0 0.0 0.0 0.0 1.317780906542797 0.17724538509055177 0.23118963272680668 0.21125 0.00021124999999999998 1000.0 20000.0 0.3 0 0
0.47999999999999987 0.21500000000000002 -0.065 2.2 -3.9633162998156966 -3.9633162998156966 -3.9633162998156966 1.0 0.0 0.0 0.0 1.317780906542797 0.17724538509055177 0.23118963272680668 0.21125 0.00021124999999999998 1000.0 20000.0 0.3 0 0
0.47999999999999987 0.21500000000000002 0.0 2.2 -3.9633162998156966 -3.9633162998156966 -3.9633162998156966 1.0 0.0 0.0 0.0 1.317780906542797 0.17724538509055177 0.23118963272680668 0.21125 0.00021124999999999998 1000.0 20000.0 0.3 0 0
0.47999999999999987 0.21500000000000002 0.065 2.2 -3.9633162998156966 -3.9633162998156966 -3.9633162998156966 1.0 0.0 0.0 0.0 1.317780906542797 0.17724538509055177 0.23118963272680668 0.21125 0.00021124999999999998 1000.0 20000.0 0.3 0 0
0.47999999999999987 0.21500000000000002 0.13 2.2 -3.9633162998156966 -3.9633162998156966 -3.9633162998156966 1.0 0.0 0.0 0.0 1.317780906542797 0.17724538509055177 0.23118963272680668 0.21125 0.00021124999999999998 1000.0 20000.0 0.3 0 0
0.47999999999999987 0.28 -0.13 2.2 -3.9633162998156966 -3.9633162998156966 -3.9633162998156966 1.0 0.0 0.0 0.0 1.317780906542797 0.17724538509055177 0.23118963272680668 0.21125 0.00021124999999999998 1000.0 20000.0 0.3 0 0
0.47999999999999987 0.28 -0.065 2.2 -3.9633162998156966 -3.9633162998156966 -3.9633162998156966 1.0 0.0 0.0 0.0 1.317780906542797 0.17724538509055177 0.23118963272680668 0.21125 0.00021124999999999998 1000.0 20000.0 0.3 0 0
0.47999999999999987 0.28 0.0 2.2 -3.9633162998156966 -3.9633162998156966 -3.9633162998156966 1.0 0.0 0.0 0.0 1.317780906542797 0.17724538509055177 0.23118963272680668 0.21125 0.00021124999999999998 1000.0 20000.0 0.3 0 0
0.47999999999999987 0.28 0.065 2.2 -3.9633162998156966 -3.9633162998156966 -3.9633162998156966 1.0 0.0 0.0 0.0 1.317780906542797 0.17724538509055177 0.23118963272680668 0.21125 0.00021124999999999998 1000.0 20000.0 0.3 0 0
0.47999999999999987 0.28 0.13 2.2 -3.9633162998156966 -3.9633162998156966 -3.9633162998156966 1.0 0.0 0.0 0.0 1.317780906542797 0.17724538509055177 0.23118963272680668 0.21125 0.00021124999999999998 1000.0 20000.0 0.3 0 0
0.47999999999999987 0.34500000000000003 -0.13 2.2 -3.9633162998156966 -3.9633162998156966 -3.9633162998156966 1.0 0.0 0.0 0.0 1.317780906542797 0.17724538509055177 0.23118963272680668 0.21125 0.00021124999999999998 1000.0 20000.0 0.3 0 0
0.47999999999999987 0.34500000000000003 -0.065 2.2 -3.9633162998156966 -3.9633162998156966 -3.9633162998156966 1.0 0.0 0.0 0.0 1.317780906542797 0.17724538509055177 0.23118963272680668 0.21125 0.00021124999999999998 1000.0 20000.0 0.3 0 0
0.47999999999999987 0.34500000000000003 0.0 2.2 -3.9633162998156966 -3.9633162998156966 -3.9633162998156966 1.0 0.0 0.0 0.0 1.317780906542797 0.17724538509055177 0.23118963272680668 0.21125 0.00021124999999999998 1000.0 20000.0 0.3 0 0
0.47999999999999987 0.34500000000000003 0.065 2.2 -3.9633162998156966 -3.9633162998156966 -3.9633162998156966 1.0 0.0 0.0 0.0 1.317780906542797 0.17724538509055177 0.23118963272680668 0.21125 0.00021124999999999998 1000.0 20000.0 0.3 0 0
0.47999999999999987 0.34500000000000003 0.13 2.2 -3.9633162998156966 -3.9633162998156966 -3.9633162998156966 1.0 0.0 0.0 0.0 1.317780906542797 0.17724538509055177 0.23118963272680668 0.21125 0.00021124999999999998 1000.0 20000.0 0.3 0 0
0.47999999999999987 0.41000000000000003 -0.13 2.2 -3.9633162998156966 -3.9633162998156966 -3.9633162998156966 1.0 0.0 0.0 0.0 1.317780906542797 0.17724538509055177 0.23118963272680668 0.21125 0.00021124999999999998 1000.0 20000.0 0.3 0 0
0.47999999999999987 0.41000000000000003 -0.065 2.2 -3.9633162998156966 -3.9633162998156966 -3.9633162998156966 1.0 0.0 0.0 0.0 1.317780906542797 0.17724538509055177 0.23118963272680668 0.21125 0.00021124999999999998 1000.0 20000.0 0.3 0 0
0.47999999999999987 0.41000000000000003 0.0 2.2 -3.9633162998156966 -3.9633162998156966 -3.9633162998156966 1.0 0.0 0.0 0.0 1.317780906542797 0.17724538509055177 0.23118963272680668 0.21125 0.00021124999999999998 1000.0 20000.0 0.3 0 0
0.47999999999999987 0.41000000000000003 0.065 2.2 -3.9633162998156966 -3.9633162998156966 -3.9633162998156966 1.0 0.0 0.0 0.0 1.317780906542797 0.17724538509055177 0.23118963272680668 0.21125 0.00021124999999999998 1000.0 20000.0 0.3 0 0
0.47999999999999987 0.41000000000000003 0.13 2.2 -3.9633162998156966 -3.9633162998156966 -3.9633162998156966 1.0 0.0 0.0 0.0 1.317780906542797 0.17724538509055177 0.23118963272680668 0.21125 0.00021124999999999998 1000.0 20000.0 0.3 0 0
0.5299999999999999 0.15000000000000002 -0.13 2.2 -3.9633162998156966 -3.9633162998156966 -3.9633162998156966 1.0 0.0 0.0 0.0 1.417963080724413 0.17724538509055177 0.17724538509055177 0.21125 0.00021124999999999998 1000.0 20000.0 0.3 0 0
0.5299999999999999 0.15000000000000002 -0.065 2.2 -3.9633162998156966 -3.9633162998156966 -3.9633162998156966 1.0 0.0 0.0 0.0 1.417963080724413 0.17724538509055177 0.17724538509055177 0.21125 0.00021124999999999998 1000.0 20000.0 0.3 0 0
0.5299999999999999 0.15000000000000002 0.0 2.2 -3.9633162998156966 -3.9633162998156966 -3.9633162998156966 1.0 0.0 0.0 0.0 1.417963080724413 0.17724538509055177 0.17724538509055177 0.21125 0.00021124999999999998 1000.0 20000.0 0.3 0 0
0.5299999999999999 0.15000000000000002 0.065 2.2 -3.9633162998156966 -3.9633162998156966 -3.9633162998156966 1.0 0.0 0.0 0.0 1.417963080724413 0.17724538509055177 0.17724538509055177 0.21125 0.00021124999999999998 1000.0 20000.0 0.3 0 0
0.5299999999999999 0.15000000000000002 0.13 2.2 -3.9633162998156966 -3.9633162998156966 -3.9633162998156966 1.0 0.0 0.0 0.0 1.417963080724413 0.17724538509055177 0.17724538509055177 0.21125 0.00021124999999999998 1000.0 20000.0 0.3 0 0
0.5299999999999999 0.21500000000000002 -0.13 2.2 -3.9633162998156966 -3.9633162998156966 -3.9633162998156966 1.0 0.0 0.0 0.0 1.417963080724413 0.17724538509055177 0.17724538509055177 0.21125 0.00021124999999999998 1000.0 20000.0 0.3 0 0
0.5299999999999999 0.21500000000000002 -0.065 2.2 -3.9633162998156966 -3.9633162998156966 -3.9633162998156966 1.0 0.0 0.0 0.0 1.417963080724413 0.17724538509055177 0.17724538509055177 0.21125 0.00021124999999999998 1000.0 20000.0 0.3 0 0
0.5299999999999999 0.21500000000000002 0.0 2.2 -3.9633162998156966 -3.9633162998156966 -3.9633162998156966 1.0 0.0 0.0 0.0 1.417963080724413 0.17724538509055177 0.17724538509055177 0.21125 0.00021124999999999998 1000.0 20000.0 0.3 0 0
0.5299999999999999 0.21500000000000002 0.065 2.2 -3.9633162998156966 -3.9633162998156966 -3.9633162998156966 1.0 0.0 0.0 0.0 1.417963080724413 0.17724538509055177 0.17724538509055177 0.21125 0.00021124999999999998 1000.0 20000.0 0.3 0 0
0.5299999999999999 0.21500000000000002 0.13 2.2 -3.9633162998156966 -3.9633162998156966 -3.9633162998156966 1.0 0.0 0.0 0.0 1.417963080724413 0.17724538509055177 0.17724538509055177 0.21125 0.00021124999999999998 1000.0 20000.0 0.3 0 0
0.5299999999999999 0.28 -0.13 2.2 -3.9633162998156966 -3.9633162998156966 -3.9633162998156966 1.0 0.0 0.0 0.0 1.417963080724413 0.17724538509055177 0.17724538509055177 0.21125 0.00021124999999999998 1000.0 20000.0 0.3 0 0
0.5299999999999999 0.28 -0.065 2.2 -3.9633162998156966 -3.9633162998156966 -3.9633162998156966 1.0 0.0 0.0 0.0 1.417963080724413 0.17724538509055177 0.17724538509055177 0.21125 0.00021124999999999998 1000.0 20000.0 0.3 0 0
0.5299999999999999 0.28 0.0 2.2 -3.9633162998156966 -3.9633162998156966 -3.9633162998156966 1.0 0.0 0.0 0.0 1.417963080724413 0.17724538509055177 0.17724538509055177 0.21125 0.00021124999999999998 1000.0 20000.0 0.3 0 0
0.5299999999999999 0.28 0.065 2.2 -3.9633162998156966 -3.9633162998156966 -3.9633162998156966 1.0 0.0 0.0 0.0 1.417963080724413 0.17724538509055177 0.17724538509055177 0.21125 0.00021124999999999998 1000.0 20000.0 0.3 0 0
0.5299999999999999 0.28 0.13 2.2 -3.9633162998156966 -3.9633162998156966 -3.9633162998156966 1.0 0.0 0.0 0.0 1.417963080724413 0.17724538509055177 0.17724538509055177 0.21125 0.00021124999999999998 1000.0 20000.0 0.3 0 0
0.5299999999999999 0.34500000000000003 -0.13 2.2 -3.9633162998156966 -3.9633162998156966 -3.9633162998156966 1.0 0.0 0.0 0.0 1.417963080724413 0.17724538509055177 0.17724538509055177 0.21125 0.00021124999999999998 1000.0 20000.0 0.3 0 0
0.5299999999999999 0.34500000000000003 -0.065 2.2 -3.9633162998156966 -3.9633162998156966 -3.9633162998156966 1.0 0.0 0.0 0.0 1.417963080724413 0.17724538509055177 0.17724538509055177 0.21125 0.00021124999999999998 1000.0 20000.0 0.3 0 0
0.5299999999999999 0.34500000000000003 0.0 2.2 -3.9633162998156966 -3.9633162998156966 -3.9633162998156966 1.0 0.0 0.0 0.0 1.417963080724413 0.17724538509055177 0.17724538509055177 0.21125 0.00021124999999999998 1000.0 20000.0 0.3 0 0
0.5299999999999999 0.34500000000000003 0.065 2.2 -3.9633162998156966 -3.9633162998156966 -3.9633162998156966 1.0 0.0 0.0 0.0 1.417963080724413 0.17724538509055177 0.17724538509055177 0.21125 0.00021124999999999998 1000.0 20000.0 0.3 0 0
0.5299999999999999 0.34500000000000003 0.13 2.2 -3.9633162998156966 -3.9633162998156966 -3.9633162998156966 1.0 0.0 0.0 0.0 1.417963080724413 0.17724538509055177 0.17724538509055177 0.21125 0.00021124999999999998 1000.0 20000.0 0.3 0 0
0.5299999999999999 0.41000000000000003 -0.13 2.2 -3.9633162998156966 -3.9633162998156966 -3.9633162998156966 1.0 0.0 0.0 0.0 1.417963080724413 0.17724538509055177 0.17724538509055177 0.21125 0.00021124999999999998 1000.0 20000.0 0.3 0 0
0.5299999999999999 0.41000000000000003 -0.065 2.2 -3.9633162998156966 -3.9633162998156966 -3.9633162998156966 1.0 0.0 0.0 0.0 1.417963080724413 0.17724538509055177 0.17724538509055177 0.21125 0.00021124999999999998 1000.0 20000.0 0.3 0 0
0.5299999999999999 0.41000000000000003 0.0 2.2 -3.9633162998156966 -3.9633162998156966 -3.9633162998156966 1.0 0.0 0.0 0.0 1.417963080724413 0.17724538509055177 0.17724538509055177 0.21125 0.00021124999999999998 1000.0 20000.0 0.3 0 0
0.5299999999999999 0.41000000000000003 0.065 2.2 -3.9633162998156966 -3.9633162998156966 -3.9633162998156966 1.0 0.0 0.0 0.0 1.417963080724413 0.17724538509055177 0.17724538509055177 0.21125 0.00021124999999999998 1000.0 20000.0 0.3 0 0
0.5299999999999999 0.41000000000000003 0.13 2.2 -3.9633162998156966 -3.9633162998156966 -3.9633162998156966 1.0 0.0 0.0 0.0 1.417963080724413 0.17724538509055177 0.17724538509055177 0.21125 0.00021124999999999998 1000.0 20000.0 0.3 0 0
