ply
format ascii 1.0
element vertex 484
property float x
property float y
property float z
property float opacity
property float scale_0
property float scale_1
property float scale_2
property float rot_0
property float rot_1
property float rot_2
property float rot_3
property float f_dc_0
property float f_dc_1
property float f_dc_2
property float mass
property float volume
property float density
property float youngs_modulus
property float poisson_ratio
property int material_id
property int pinned
end_header
-0.675 0.48 -0.675 1.6 -5.27014648958134 -5.27014648958134 -5.339139361068292 1.0 0.0 0.0 0.0 -1.0634723105433095 1.0634723105433097 1.2407176956338613 0.03223469387755103 4.959183673469389e-05 650.0 12000.0 0.35 0 0
-0.6107142857142858 0.48 -0.675 1.6 -5.27014648958134 -5.27014648958134 -5.339139361068292 1.0 0.0 0.0 0.0 -0.9706294897815922 1.0634723105433097 1.1900761570365608 0.03223469387755103 4.959183673469389e-05 650.0 12000.0 0.35 0 0
-0.5464285714285715 0.48 -0.675 1.6 -5.27014648958134 -5.27014648958134 -5.339139361068292 1.0 0.0 0.0 0.0 -0.8777866690198747 1.0634723105433097 1.1394346184392603 0.03223469387755103 4.959183673469389e-05 650.0 12000.0 0.35 0 0
-0.48214285714285715 0.48 -0.675 1.6 -5.27014648958134 -5.27014648958134 -5.339139361068292 1.0 0.0 0.0 0.0 -0.7849438482581571 1.0634723105433097 1.0887930798419598 0.03223469387755103 4.959183673469389e-05 650.0 12000.0 0.35 0 0
-0.41785714285714287 0.48 -0.675 1.6 -5.27014648958134 -5.27014648958134 -5.339139361068292 1.0 0.0 0.0 0.0 -0.6921010274964395 1.0634723105433097 1.0381515412446594 0.03223469387755103 4.959183673469389e-05 650.0 12000.0 0.35 0 0
-0.3535714285714286 0.48 -0.675 1.6 -5.27014648958134 -5.27014648958134 -5.339139361068292 1.0 0.0 0.0 0.0 -0.599258206734722 1.0634723105433097 0.987510002647359 0.03223469387755103 4.959183673469389e-05 650.0 12000.0 0.35 0 0
-0.28928571428571426 0.48 -0.675 1.6 -5.27014648958134 -5.27014648958134 -5.339139361068292 1.0 0.0 0.0 0.0 -0.5064153859730045 1.0634723105433097 0.9368684640500583 0.03223469387755103 4.959183673469389e-05 650.0 12000.0 0.35 0 0
-0.22499999999999998 0.48 -0.675 1.6 -5.27014648958134 -5.27014648958134 -5.339139361068292 1.0 0.0 0.0 0.0 -0.413572565211287 1.0634723105433097 0.886226925452758 0.03223469387755103 4.959183673469389e-05 650.0 12000.0 0.35 0 0
-0.1607142857142857 0.48 -0.675 1.6 -5.27014648958134 -5.27014648958134 -5.339139361068292 1.0 0.0 0.0 0.0 -0.3207297444495696 1.0634723105433097 0.8355853868554578 0.03223469387755103 4.959183673469389e-05 650.0 12000.0 0.35 0 0
-0.09642857142857142 0.48 -0.675 1.6 -5.27014648958134 -5.27014648958134 -5.339139361068292 1.0 0.0 0.0 0.0 -0.22788692368785204 1.0634723105433097 0.7849438482581571 0.03223469387755103 4.959183673469389e-05 650.0 12000.0 0.35 0 0
-0.03214285714285714 0.48 -0.675 1.6 -5.27014648958134 -5.27014648958134 -5.339139361068292 1.0 0.0 0.0 0.0 -0.13504410292613447 1.0634723105433097 0.7343023096608564 0.03223469387755103 4.959183673469389e-05 650.0 12000.0 0.35 0 0
0.03214285714285714 0.48 -0.675 1.6 -5.27014648958134 -5.27014648958134 -5.339139361068292 1.0 0.0 0.0 0.0 -0.042201282164416896 1.0634723105433097 0.6836607710635562 0.03223469387755103 4.959183673469389e-05 650.0 12000.0 0.35 0 0
0.09642857142857153 0.48 -0.675 1.6 -5.27014648958134 -5.27014648958134 -5.339139361068292 1.0 0.0 0.0 0.0 0.05064153859730028 1.0634723105433097 0.6330192324662558 0.03223469387755103 4.959183673469389e-05 650.0 12000.0 0.35 0 0
0.1607142857142858 0.48 -0.675 1.6 -5.27014648958134 -5.27014648958134 -5.339139361068292 1.0 0.0 0.0 0.0 0.14348435935901824 1.0634723105433097 0.5823776938689552 0.03223469387755103 4.959183673469389e-05 650.0 12000.0 0.35 0 0
0.2250000000000001 0.48 -0.675 1.6 -5.27014648958134 -5.27014648958134 -5.339139361068292 1.0 0.0 0.0 0.0 0.23632718012073542 1.0634723105433097 0.5317361552716549 0.03223469387755103 4.959183673469389e-05 650.0 12000.0 0.35 0 0
0.28928571428571437 0.48 -0.675 1.6 -5.27014648958134 -5.27014648958134 -5.339139361068292 1.0 0.0 0.0 0.0 0.3291700008824534 1.0634723105433097 0.4810946166743542 0.03223469387755103 4.959183673469389e-05 650.0 12000.0 0.35 0 0
0.35357142857142865 0.48 -0.675 1.6 -5.27014648958134 -5.27014648958134 -5.339139361068292 1.0 0.0 0.0 0.0 0.4220128216441706 1.0634723105433097 0.43045307807705396 0.03223469387755103 4.959183673469389e-05 650.0 12000.0 0.35 0 0
0.4178571428571429 0.48 -0.675 1.6 -5.27014648958134 -5.27014648958134 -5.339139361068292 1.0 0.0 0.0 0.0 0.5148556424058881 1.0634723105433097 0.37981153947975327 0.03223469387755103 4.959183673469389e-05 650.0 12000.0 0.35 0 0
0.4821428571428572 0.48 -0.675 1.6 -5.27014648958134 -5.27014648958134 -5.339139361068292 1.0 0.0 0.0 0.0 0.6076984631676057 1.0634723105433097 0.329170000882453 0.03223469387755103 4.959183673469389e-05 650.0 12000.0 0.35 0 0
0.5464285714285715 0.48 -0.675 1.6 -5.27014648958134 -5.27014648958134 -5.339139361068292 1.0 0.0 0.0 0.0 0.7005412839293232 1.0634723105433097 0.2785284622851523 0.03223469387755103 4.959183673469389e-05 650.0 12000.0 0.35 0 0
0.6107142857142858 0.48 -0.675 1.6 -5.27014648958134 -5.27014648958134 -5.339139361068292 1.0 0.0 0.0 0.0 0.7933841046910408 1.0634723105433097 0.22788692368785204 0.03223469387755103 4.959183673469389e-05 650.0 12000.0 0.35 0 0
0.675 0.48 -0.675 1.6 -5.27014648958134 -5.27014648958134 -5.339139361068292 1.0 0.0 0.0 0.0 0.886226925452758 1.0634723105433097 0.17724538509055177 0.03223469387755103 4.959183673469389e-05 650.0 12000.0 0.35 0 0
-0.675 0.48 -0.6107142857142858 1.6 -5.27014648958134 -5.27014648958134 -5.339139361068292 1.0 0.0 0.0 0.0 -1.0634723105433095 1.0043905155131256 1.2407176956338613 0.03223469387755103 4.959183673469389e-05 650.0 12000.0 0.35 0 0
-0.6107142857142858 0.48 -0.6107142857142858 1.6 -5.27014648958134 -5.27014648958134 -5.339139361068292 1.0 0.0 0.0 0.0 -0.9706294897815922 1.0043905155131256 1.1900761570365608 0.03223469387755103 4.959183673469389e-05 650.0 12000.0 0.35 0 0
-0.5464285714285715 0.48 -0.6107142857142858 1.6 -5.27014648958134 -5.27014648958134 -5.339139361068292 1.0 0.0 0.0 0.0 -0.8777866690198747 1.0043905155131256 1.1394346184392603 0.03223469387755103 4.959183673469389e-05 650.0 12000.0 0.35 0 0
-0.48214285714285715 0.48 -0.6107142857142858 1.6 -5.27014648958134 -5.27014648958134 -5.339139361068292 1.0 0.0 0.0 0.0 -0.7849438482581571 1.0043905155131256 1.0887930798419598 0.03223469387755103 4.959183673469389e-05 650.0 12000.0 0.35 0 0
-0.41785714285714287 0.48 -0.6107142857142858 1.6 -5.27014648958134 -5.27014648958134 -5.339139361068292 1.0 0.0 0.0 0.0 -0.6921010274964395 1.0043905155131256 1.0381515412446594 0.03223469387755103 4.959183673469389e-05 650.0 12000.0 0.35 0 0
-0.3535714285714286 0.48 -0.6107142857142858 1.6 -5.27014648958134 -5.27014648958134 -5.339139361068292 1.0 0.0 0.0 0.0 -0.599258206734722 1.0043905155131256 0.987510002647359 0.03223469387755103 4.959183673469389e-05 650.0 12000.0 0.35 0 0
-0.28928571428571426 0.48 -0.6107142857142858 1.6 -5.27014648958134 -5.27014648958134 -5.339139361068292 1.0 0.0 0.0 0.0 -0.5064153859730045 1.0043905155131256 0.9368684640500583 0.03223469387755103 4.959183673469389e-05 650.0 12000.0 0.35 0 0
-0.22499999999999998 0.48 -0.6107142857142858 1.6 -5.27014648958134 -5.27014648958134 -5.339139361068292 1.0 0.0 0.0 0.0 -0.413572565211287 1.0043905155131256 0.886226925452758 0.03223469387755103 4.959183673469389e-05 650.0 12000.0 0.35 0 0
-0.1607142857142857 0.48 -0.6107142857142858 1.6 -5.27014648958134 -5.27014648958134 -5.339139361068292 1.0 0.0 0.0 0.0 -0.3207297444495696 1.0043905155131256 0.8355853868554578 0.03223469387755103 4.959183673469389e-05 650.0 12000.0 0.35 0 0
-0.09642857142857142 0.48 -0.6107142857142858 1.6 -5.27014648958134 -5.27014648958134 -5.339139361068292 1.0 0.0 0.0 0.0 -0.22788692368785204 1.0043905155131256 0.7849438482581571 0.03223469387755103 4.959183673469389e-05 650.0 12000.0 0.35 0 0
-0.03214285714285714 0.48 -0.6107142857142858 1.6 -5.27014648958134 -5.27014648958134 -5.339139361068292 1.0 0.0 0.0 0.0 -0.13504410292613447 1.0043905155131256 0.7343023096608564 0.03223469387755103 4.959183673469389e-05 650.0 12000.0 0.35 0 0
0.03214285714285714 0.48 -0.6107142857142858 1.6 -5.27014648958134 -5.27014648958134 -5.339139361068292 1.0 0.0 0.0 0.0 -0.042201282164416896 1.0043905155131256 0.6836607710635562 0.03223469387755103 4.959183673469389e-05 650.0 12000.0 0.35 0 0
0.09642857142857153 0.48 -0.6107142857142858 1.6 -5.27014648958134 -5.27014648958134 -5.339139361068292 1.0 0.0 0.0 0.0 0.05064153859730028 1.0043905155131256 0.6330192324662558 0.03223469387755103 4.959183673469389e-05 650.0 12000.0 0.35 0 0
0.1607142857142858 0.48 -0.6107142857142858 1.6 -5.27014648958134 -5.27014648958134 -5.339139361068292 1.0 0.0 0.0 0.0 0.14348435935901824 1.0043905155131256 0.5823776938689552 0.03223469387755103 4.959183673469389e-05 650.0 12000.0 0.35 0 0
0.2250000000000001 0.48 -0.6107142857142858 1.6 -5.27014648958134 -5.27014648958134 -5.339139361068292 1.0 0.0 0.0 0.0 0.23632718012073542 1.0043905155131256 0.5317361552716549 0.03223469387755103 4.959183673469389e-05 650.0 12000.0 0.35 0 0
0.28928571428571437 0.48 -0.6107142857142858 1.6 -5.27014648958134 -5.27014648958134 -5.339139361068292 1.0 0.0 0.0 0.0 0.3291700008824534 1.0043905155131256 0.4810946166743542 0.03223469387755103 4.959183673469389e-05 650.0 12000.0 0.35 0 0
0.35357142857142865 0.48 -0.6107142857142858 1.6 -5.27014648958134 -5.27014648958134 -5.339139361068292 1.0 0.0 0.0 0.0 0.4220128216441706 1.0043905155131256 0.43045307807705396 0.03223469387755103 4.959183673469389e-05 650.0 12000.0 0.35 0 0
0.4178571428571429 0.48 -0.6107142857142858 1.6 -5.27014648958134 -5.27014648958134 -5.339139361068292 1.0 0.0 0.0 0.0 0.5148556424058881 1.0043905155131256 0.37981153947975327 0.03223469387755103 4.959183673469389e-05 650.0 12000.0 0.35 0 0
0.4821428571428572 0.48 -0.6107142857142858 1.6 -5.27014648958134 -5.27014648958134 -5.339139361068292 1.0 0.0 0.0 0.0 0.6076984631676057 1.0043905155131256 0.329170000882453 0.03223469387755103 4.959183673469389e-05 650.0 12000.0 0.35 0 0
0.5464285714285715 0.48 -0.6107142857142858 1.6 -5.27014648958134 -5.27014648958134 -5.339139361068292 1.0 0.0 0.0 0.0 0.7005412839293232 1.0043905155131256 0.2785284622851523 0.03223469387755103 4.959183673469389e-05 650.0 12000.0 0.35 0 0
0.6107142857142858 0.48 -0.6107142857142858 1.6 -5.27014648958134 -5.27014648958134 -5.339139361068292 1.0 0.0 0.0 0.0 0.7933841046910408 1.0043905155131256 0.22788692368785204 0.03223469387755103 4.959183673469389e-05 650.0 12000.0 0.35 0 0
0.675 0.48 -0.6107142857142858 1.6 -5.27014648958134 -5.27014648958134 -5.339139361068292 1.0 0.0 0.0 0.0 0.886226925452758 1.0043905155131256 0.17724538509055177 0.03223469387755103 4.959183673469389e-05 650.0 12000.0 0.35 0 0
-0.675 0.48 -0.5464285714285715 1.6 -5.27014648958134 -5.27014648958134 -5.339139361068292 1.0 0.0 0.0 0.0 -1.0634723105433095 0.9453087204829417 1.2407176956338613 0.03223469387755103 4.959183673469389e-05 650.0 12000.0 0.35 0 0
-0.6107142857142858 0.48 -0.5464285714285715 1.6 -5.27014648958134 -5.27014648958134 -5.339139361068292 1.0 0.0 0.0 0.0 -0.9706294897815922 0.9453087204829417 1.1900761570365608 0.03223469387755103 4.959183673469389e-05 650.0 12000.0 0.35 0 0
-0.5464285714285715 0.48 -0.5464285714285715 1.6 -5.27014648958134 -5.27014648958134 -5.339139361068292 1.0 0.0 0.0 0.0 -0.8777866690198747 0.9453087204829417 1.1394346184392603 0.03223469387755103 4.959183673469389e-05 650.0 12000.0 0.35 0 0
-0.48214285714285715 0.48 -0.5464285714285715 1.6 -5.27014648958134 -5.27014648958134 -5.339139361068292 1.0 0.0 0.0 0.0 -0.7849438482581571 0.9453087204829417 1.0887930798419598 0.03223469387755103 4.959183673469389e-05 650.0 12000.0 0.35 0 0
-0.41785714285714287 0.48 -0.5464285714285715 1.6 -5.27014648958134 -5.27014648958134 -5.339139361068292 1.0 0.0 0.0 0.0 -0.6921010274964395 0.9453087204829417 1.0381515412446594 0.03223469387755103 4.959183673469389e-05 650.0 12000.0 0.35 0 0
-0.3535714285714286 0.48 -0.5464285714285715 1.6 -5.27014648958134 -5.27014648958134 -5.339139361068292 1.0 0.0 0.0 0.0 -0.599258206734722 0.9453087204829417 0.987510002647359 0.03223469387755103 4.959183673469389e-05 650.0 12000.0 0.35 0 0
-0.28928571428571426 0.48 -0.5464285714285715 1.6 -5.27014648958134 -5.27014648958134 -5.339139361068292 1.0 0.0 0.0 0.0 -0.5064153859730045 0.9453087204829417 0.9368684640500583 0.03223469387755103 4.959183673469389e-05 650.0 12000.0 0.35 0 0
-0.22499999999999998 0.48 -0.5464285714285715 1.6 -5.27014648958134 -5.27014648958134 -5.339139361068292 1.0 0.0 0.0 0.0 -0.413572565211287 0.9453087204829417 0.886226925452758 0.03223469387755103 4.959183673469389e-05 650.0 12000.0 0.35 0 0
-0.1607142857142857 0.48 -0.5464285714285715 1.6 -5.27014648958134 -5.27014648958134 -5.339139361068292 1.0 0.0 0.0 0.0 -0.3207297444495696 0.9453087204829417 0.8355853868554578 0.03223469387755103 4.959183673469389e-05 650.0 12000.0 0.35 0 0
-0.09642857142857142 0.48 -0.5464285714285715 1.6 -5.27014648958134 -5.27014648958134 -5.339139361068292 1.0 0.0 0.0 0.0 -0.22788692368785204 0.9453087204829417 0.7849438482581571 0.03223469387755103 4.959183673469389e-05 650.0 12000.0 0.35 0 0
-0.03214285714285714 0.48 -0.5464285714285715 1.6 -5.27014648958134 -5.27014648958134 -5.339139361068292 1.0 0.0 0.0 0.0 -0.13504410292613447 0.9453087204829417 0.7343023096608564 0.03223469387755103 4.959183673469389e-05 650.0 12000.0 0.35 0 0
0.03214285714285714 0.48 -0.5464285714285715 1.6 -5.27014648958134 -5.27014648958134 -5.339139361068292 1.0 0.0 0.0 0.0 -0.042201282164416896 0.9453087204829417 0.6836607710635562 0.03223469387755103 4.959183673469389e-05 650.0 12000.0 0.35 0 0
0.09642857142857153 0.48 -0.5464285714285715 1.6 -5.27014648958134 -5.27014648958134 -5.339139361068292 1.0 0.0 0.0 0.0 0.05064153859730028 0.9453087204829417 0.6330192324662558 0.03223469387755103 4.959183673469389e-05 650.0 12000.0 0.35 0 0
0.1607142857142858 0.48 -0.5464285714285715 1.6 -5.27014648958134 -5.27014648958134 -5.339139361068292 1.0 0.0 0.0 0.0 0.14348435935901824 0.9453087204829417 0.5823776938689552 0.03223469387755103 4.959183673469389e-05 650.0 12000.0 0.35 0 0
0.2250000000000001 0.48 -0.5464285714285715 1.6 -5.27014648958134 -5.27014648958134 -5.339139361068292 1.0 0.0 0.0 0.0 0.23632718012073542 0.9453087204829417 0.5317361552716549 0.03223469387755103 4.959183673469389e-05 650.0 12000.0 0.35 0 0
0.28928571428571437 0.48 -0.5464285714285715 1.6 -5.27014648958134 -5.27014648958134 -5.339139361068292 1.0 0.0 0.0 0.0 0.3291700008824534 0.9453087204829417 0.4810946166743542 0.03223469387755103 4.959183673469389e-05 650.0 12000.0 0.35 0 0
0.35357142857142865 0.48 -0.5464285714285715 1.6 -5.27014648958134 -5.27014648958134 -5.339139361068292 1.0 0.0 0.0 0.0 0.4220128216441706 0.9453087204829417 0.43045307807705396 0.03223469387755103 4.959183673469389e-05 650.0 12000.0 0.35 0 0
0.4178571428571429 0.48 -0.5464285714285715 1.6 -5.27014648958134 -5.27014648958134 -5.339139361068292 1.0 0.0 0.0 0.0 0.5148556424058881 0.9453087204829417 0.37981153947975327 0.03223469387755103 4.959183673469389e-05 650.0 12000.0 0.35 0 0
0.4821428571428572 0.48 -0.5464285714285715 1.6 -5.27014648958134 -5.27014648958134 -5.339139361068292 1.0 0.0 0.0 0.0 0.6076984631676057 0.9453087204829417 0.329170000882453 0.03223469387755103 4.959183673469389e-05 650.0 12000.0 0.35 0 0
0.5464285714285715 0.48 -0.5464285714285715 1.6 -5.27014648958134 -5.27014648958134 -5.339139361068292 1.0 0.0 0.0 0.0 0.7005412839293232 0.9453087204829417 0.2785284622851523 0.03223469387755103 4.959183673469389e-05 650.0 12000.0 0.35 0 0
0.6107142857142858 0.48 -0.5464285714285715 1.6 -5.27014648958134 -5.27014648958134 -5.339139361068292 1.0 0.0 0.0 0.0 0.7933841046910408 0.9453087204829417 0.22788692368785204 0.03223469387755103 4.959183673469389e-05 650.0 12000.0 0.35 0 0
0.675 0.48 -0.5464285714285715 1.6 -5.27014648958134 -5.27014648958134 -5.339139361068292 1.0 0.0 0.0 0.0 0.886226925452758 0.9453087204829417 0.17724538509055177 0.03223469387755103 4.959183673469389e-05 650.0 12000.0 0.35 0 0
-0.675 0.48 -0.48214285714285715 1.6 -5.27014648958134 -5.27014648958134 -5.339139361068292 1.0 0.0 0.0 0.0 -1.0634723105433095 0.886226925452758 1.2407176956338613 0.03223469387755103 4.959183673469389e-05 650.0 12000.0 0.35 0 0
-0.6107142857142858 0.48 -0.48214285714285715 1.6 -5.27014648958134 -5.27014648958134 -5.339139361068292 1.0 0.0 0.0 0.0 -0.9706294897815922 0.886226925452758 1.1900761570365608 0.03223469387755103 4.959183673469389e-05 650.0 12000.0 0.35 0 0
-0.5464285714285715 0.48 -0.48214285714285715 1.6 -5.27014648958134 -5.27014648958134 -5.339139361068292 1.0 0.0 0.0 0.0 -0.8777866690198747 0.886226925452758 1.1394346184392603 0.03223469387755103 4.959183673469389e-05 650.0 12000.0 0.35 0 0
-0.48214285714285715 0.48 -0.48214285714285715 1.6 -5.27014648958134 -5.27014648958134 -5.339139361068292 1.0 0.0 0.0 0.0 -0.7849438482581571 0.886226925452758 1.0887930798419598 0.03223469387755103 4.959183673469389e-05 650.0 12000.0 0.35 0 0
-0.41785714285714287 0.48 -0.48214285714285715 1.6 -5.27014648958134 -5.27014648958134 -5.339139361068292 1.0 0.0 0.0 0.0 -0.6921010274964395 0.886226925452758 1.0381515412446594 0.03223469387755103 4.959183673469389e-05 650.0 12000.0 0.35 0 0
-0.3535714285714286 0.48 -0.48214285714285715 1.6 -5.27014648958134 -5.27014648958134 -5.339139361068292 1.0 0.0 0.0 0.0 -0.599258206734722 0.886226925452758 0.987510002647359 0.03223469387755103 4.959183673469389e-05 650.0 12000.0 0.35 0 0
-0.28928571428571426 0.48 -0.48214285714285715 1.6 -5.27014648958134 -5.27014648958134 -5.339139361068292 1.0 0.0 0.0 0.0 -0.5064153859730045 0.886226925452758 0.9368684640500583 0.03223469387755103 4.959183673469389e-05 650.0 12000.0 0.35 0 0
-0.22499999999999998 0.48 -0.48214285714285715 1.6 -5.27014648958134 -5.27014648958134 -5.339139361068292 1.0 0.0 0.0 0.0 -0.413572565211287 0.886226925452758 0.886226925452758 0.03223469387755103 4.959183673469389e-05 650.0 12000.0 0.35 0 0
-0.1607142857142857 0.48 -0.48214285714285715 1.6 -5.27014648958134 -5.27014648958134 -5.339139361068292 1.0 0.0 0.0 0.0 -0.3207297444495696 0.886226925452758 0.8355853868554578 0.03223469387755103 4.959183673469389e-05 650.0 12000.0 0.35 0 0
-0.09642857142857142 0.48 -0.48214285714285715 1.6 -5.27014648958134 -5.27014648958134 -5.339139361068292 1.0 0.0 0.0 0.0 -0.22788692368785204 0.886226925452758 0.7849438482581571 0.03223469387755103 4.959183673469389e-05 650.0 12000.0 0.35 0 0
-0.03214285714285714 0.48 -0.48214285714285715 1.6 -5.27014648958134 -5.27014648958134 -5.339139361068292 1.0 0.0 0.0 0.0 -0.13504410292613447 0.886226925452758 0.7343023096608564 0.03223469387755103 4.959183673469389e-05 650.0 12000.0 0.35 0 0
0.03214285714285714 0.48 -0.48214285714285715 1.6 -5.27014648958134 -5.27014648958134 -5.339139361068292 1.0 0.0 0.0 0.0 -0.042201282164416896 0.886226925452758 0.6836607710635562 0.03223469387755103 4.959183673469389e-05 650.0 12000.0 0.35 0 0
0.09642857142857153 0.48 -0.48214285714285715 1.6 -5.27014648958134 -5.27014648958134 -5.339139361068292 1.0 0.0 0.0 0.0 0.05064153859730028 0.886226925452758 0.6330192324662558 0.03223469387755103 4.959183673469389e-05 650.0 12000.0 0.35 0 0
0.1607142857142858 0.48 -0.48214285714285715 1.6 -5.27014648958134 -5.27014648958134 -5.339139361068292 1.0 0.0 0.0 0.0 0.14348435935901824 0.886226925452758 0.5823776938689552 0.03223469387755103 4.959183673469389e-05 650.0 12000.0 0.35 0 0
0.2250000000000001 0.48 -0.48214285714285715 1.6 -5.27014648958134 -5.27014648958134 -5.339139361068292 1.0 0.0 0.0 0.0 0.23632718012073542 0.886226925452758 0.5317361552716549 0.03223469387755103 4.959183673469389e-05 650.0 12000.0 0.35 0 0
0.28928571428571437 0.48 -0.48214285714285715 1.6 -5.27014648958134 -5.27014648958134 -5.339139361068292 1.0 0.0 0.0 0.0 0.3291700008824534 0.886226925452758 0.4810946166743542 0.03223469387755103 4.959183673469389e-05 650.0 12000.0 0.35 0 0
0.35357142857142865 0.48 -0.48214285714285715 1.6 -5.27014648958134 -5.27014648958134 -5.339139361068292 1.0 0.0 0.0 0.0 0.4220128216441706 0.886226925452758 0.43045307807705396 0.03223469387755103 4.959183673469389e-05 650.0 12000.0 0.35 0 0
0.4178571428571429 0.48 -0.48214285714285715 1.6 -5.27014648958134 -5.27014648958134 -5.339139361068292 1.0 0.0 0.0 0.0 0.5148556424058881 0.886226925452758 0.37981153947975327 0.03223469387755103 4.959183673469389e-05 650.0 12000.0 0.35 0 0
0.4821428571428572 0.48 -0.48214285714285715 1.6 -5.27014648958134 -5.27014648958134 -5.339139361068292 1.0 0.0 0.0 0.0 0.6076984631676057 0.886226925452758 0.329170000882453 0.03223469387755103 4.959183673469389e-05 650.0 12000.0 0.35 0 0
0.5464285714285715 0.48 -0.48214285714285715 1.6 -5.27014648958134 -5.27014648958134 -5.339139361068292 1.0 0.0 0.0 0.0 0.7005412839293232 0.886226925452758 0.2785284622851523 0.03223469387755103 4.959183673469389e-05 650.0 12000.0 0.35 0 0
0.6107142857142858 0.48 -0.48214285714285715 1.6 -5.27014648958134 -5.27014648958134 -5.339139361068292 1.0 0.0 0.0 0.0 0.7933841046910408 0.886226925452758 0.22788692368785204 0.03223469387755103 4.959183673469389e-05 650.0 12000.0 0.35 0 0
0.675 0.48 -0.48214285714285715 1.6 -5.27014648958134 -5.27014648958134 -5.339139361068292 1.0 0.0 0.0 0.0 0.886226925452758 0.886226925452758 0.17724538509055177 0.03223469387755103 4.959183673469389e-05 650.0 12000.0 0.35 0 0
-0.675 0.48 -0.41785714285714287 1.6 -5.27014648958134 -5.27014648958134 -5.339139361068292 1.0 0.0 0.0 0.0 -1.0634723105433095 0.8271451304225743 1.2407176956338613 0.03223469387755103 4.959183673469389e-05 650.0 12000.0 0.35 0 0
-0.6107142857142858 0.48 -0.41785714285714287 1.6 -5.27014648958134 -5.27014648958134 -5.339139361068292 1.0 0.0 0.0 0.0 -0.9706294897815922 0.8271451304225743 1.1900761570365608 0.03223469387755103 4.959183673469389e-05 650.0 12000.0 0.35 0 0
-0.5464285714285715 0.48 -0.41785714285714287 1.6 -5.27014648958134 -5.27014648958134 -5.339139361068292 1.0 0.0 0.0 0.0 -0.8777866690198747 0.8271451304225743 1.1394346184392603 0.03223469387755103 4.959183673469389e-05 650.0 12000.0 0.35 0 0
-0.48214285714285715 0.48 -0.41785714285714287 1.6 -5.27014648958134 -5.27014648958134 -5.339139361068292 1.0 0.0 0.0 0.0 -0.7849438482581571 0.8271451304225743 1.0887930798419598 0.03223469387755103 4.959183673469389e-05 650.0 12000.0 0.35 0 0
-0.41785714285714287 0.48 -0.41785714285714287 1.6 -5.27014648958134 -5.27014648958134 -5.339139361068292 1.0 0.0 0.0 0.0 -0.6921010274964395 0.8271451304225743 1.0381515412446594 0.03223469387755103 4.959183673469389e-05 650.0 12000.0 0.35 0 0
-0.3535714285714286 0.48 -0.41785714285714287 1.6 -5.27014648958134 -5.27014648958134 -5.339139361068292 1.0 0.0 0.0 0.0 -0.599258206734722 0.8271451304225743 0.987510002647359 0.03223469387755103 4.959183673469389e-05 650.0 12000.0 0.35 0 0
-0.28928571428571426 0.48 -0.41785714285714287 1.6 -5.27014648958134 -5.27014648958134 -5.339139361068292 1.0 0.0 0.0 0.0 -0.5064153859730045 0.8271451304225743 0.9368684640500583 0.03223469387755103 4.959183673469389e-05 650.0 12000.0 0.35 0 0
-0.22499999999999998 0.48 -0.41785714285714287 1.6 -5.27014648958134 -5.27014648958134 -5.339139361068292 1.0 0.0 0.0 0.0 -0.413572565211287 0.8271451304225743 0.886226925452758 0.03223469387755103 4.959183673469389e-05 650.0 12000.0 0.35 0 0
-0.1607142857142857 0.48 -0.41785714285714287 1.6 -5.27014648958134 -5.27014648958134 -5.339139361068292 1.0 0.0 0.0 0.0 -0.3207297444495696 0.8271451304225743 0.8355853868554578 0.03223469387755103 4.959183673469389e-05 650.0 12000.0 0.35 0 0
-0.09642857142857142 0.48 -0.41785714285714287 1.6 -5.27014648958134 -5.27014648958134 -5.339139361068292 1.0 0.0 0.0 0.0 -0.22788692368785204 0.8271451304225743 0.7849438482581571 0.03223469387755103 4.959183673469389e-05 650.0 12000.0 0.35 0 0
-0.03214285714285714 0.48 -0.41785714285714287 1.6 -5.27014648958134 -5.27014648958134 -5.339139361068292 1.0 0.0 0.0 0.0 -0.13504410292613447 0.8271451304225743 0.7343023096608564 0.03223469387755103 4.959183673469389e-05 650.0 12000.0 0.35 0 0
0.03214285714285714 0.48 -0.41785714285714287 1.6 -5.27014648958134 -5.27014648958134 -5.339139361068292 1.0 0.0 0.0 0.0 -0.042201282164416896 0.8271451304225743 0.6836607710635562 0.03223469387755103 4.959183673469389e-05 650.0 12000.0 0.35 0 0
0.09642857142857153 0.48 -0.41785714285714287 1.6 -5.27014648958134 -5.27014648958134 -5.339139361068292 1.0 0.0 0.0 0.0 0.05064153859730028 0.8271451304225743 0.6330192324662558 0.03223469387755103 4.959183673469389e-05 650.0 12000.0 0.35 0 0
0.1607142857142858 0.48 -0.41785714285714287 1.6 -5.27014648958134 -5.27014648958134 -5.339139361068292 1.0 0.0 0.0 0.0 0.14348435935901824 0.8271451304225743 0.5823776938689552 0.03223469387755103 4.959183673469389e-05 650.0 12000.0 0.35 0 0
0.2250000000000001 0.48 -0.41785714285714287 1.6 -5.27014648958134 -5.27014648958134 -5.339139361068292 1.0 0.0 0.0 0.0 0.23632718012073542 0.8271451304225743 0.5317361552716549 0.03223469387755103 4.959183673469389e-05 650.0 12000.0 0.35 0 0
0.28928571428571437 0.48 -0.41785714285714287 1.6 -5.27014648958134 -5.27014648958134 -5.339139361068292 1.0 0.0 0.0 0.0 0.3291700008824534 0.8271451304225743 0.4810946166743542 0.03223469387755103 4.959183673469389e-05 650.0 12000.0 0.35 0 0
0.35357142857142865 0.48 -0.41785714285714287 1.6 -5.27014648958134 -5.27014648958134 -5.339139361068292 1.0 0.0 0.0 0.0 0.4220128216441706 0.8271451304225743 0.43045307807705396 0.03223469387755103 4.959183673469389e-05 650.0 12000.0 0.35 0 0
0.4178571428571429 0.48 -0.41785714285714287 1.6 -5.27014648958134 -5.27014648958134 -5.339139361068292 1.0 0.0 0.0 0.0 0.5148556424058881 0.8271451304225743 0.37981153947975327 0.03223469387755103 4.959183673469389e-05 650.0 12000.0 0.35 0 0
0.4821428571428572 0.48 -0.41785714285714287 1.6 -5.27014648958134 -5.27014648958134 -5.339139361068292 1.0 0.0 0.0 0.0 0.6076984631676057 0.8271451304225743 0.329170000882453 0.03223469387755103 4.959183673469389e-05 650.0 12000.0 0.35 0 0
0.5464285714285715 0.48 -0.41785714285714287 1.6 -5.27014648958134 -5.27014648958134 -5.339139361068292 1.0 0.0 0.0 0.0 0.7005412839293232 0.8271451304225743 0.2785284622851523 0.03223469387755103 4.959183673469389e-05 650.0 12000.0 0.35 0 0
0.6107142857142858 0.48 -0.41785714285714287 1.6 -5.27014648958134 -5.27014648958134 -5.339139361068292 1.0 0.0 0.0 0.0 0.7933841046910408 0.8271451304225743 0.22788692368785204 0.03223469387755103 4.959183673469389e-05 650.0 12000.0 0.35 0 0
0.675 0.48 -0.41785714285714287 1.6 -5.27014648958134 -5.27014648958134 -5.339139361068292 1.0 0.0 0.0 0.0 0.886226925452758 0.8271451304225743 0.17724538509055177 0.03223469387755103 4.959183673469389e-05 650.0 12000.0 0.35 0 0
-0.675 0.48 -0.3535714285714286 1.6 -5.27014648958134 -5.27014648958134 -5.339139361068292 1.0 0.0 0.0 0.0 -1.0634723105433095 0.7680633353923899 1.2407176956338613 0.03223469387755103 4.959183673469389e-05 650.0 12000.0 0.35 0 0
-0.6107142857142858 0.48 -0.3535714285714286 1.6 -5.27014648958134 -5.27014648958134 -5.339139361068292 1.0 0.0 0.0 0.0 -0.9706294897815922 0.7680633353923899 1.1900761570365608 0.03223469387755103 4.959183673469389e-05 650.0 12000.0 0.35 0 0
-0.5464285714285715 0.48 -0.3535714285714286 1.6 -5.27014648958134 -5.27014648958134 -5.339139361068292 1.0 0.0 0.0 0.0 -0.8777866690198747 0.7680633353923899 1.1394346184392603 0.03223469387755103 4.959183673469389e-05 650.0 12000.0 0.35 0 0
-0.48214285714285715 0.48 -0.3535714285714286 1.6 -5.27014648958134 -5.27014648958134 -5.339139361068292 1.0 0.0 0.0 0.0 -0.7849438482581571 0.7680633353923899 1.0887930798419598 0.03223469387755103 4.959183673469389e-05 650.0 12000.0 0.35 0 0
-0.41785714285714287 0.48 -0.3535714285714286 1.6 -5.27014648958134 -5.27014648958134 -5.339139361068292 1.0 0.0 0.0 0.0 -0.6921010274964395 0.7680633353923899 1.0381515412446594 0.03223469387755103 4.959183673469389e-05 650.0 12000.0 0.35 0 0
-0.3535714285714286 0.48 -0.3535714285714286 1.6 -5.27014648958134 -5.27014648958134 -5.339139361068292 1.0 0.0 0.0 0.0 -0.599258206734722 0.7680633353923899 0.987510002647359 0.03223469387755103 4.959183673469389e-05 650.0 12000.0 0.35 0 0
-0.28928571428571426 0.48 -0.3535714285714286 1.6 -5.27014648958134 -5.27014648958134 -5.339139361068292 1.0 0.0 0.0 0.0 -0.5064153859730045 0.7680633353923899 0.9368684640500583 0.03223469387755103 4.959183673469389e-05 650.0 12000.0 0.35 0 0
-0.22499999999999998 0.48 -0.3535714285714286 1.6 -5.27014648958134 -5.27014648958134 -5.339139361068292 1.0 0.0 0.0 0.0 -0.413572565211287 0.7680633353923899 0.886226925452758 0.03223469387755103 4.959183673469389e-05 650.0 12000.0 0.35 0 0
-0.1607142857142857 0.48 -0.3535714285714286 1.6 -5.27014648958134 -5.27014648958134 -5.339139361068292 1.0 0.0 0.0 0.0 -0.3207297444495696 0.7680633353923899 0.8355853868554578 0.03223469387755103 4.959183673469389e-05 650.0 12000.0 0.35 0 0
-0.09642857142857142 0.48 -0.3535714285714286 1.6 -5.27014648958134 -5.27014648958134 -5.339139361068292 1.0 0.0 0.0 0.0 -0.22788692368785204 0.7680633353923899 0.7849438482581571 0.03223469387755103 4.959183673469389e-05 650.0 12000.0 0.35 0 0
-0.03214285714285714 0.48 -0.3535714285714286 1.6 -5.27014648958134 -5.27014648958134 -5.339139361068292 1.0 0.0 0.0 0.0 -0.13504410292613447 0.7680633353923899 0.7343023096608564 0.03223469387755103 4.959183673469389e-05 650.0 12000.0 0.35 0 0
0.03214285714285714 0.48 -0.3535714285714286 1.6 -5.27014648958134 -5.27014648958134 -5.339139361068292 1.0 0.0 0.0 0.0 -0.042201282164416896 0.7680633353923899 0.6836607710635562 0.03223469387755103 4.959183673469389e-05 650.0 12000.0 0.35 0 0
0.09642857142857153 0.48 -0.3535714285714286 1.6 -5.27014648958134 -5.27014648958134 -5.339139361068292 1.0 0.0 0.0 0.0 0.05064153859730028 0.7680633353923899 0.6330192324662558 0.03223469387755103 4.959183673469389e-05 650.0 12000.0 0.35 0 0
0.1607142857142858 0.48 -0.3535714285714286 1.6 -5.27014648958134 -5.27014648958134 -5.339139361068292 1.0 0.0 0.0 0.0 0.14348435935901824 0.7680633353923899 0.5823776938689552 0.03223469387755103 4.959183673469389e-05 650.0 12000.0 0.35 0 0
0.2250000000000001 0.48 -0.3535714285714286 1.6 -5.27014648958134 -5.27014648958134 -5.339139361068292 1.0 0.0 0.0 0.0 0.23632718012073542 0.7680633353923899 0.5317361552716549 0.03223469387755103 4.959183673469389e-05 650.0 12000.0 0.35 0 0
0.28928571428571437 0.48 -0.3535714285714286 1.6 -5.27014648958134 -5.27014648958134 -5.339139361068292 1.0 0.0 0.0 0.0 0.3291700008824534 0.7680633353923899 0.4810946166743542 0.03223469387755103 4.959183673469389e-05 650.0 12000.0 0.35 0 0
0.35357142857142865 0.48 -0.3535714285714286 1.6 -5.27014648958134 -5.27014648958134 -5.339139361068292 1.0 0.0 0.0 0.0 0.4220128216441706 0.7680633353923899 0.43045307807705396 0.03223469387755103 4.959183673469389e-05 650.0 12000.0 0.35 0 0
0.4178571428571429 0.48 -0.3535714285714286 1.6 -5.27014648958134 -5.27014648958134 -5.339139361068292 1.0 0.0 0.0 0.0 0.5148556424058881 0.7680633353923899 0.37981153947975327 0.03223469387755103 4.959183673469389e-05 650.0 12000.0 0.35 0 0
0.4821428571428572 0.48 -0.3535714285714286 1.6 -5.27014648958134 -5.27014648958134 -5.339139361068292 1.0 0.0 0.0 0.0 0.6076984631676057 0.7680633353923899 0.329170000882453 0.03223469387755103 4.959183673469389e-05 650.0 12000.0 0.35 0 0
0.5464285714285715 0.48 -0.3535714285714286 1.6 -5.27014648958134 -5.27014648958134 -5.339139361068292 1.0 0.0 0.0 0.0 0.7005412839293232 0.7680633353923899 0.2785284622851523 0.03223469387755103 4.959183673469389e-05 650.0 12000.0 0.35 0 0
0.6107142857142858 0.48 -0.3535714285714286 1.6 -5.27014648958134 -5.27014648958134 -5.339139361068292 1.0 0.0 0.0 0.0 0.7933841046910408 0.7680633353923899 0.22788692368785204 0.03223469387755103 4.959183673469389e-05 650.0 12000.0 0.35 0 0
0.675 0.48 -0.3535714285714286 1.6 -5.27014648958134 -5.27014648958134 -5.339139361068292 1.0 0.0 0.0 0.0 0.886226925452758 0.7680633353923899 0.17724538509055177 0.03223469387755103 4.959183673469389e-05 650.0 12000.0 0.35 0 0
-0.675 0.48 -0.28928571428571426 1.6 -5.27014648958134 -5.27014648958134 -5.339139361068292 1.0 0.0 0.0 0.0 -1.0634723105433095 0.7089815403622063 1.2407176956338613 0.03223469387755103 4.959183673469389e-05 650.0 12000.0 0.35 0 0
-0.6107142857142858 0.48 -0.28928571428571426 1.6 -5.27014648958134 -5.27014648958134 -5.339139361068292 1.0 0.0 0.0 0.0 -0.9706294897815922 0.7089815403622063 1.1900761570365608 0.03223469387755103 4.959183673469389e-05 650.0 12000.0 0.35 0 0
-0.5464285714285715 0.48 -0.28928571428571426 1.6 -5.27014648958134 -5.27014648958134 -5.339139361068292 1.0 0.0 0.0 0.0 -0.8777866690198747 0.7089815403622063 1.1394346184392603 0.03223469387755103 4.959183673469389e-05 650.0 12000.0 0.35 0 0
-0.48214285714285715 0.48 -0.28928571428571426 1.6 -5.27014648958134 -5.27014648958134 -5.339139361068292 1.0 0.0 0.0 0.0 -0.7849438482581571 0.7089815403622063 1.0887930798419598 0.03223469387755103 4.959183673469389e-05 650.0 12000.0 0.35 0 0
-0.41785714285714287 0.48 -0.28928571428571426 1.6 -5.27014648958134 -5.27014648958134 -5.339139361068292 1.0 0.0 0.0 0.0 -0.6921010274964395 0.7089815403622063 1.0381515412446594 0.03223469387755103 4.959183673469389e-05 650.0 12000.0 0.35 0 0
-0.3535714285714286 0.48 -0.28928571428571426 1.6 -5.27014648958134 -5.27014648958134 -5.339139361068292 1.0 0.0 0.0 0.0 -0.599258206734722 0.7089815403622063 0.987510002647359 0.03223469387755103 4.959183673469389e-05 650.0 12000.0 0.35 0 0
-0.28928571428571426 0.48 -0.28928571428571426 1.6 -5.27014648958134 -5.27014648958134 -5.339139361068292 1.0 0.0 0.0 0.0 -0.5064153859730045 0.7089815403622063 0.9368684640500583 0.03223469387755103 4.959183673469389e-05 650.0 12000.0 0.35 0 0
-0.22499999999999998 0.48 -0.28928571428571426 1.6 -5.27014648958134 -5.27014648958134 -5.339139361068292 1.0 0.0 0.0 0.0 -0.413572565211287 0.7089815403622063 0.886226925452758 0.03223469387755103 4.959183673469389e-05 650.0 12000.0 0.35 0 0
-0.1607142857142857 0.48 -0.28928571428571426 1.6 -5.27014648958134 -5.27014648958134 -5.339139361068292 1.0 0.0 0.0 0.0 -0.3207297444495696 0.7089815403622063 0.8355853868554578 0.03223469387755103 4.959183673469389e-05 650.0 12000.0 0.35 0 0
-0.09642857142857142 0.48 -0.28928571428571426 1.6 -5.27014648958134 -5.27014648958134 -5.339139361068292 1.0 0.0 0.0 0.0 -0.22788692368785204 0.7089815403622063 0.7849438482581571 0.03223469387755103 4.959183673469389e-05 650.0 12000.0 0.35 0 0
-0.03214285714285714 0.48 -0.28928571428571426 1.6 -5.27014648958134 -5.27014648958134 -5.339139361068292 1.0 0.0 0.0 0.0 -0.13504410292613447 0.7089815403622063 0.7343023096608564 0.03223469387755103 4.959183673469389e-05 650.0 12000.0 0.35 0 0
0.03214285714285714 0.48 -0.28928571428571426 1.6 -5.27014648958134 -5.27014648958134 -5.339139361068292 1.0 0.0 0.0 0.0 -0.042201282164416896 0.7089815403622063 0.6836607710635562 0.03223469387755103 4.959183673469389e-05 650.0 12000.0 0.35 0 0
0.09642857142857153 0.48 -0.28928571428571426 1.6 -5.27014648958134 -5.27014648958134 -5.339139361068292 1.0 0.0 0.0 0.0 0.05064153859730028 0.7089815403622063 0.6330192324662558 0.03223469387755103 4.959183673469389e-05 650.0 12000.0 0.35 0 0
0.1607142857142858 0.48 -0.28928571428571426 1.6 -5.27014648958134 -5.27014648958134 -5.339139361068292 1.0 0.0 0.0 0.0 0.14348435935901824 0.7089815403622063 0.5823776938689552 0.03223469387755103 4.959183673469389e-05 650.0 12000.0 0.35 0 0
0.2250000000000001 0.48 -0.28928571428571426 1.6 -5.27014648958134 -5.27014648958134 -5.339139361068292 1.0 0.0 0.0 0.0 0.23632718012073542 0.7089815403622063 0.5317361552716549 0.03223469387755103 4.959183673469389e-05 650.0 12000.0 0.35 0 0
0.28928571428571437 0.48 -0.28928571428571426 1.6 -5.27014648958134 -5.27014648958134 -5.339139361068292 1.0 0.0 0.0 0.0 0.3291700008824534 0.7089815403622063 0.4810946166743542 0.03223469387755103 4.959183673469389e-05 650.0 12000.0 0.35 0 0
0.35357142857142865 0.48 -0.28928571428571426 1.6 -5.27014648958134 -5.27014648958134 -5.339139361068292 1.0 0.0 0.0 0.0 0.4220128216441706 0.7089815403622063 0.43045307807705396 0.03223469387755103 4.959183673469389e-05 650.0 12000.0 0.35 0 0
0.4178571428571429 0.48 -0.28928571428571426 1.6 -5.27014648958134 -5.27014648958134 -5.339139361068292 1.0 0.0 0.0 0.0 0.5148556424058881 0.7089815403622063 0.37981153947975327 0.03223469387755103 4.959183673469389e-05 650.0 12000.0 0.35 0 0
0.4821428571428572 0.48 -0.28928571428571426 1.6 -5.27014648958134 -5.27014648958134 -5.339139361068292 1.0 0.0 0.0 0.0 0.6076984631676057 0.7089815403622063 0.329170000882453 0.03223469387755103 4.959183673469389e-05 650.0 12000.0 0.35 0 0
0.5464285714285715 0.48 -0.28928571428571426 1.6 -5.27014648958134 -5.27014648958134 -5.339139361068292 1.0 0.0 0.0 0.0 0.7005412839293232 0.7089815403622063 0.2785284622851523 0.03223469387755103 4.959183673469389e-05 650.0 12000.0 0.35 0 0
0.6107142857142858 0.48 -0.28928571428571426 1.6 -5.27014648958134 -5.27014648958134 -5.339139361068292 1.0 0.0 0.0 0.0 0.7933841046910408 0.7089815403622063 0.22788692368785204 0.03223469387755103 4.959183673469389e-05 650.0 12000.0 0.35 0 0
0.675 0.48 -0.28928571428571426 1.6 -5.27014648958134 -5.27014648958134 -5.339139361068292 1.0 0.0 0.0 0.0 0.886226925452758 0.7089815403622063 0.17724538509055177 0.03223469387755103 4.959183673469389e-05 650.0 12000.0 0.35 0 0
-0.675 0.48 -0.22499999999999998 1.6 -5.27014648958134 -5.27014648958134 -5.339139361068292 1.0 0.0 0.0 0.0 -1.0634723105433095 0.6498997453320225 1.2407176956338613 0.03223469387755103 4.959183673469389e-05 650.0 12000.0 0.35 0 0
-0.6107142857142858 0.48 -0.22499999999999998 1.6 -5.27014648958134 -5.27014648958134 -5.339139361068292 1.0 0.0 0.0 0.0 -0.9706294897815922 0.6498997453320225 1.1900761570365608 0.03223469387755103 4.959183673469389e-05 650.0 12000.0 0.35 0 0
-0.5464285714285715 0.48 -0.22499999999999998 1.6 -5.27014648958134 -5.27014648958134 -5.339139361068292 1.0 0.0 0.0 0.0 -0.8777866690198747 0.6498997453320225 1.1394346184392603 0.03223469387755103 4.959183673469389e-05 650.0 12000.0 0.35 0 0
-0.48214285714285715 0.48 -0.22499999999999998 1.6 -5.27014648958134 -5.27014648958134 -5.339139361068292 1.0 0.0 0.0 0.0 -0.7849438482581571 0.6498997453320225 1.0887930798419598 0.03223469387755103 4.959183673469389e-05 650.0 12000.0 0.35 0 0
-0.41785714285714287 0.48 -0.22499999999999998 1.6 -5.27014648958134 -5.27014648958134 -5.339139361068292 1.0 0.0 0.0 0.0 -0.6921010274964395 0.6498997453320225 1.0381515412446594 0.03223469387755103 4.959183673469389e-05 650.0 12000.0 0.35 0 0
-0.3535714285714286 0.48 -0.22499999999999998 1.6 -5.27014648958134 -5.27014648958134 -5.339139361068292 1.0 0.0 0.0 0.0 -0.599258206734722 0.6498997453320225 0.987510002647359 0.03223469387755103 4.959183673469389e-05 650.0 12000.0 0.35 0 0
-0.28928571428571426 0.48 -0.22499999999999998 1.6 -5.27014648958134 -5.27014648958134 -5.339139361068292 1.0 0.0 0.0 0.0 -0.5064153859730045 0.6498997453320225 0.9368684640500583 0.03223469387755103 4.959183673469389e-05 650.0 12000.0 0.35 0 0
-0.22499999999999998 0.48 -0.22499999999999998 1.6 -5.27014648958134 -5.27014648958134 -5.339139361068292 1.0 0.0 0.0 0.0 -0.413572565211287 0.6498997453320225 0.886226925452758 0.03223469387755103 4.959183673469389e-05 650.0 12000.0 0.35 0 0
-0.1607142857142857 0.48 -0.22499999999999998 1.6 -5.27014648958134 -5.27014648958134 -5.339139361068292 1.0 0.0 0.0 0.0 -0.3207297444495696 0.6498997453320225 0.8355853868554578 0.03223469387755103 4.959183673469389e-05 650.0 12000.0 0.35 0 0
-0.09642857142857142 0.48 -0.22499999999999998 1.6 -5.27014648958134 -5.27014648958134 -5.339139361068292 1.0 0.0 0.0 0.0 -0.22788692368785204 0.6498997453320225 0.7849438482581571 0.03223469387755103 4.959183673469389e-05 650.0 12000.0 0.35 0 0
-0.03214285714285714 0.48 -0.22499999999999998 1.6 -5.27014648958134 -5.27014648958134 -5.339139361068292 1.0 0.0 0.0 0.0 -0.13504410292613447 0.6498997453320225 0.7343023096608564 0.03223469387755103 4.959183673469389e-05 650.0 12000.0 0.35 0 0
0.03214285714285714 0.48 -0.22499999999999998 1.6 -5.27014648958134 -5.27014648958134 -5.339139361068292 1.0 0.0 0.0 0.0 -0.042201282164416896 0.6498997453320225 0.6836607710635562 0.03223469387755103 4.959183673469389e-05 650.0 12000.0 0.35 0 0
0.09642857142857153 0.48 -0.22499999999999998 1.6 -5.27014648958134 -5.27014648958134 -5.339139361068292 1.0 0.0 0.0 0.0 0.05064153859730028 0.6498997453320225 0.6330192324662558 0.03223469387755103 4.959183673469389e-05 650.0 12000.0 0.35 0 0
0.1607142857142858 0.48 -0.22499999999999998 1.6 -5.27014648958134 -5.27014648958134 -5.339139361068292 1.0 0.0 0.0 0.0 0.14348435935901824 0.6498997453320225 0.5823776938689552 0.03223469387755103 4.959183673469389e-05 650.0 12000.0 0.35 0 0
0.2250000000000001 0.48 -0.22499999999999998 1.6 -5.27014648958134 -5.27014648958134 -5.339139361068292 1.0 0.0 0.0 0.0 0.23632718012073542 0.6498997453320225 0.5317361552716549 0.03223469387755103 4.959183673469389e-05 650.0 12000.0 0.35 0 0
0.28928571428571437 0.48 -0.22499999999999998 1.6 -5.27014648958134 -5.27014648958134 -5.339139361068292 1.0 0.0 0.0 0.0 0.3291700008824534 0.6498997453320225 0.4810946166743542 0.03223469387755103 4.959183673469389e-05 650.0 12000.0 0.35 0 0
0.35357142857142865 0.48 -0.22499999999999998 1.6 -5.27014648958134 -5.27014648958134 -5.339139361068292 1.0 0.0 0.0 0.0 0.4220128216441706 0.6498997453320225 0.43045307807705396 0.03223469387755103 4.959183673469389e-05 650.0 12000.0 0.35 0 0
0.4178571428571429 0.48 -0.22499999999999998 1.6 -5.27014648958134 -5.27014648958134 -5.339139361068292 1.0 0.0 0.0 0.0 0.5148556424058881 0.6498997453320225 0.37981153947975327 0.03223469387755103 4.959183673469389e-05 650.0 12000.0 0.35 0 0
0.4821428571428572 0.48 -0.22499999999999998 1.6 -5.27014648958134 -5.27014648958134 -5.339139361068292 1.0 0.0 0.0 0.0 0.6076984631676057 0.6498997453320225 0.329170000882453 0.03223469387755103 4.959183673469389e-05 650.0 12000.0 0.35 0 0
0.5464285714285715 0.48 -0.22499999999999998 1.6 -5.27014648958134 -5.27014648958134 -5.339139361068292 1.0 0.0 0.0 0.0 0.7005412839293232 0.6498997453320225 0.2785284622851523 0.03223469387755103 4.959183673469389e-05 650.0 12000.0 0.35 0 0
0.6107142857142858 0.48 -0.22499999999999998 1.6 -5.27014648958134 -5.27014648958134 -5.339139361068292 1.0 0.0 0.0 0.0 0.7933841046910408 0.6498997453320225 0.22788692368785204 0.03223469387755103 4.959183673469389e-05 650.0 12000.0 0.35 0 0
0.675 0.48 -0.22499999999999998 1.6 -5.27014648958134 -5.27014648958134 -5.339139361068292 1.0 0.0 0.0 0.0 0.886226925452758 0.6498997453320225 0.17724538509055177 0.03223469387755103 4.959183673469389e-05 650.0 12000.0 0.35 0 0
-0.675 0.48 -0.1607142857142857 1.6 -5.27014648958134 -5.27014648958134 -5.339139361068292 1.0 0.0 0.0 0.0 -1.0634723105433095 0.5908179503018389 1.2407176956338613 0.03223469387755103 4.959183673469389e-05 650.0 12000.0 0.35 0 0
-0.6107142857142858 0.48 -0.1607142857142857 1.6 -5.27014648958134 -5.27014648958134 -5.339139361068292 1.0 0.0 0.0 0.0 -0.9706294897815922 0.5908179503018389 1.1900761570365608 0.03223469387755103 4.959183673469389e-05 650.0 12000.0 0.35 0 0
-0.5464285714285715 0.48 -0.1607142857142857 1.6 -5.27014648958134 -5.27014648958134 -5.339139361068292 1.0 0.0 0.0 0.0 -0.8777866690198747 0.5908179503018389 1.1394346184392603 0.03223469387755103 4.959183673469389e-05 650.0 12000.0 0.35 0 0
-0.48214285714285715 0.48 -0.1607142857142857 1.6 -5.27014648958134 -5.27014648958134 -5.339139361068292 1.0 0.0 0.0 0.0 -0.7849438482581571 0.5908179503018389 1.0887930798419598 0.03223469387755103 4.959183673469389e-05 650.0 12000.0 0.35 0 0
-0.41785714285714287 0.48 -0.1607142857142857 1.6 -5.27014648958134 -5.27014648958134 -5.339139361068292 1.0 0.0 0.0 0.0 -0.6921010274964395 0.5908179503018389 1.0381515412446594 0.03223469387755103 4.959183673469389e-05 650.0 12000.0 0.35 0 0
-0.3535714285714286 0.48 -0.1607142857142857 1.6 -5.27014648958134 -5.27014648958134 -5.339139361068292 1.0 0.0 0.0 0.0 -0.599258206734722 0.5908179503018389 0.987510002647359 0.03223469387755103 4.959183673469389e-05 650.0 12000.0 0.35 0 0
-0.28928571428571426 0.48 -0.1607142857142857 1.6 -5.27014648958134 -5.27014648958134 -5.339139361068292 1.0 0.0 0.0 0.0 -0.5064153859730045 0.5908179503018389 0.9368684640500583 0.03223469387755103 4.959183673469389e-05 650.0 12000.0 0.35 0 0
-0.22499999999999998 0.48 -0.1607142857142857 1.6 -5.27014648958134 -5.27014648958134 -5.339139361068292 1.0 0.0 0.0 0.0 -0.413572565211287 0.5908179503018389 0.886226925452758 0.03223469387755103 4.959183673469389e-05 650.0 12000.0 0.35 0 0
-0.1607142857142857 0.48 -0.1607142857142857 1.6 -5.27014648958134 -5.27014648958134 -5.339139361068292 1.0 0.0 0.0 0.0 -0.3207297444495696 0.5908179503018389 0.8355853868554578 0.03223469387755103 4.959183673469389e-05 650.0 12000.0 0.35 0 0
-0.09642857142857142 0.48 -0.1607142857142857 1.6 -5.27014648958134 -5.27014648958134 -5.339139361068292 1.0 0.0 0.0 0.0 -0.22788692368785204 0.5908179503018389 0.7849438482581571 0.03223469387755103 4.959183673469389e-05 650.0 12000.0 0.35 0 0
-0.03214285714285714 0.48 -0.1607142857142857 1.6 -5.27014648958134 -5.27014648958134 -5.339139361068292 1.0 0.0 0.0 0.0 -0.13504410292613447 0.5908179503018389 0.7343023096608564 0.03223469387755103 4.959183673469389e-05 650.0 12000.0 0.35 0 0
0.03214285714285714 0.48 -0.1607142857142857 1.6 -5.27014648958134 -5.27014648958134 -5.339139361068292 1.0 0.0 0.0 0.0 -0.042201282164416896 0.5908179503018389 0.6836607710635562 0.03223469387755103 4.959183673469389e-05 650.0 12000.0 0.35 0 0
0.09642857142857153 0.48 -0.1607142857142857 1.6 -5.27014648958134 -5.27014648958134 -5.339139361068292 1.0 0.0 0.0 0.0 0.05064153859730028 0.5908179503018389 0.6330192324662558 0.03223469387755103 4.959183673469389e-05 650.0 12000.0 0.35 0 0
0.1607142857142858 0.48 -0.1607142857142857 1.6 -5.27014648958134 -5.27014648958134 -5.339139361068292 1.0 0.0 0.0 0.0 0.14348435935901824 0.5908179503018389 0.5823776938689552 0.03223469387755103 4.959183673469389e-05 650.0 12000.0 0.35 0 0
0.2250000000000001 0.48 -0.1607142857142857 1.6 -5.27014648958134 -5.27014648958134 -5.339139361068292 1.0 0.0 0.0 0.0 0.23632718012073542 0.5908179503018389 0.5317361552716549 0.03223469387755103 4.959183673469389e-05 650.0 12000.0 0.35 0 0
0.28928571428571437 0.48 -0.1607142857142857 1.6 -5.27014648958134 -5.27014648958134 -5.339139361068292 1.0 0.0 0.0 0.0 0.3291700008824534 0.5908179503018389 0.4810946166743542 0.03223469387755103 4.959183673469389e-05 650.0 12000.0 0.35 0 0
0.35357142857142865 0.48 -0.1607142857142857 1.6 -5.27014648958134 -5.27014648958134 -5.339139361068292 1.0 0.0 0.0 0.0 0.4220128216441706 0.5908179503018389 0.43045307807705396 0.03223469387755103 4.959183673469389e-05 650.0 12000.0 0.35 0 0
0.4178571428571429 0.48 -0.1607142857142857 1.6 -5.27014648958134 -5.27014648958134 -5.339139361068292 1.0 0.0 0.0 0.0 0.5148556424058881 0.5908179503018389 0.37981153947975327 0.03223469387755103 4.959183673469389e-05 650.0 12000.0 0.35 0 0
0.4821428571428572 0.48 -0.1607142857142857 1.6 -5.27014648958134 -5.27014648958134 -5.339139361068292 1.0 0.0 0.0 0.0 0.6076984631676057 0.5908179503018389 0.329170000882453 0.03223469387755103 4.959183673469389e-05 650.0 12000.0 0.35 0 0
0.5464285714285715 0.48 -0.1607142857142857 1.6 -5.27014648958134 -5.27014648958134 -5.339139361068292 1.0 0.0 0.0 0.0 0.7005412839293232 0.5908179503018389 0.2785284622851523 0.03223469387755103 4.959183673469389e-05 650.0 12000.0 0.35 0 0
0.6107142857142858 0.48 -0.1607142857142857 1.6 -5.27014648958134 -5.27014648958134 -5.339139361068292 1.0 0.0 0.0 0.0 0.7933841046910408 0.5908179503018389 0.22788692368785204 0.03223469387755103 4.959183673469389e-05 650.0 12000.0 0.35 0 0
0.675 0.48 -0.1607142857142857 1.6 -5.27014648958134 -5.27014648958134 -5.339139361068292 1.0 0.0 0.0 0.0 0.886226925452758 0.5908179503018389 0.17724538509055177 0.03223469387755103 4.959183673469389e-05 650.0 12000.0 0.35 0 0
-0.675 0.48 -0.09642857142857142 1.6 -5.27014648958134 -5.27014648958134 -5.339139361068292 1.0 0.0 0.0 0.0 -1.0634723105433095 0.5317361552716549 1.2407176956338613 0.03223469387755103 4.959183673469389e-05 650.0 12000.0 0.35 0 0
-0.6107142857142858 0.48 -0.09642857142857142 1.6 -5.27014648958134 -5.27014648958134 -5.339139361068292 1.0 0.0 0.0 0.0 -0.9706294897815922 0.5317361552716549 1.1900761570365608 0.03223469387755103 4.959183673469389e-05 650.0 12000.0 0.35 0 0
-0.5464285714285715 0.48 -0.09642857142857142 1.6 -5.27014648958134 -5.27014648958134 -5.339139361068292 1.0 0.0 0.0 0.0 -0.8777866690198747 0.5317361552716549 1.1394346184392603 0.03223469387755103 4.959183673469389e-05 650.0 12000.0 0.35 0 0
-0.48214285714285715 0.48 -0.09642857142857142 1.6 -5.27014648958134 -5.27014648958134 -5.339139361068292 1.0 0.0 0.0 0.0 -0.7849438482581571 0.5317361552716549 1.0887930798419598 0.03223469387755103 4.959183673469389e-05 650.0 12000.0 0.35 0 0
-0.41785714285714287 0.48 -0.09642857142857142 1.6 -5.27014648958134 -5.27014648958134 -5.339139361068292 1.0 0.0 0.0 0.0 -0.6921010274964395 0.5317361552716549 1.0381515412446594 0.03223469387755103 4.959183673469389e-05 650.0 12000.0 0.35 0 0
-0.3535714285714286 0.48 -0.09642857142857142 1.6 -5.27014648958134 -5.27014648958134 -5.339139361068292 1.0 0.0 0.0 0.0 -0.599258206734722 0.5317361552716549 0.987510002647359 0.03223469387755103 4.959183673469389e-05 650.0 12000.0 0.35 0 0
-0.28928571428571426 0.48 -0.09642857142857142 1.6 -5.27014648958134 -5.27014648958134 -5.339139361068292 1.0 0.0 0.0 0.0 -0.5064153859730045 0.5317361552716549 0.9368684640500583 0.03223469387755103 4.959183673469389e-05 650.0 12000.0 0.35 0 0
-0.22499999999999998 0.48 -0.09642857142857142 1.6 -5.27014648958134 -5.27014648958134 -5.339139361068292 1.0 0.0 0.0 0.0 -0.413572565211287 0.5317361552716549 0.886226925452758 0.03223469387755103 4.959183673469389e-05 650.0 12000.0 0.35 0 0
-0.1607142857142857 0.48 -0.09642857142857142 1.6 -5.27014648958134 -5.27014648958134 -5.339139361068292 1.0 0.0 0.0 0.0 -0.3207297444495696 0.5317361552716549 0.8355853868554578 0.03223469387755103 4.959183673469389e-05 650.0 12000.0 0.35 0 0
-0.09642857142857142 0.48 -0.09642857142857142 1.6 -5.27014648958134 -5.27014648958134 -5.339139361068292 1.0 0.0 0.0 0.0 -0.22788692368785204 0.5317361552716549 0.7849438482581571 0.03223469387755103 4.959183673469389e-05 650.0 12000.0 0.35 0 0
-0.03214285714285714 0.48 -0.09642857142857142 1.6 -5.27014648958134 -5.27014648958134 -5.339139361068292 1.0 0.0 0.0 0.0 -0.13504410292613447 0.5317361552716549 0.7343023096608564 0.03223469387755103 4.959183673469389e-05 650.0 12000.0 0.35 0 0
0.03214285714285714 0.48 -0.09642857142857142 1.6 -5.27014648958134 -5.27014648958134 -5.339139361068292 1.0 0.0 0.0 0.0 -0.042201282164416896 0.5317361552716549 0.6836607710635562 0.03223469387755103 4.959183673469389e-05 650.0 12000.0 0.35 0 0
0.09642857142857153 0.48 -0.09642857142857142 1.6 -5.27014648958134 -5.27014648958134 -5.339139361068292 1.0 0.0 0.0 0.0 0.05064153859730028 0.5317361552716549 0.6330192324662558 0.03223469387755103 4.959183673469389e-05 650.0 12000.0 0.35 0 0
0.1607142857142858 0.48 -0.09642857142857142 1.6 -5.27014648958134 -5.27014648958134 -5.339139361068292 1.0 0.0 0.0 0.0 0.14348435935901824 0.5317361552716549 0.5823776938689552 0.03223469387755103 4.959183673469389e-05 650.0 12000.0 0.35 0 0
0.2250000000000001 0.48 -0.09642857142857142 1.6 -5.27014648958134 -5.27014648958134 -5.339139361068292 1.0 0.0 0.0 0.0 0.23632718012073542 0.5317361552716549 0.5317361552716549 0.03223469387755103 4.959183673469389e-05 650.0 12000.0 0.35 0 0
0.28928571428571437 0.48 -0.09642857142857142 1.6 -5.27014648958134 -5.27014648958134 -5.339139361068292 1.0 0.0 0.0 0.0 0.3291700008824534 0.5317361552716549 0.4810946166743542 0.03223469387755103 4.959183673469389e-05 650.0 12000.0 0.35 0 0
0.35357142857142865 0.48 -0.09642857142857142 1.6 -5.27014648958134 -5.27014648958134 -5.339139361068292 1.0 0.0 0.0 0.0 0.4220128216441706 0.5317361552716549 0.43045307807705396 0.03223469387755103 4.959183673469389e-05 650.0 12000.0 0.35 0 0
0.4178571428571429 0.48 -0.09642857142857142 1.6 -5.27014648958134 -5.27014648958134 -5.339139361068292 1.0 0.0 0.0 0.0 0.5148556424058881 0.5317361552716549 0.37981153947975327 0.03223469387755103 4.959183673469389e-05 650.0 12000.0 0.35 0 0
0.4821428571428572 0.48 -0.09642857142857142 1.6 -5.27014648958134 -5.27014648958134 -5.339139361068292 1.0 0.0 0.0 0.0 0.6076984631676057 0.5317361552716549 0.329170000882453 0.03223469387755103 4.959183673469389e-05 650.0 12000.0 0.35 0 0
0.5464285714285715 0.48 -0.09642857142857142 1.6 -5.27014648958134 -5.27014648958134 -5.339139361068292 1.0 0.0 0.0 0.0 0.7005412839293232 0.5317361552716549 0.2785284622851523 0.03223469387755103 4.959183673469389e-05 650.0 12000.0 0.35 0 0
0.6107142857142858 0.48 -0.09642857142857142 1.6 -5.27014648958134 -5.27014648958134 -5.339139361068292 1.0 0.0 0.0 0.0 0.7933841046910408 0.5317361552716549 0.22788692368785204 0.03223469387755103 4.959183673469389e-05 650.0 12000.0 0.35 0 0
0.675 0.48 -0.09642857142857142 1.6 -5.27014648958134 -5.27014648958134 -5.339139361068292 1.0 0.0 0.0 0.0 0.886226925452758 0.5317361552716549 0.17724538509055177 0.03223469387755103 4.959183673469389e-05 650.0 12000.0 0.35 0 0
-0.675 0.48 -0.03214285714285714 1.6 -5.27014648958134 -5.27014648958134 -5.339139361068292 1.0 0.0 0.0 0.0 -1.0634723105433095 0.47265436024147084 1.2407176956338613 0.03223469387755103 4.959183673469389e-05 650.0 12000.0 0.35 0 0
-0.6107142857142858 0.48 -0.03214285714285714 1.6 -5.27014648958134 -5.27014648958134 -5.339139361068292 1.0 0.0 0.0 0.0 -0.9706294897815922 0.47265436024147084 1.1900761570365608 0.03223469387755103 4.959183673469389e-05 650.0 12000.0 0.35 0 0
-0.5464285714285715 0.48 -0.03214285714285714 1.6 -5.27014648958134 -5.27014648958134 -5.339139361068292 1.0 0.0 0.0 0.0 -0.8777866690198747 0.47265436024147084 1.1394346184392603 0.03223469387755103 4.959183673469389e-05 650.0 12000.0 0.35 0 0
-0.48214285714285715 0.48 -0.03214285714285714 1.6 -5.27014648958134 -5.27014648958134 -5.339139361068292 1.0 0.0 0.0 0.0 -0.7849438482581571 0.47265436024147084 1.0887930798419598 0.03223469387755103 4.959183673469389e-05 650.0 12000.0 0.35 0 0
-0.41785714285714287 0.48 -0.03214285714285714 1.6 -5.27014648958134 -5.27014648958134 -5.339139361068292 1.0 0.0 0.0 0.0 -0.6921010274964395 0.47265436024147084 1.0381515412446594 0.03223469387755103 4.959183673469389e-05 650.0 12000.0 0.35 0 0
-0.3535714285714286 0.48 -0.03214285714285714 1.6 -5.27014648958134 -5.27014648958134 -5.339139361068292 1.0 0.0 0.0 0.0 -0.599258206734722 0.47265436024147084 0.987510002647359 0.03223469387755103 4.959183673469389e-05 650.0 12000.0 0.35 0 0
-0.28928571428571426 0.48 -0.03214285714285714 1.6 -5.27014648958134 -5.27014648958134 -5.339139361068292 1.0 0.0 0.0 0.0 -0.5064153859730045 0.47265436024147084 0.9368684640500583 0.03223469387755103 4.959183673469389e-05 650.0 12000.0 0.35 0 0
-0.22499999999999998 0.48 -0.03214285714285714 1.6 -5.27014648958134 -5.27014648958134 -5.339139361068292 1.0 0.0 0.0 0.0 -0.413572565211287 0.47265436024147084 0.886226925452758 0.03223469387755103 4.959183673469389e-05 650.0 12000.0 0.35 0 0
-0.1607142857142857 0.48 -0.03214285714285714 1.6 -5.27014648958134 -5.27014648958134 -5.339139361068292 1.0 0.0 0.0 0.0 -0.3207297444495696 0.47265436024147084 0.8355853868554578 0.03223469387755103 4.959183673469389e-05 650.0 12000.0 0.35 0 0
-0.09642857142857142 0.48 -0.03214285714285714 1.6 -5.27014648958134 -5.27014648958134 -5.339139361068292 1.0 0.0 0.0 0.0 -0.22788692368785204 0.47265436024147084 0.7849438482581571 0.03223469387755103 4.959183673469389e-05 650.0 12000.0 0.35 0 0
-0.03214285714285714 0.48 -0.03214285714285714 1.6 -5.27014648958134 -5.27014648958134 -5.339139361068292 1.0 0.0 0.0 0.0 -0.13504410292613447 0.47265436024147084 0.7343023096608564 0.03223469387755103 4.959183673469389e-05 650.0 12000.0 0.35 0 0
0.03214285714285714 0.48 -0.03214285714285714 1.6 -5.27014648958134 -5.27014648958134 -5.339139361068292 1.0 0.0 0.0 0.0 -0.042201282164416896 0.47265436024147084 0.6836607710635562 0.03223469387755103 4.959183673469389e-05 650.0 12000.0 0.35 0 0
0.09642857142857153 0.48 -0.03214285714285714 1.6 -5.27014648958134 -5.27014648958134 -5.339139361068292 1.0 0.0 0.0 0.0 0.05064153859730028 0.47265436024147084 0.6330192324662558 0.03223469387755103 4.959183673469389e-05 650.0 12000.0 0.35 0 0
0.1607142857142858 0.48 -0.03214285714285714 1.6 -5.27014648958134 -5.27014648958134 -5.339139361068292 1.0 0.0 0.0 0.0 0.14348435935901824 0.47265436024147084 0.5823776938689552 0.03223469387755103 4.959183673469389e-05 650.0 12000.0 0.35 0 0
0.2250000000000001 0.48 -0.03214285714285714 1.6 -5.27014648958134 -5.27014648958134 -5.339139361068292 1.0 0.0 0.0 0.0 0.23632718012073542 0.47265436024147084 0.5317361552716549 0.03223469387755103 4.959183673469389e-05 650.0 12000.0 0.35 0 0
0.28928571428571437 0.48 -0.03214285714285714 1.6 -5.27014648958134 -5.27014648958134 -5.339139361068292 1.0 0.0 0.0 0.0 0.3291700008824534 0.47265436024147084 0.4810946166743542 0.03223469387755103 4.959183673469389e-05 650.0 12000.0 0.35 0 0
0.35357142857142865 0.48 -0.03214285714285714 1.6 -5.27014648958134 -5.27014648958134 -5.339139361068292 1.0 0.0 0.0 0.0 0.4220128216441706 0.47265436024147084 0.43045307807705396 0.03223469387755103 4.959183673469389e-05 650.0 12000.0 0.35 0 0
0.4178571428571429 0.48 -0.03214285714285714 1.6 -5.27014648958134 -5.27014648958134 -5.339139361068292 1.0 0.0 0.0 0.0 0.5148556424058881 0.47265436024147084 0.37981153947975327 0.03223469387755103 4.959183673469389e-05 650.0 12000.0 0.35 0 0
0.4821428571428572 0.48 -0.03214285714285714 1.6 -5.27014648958134 -5.27014648958134 -5.339139361068292 1.0 0.0 0.0 0.0 0.6076984631676057 0.47265436024147084 0.329170000882453 0.03223469387755103 4.959183673469389e-05 650.0 12000.0 0.35 0 0
0.5464285714285715 0.48 -0.03214285714285714 1.6 -5.27014648958134 -5.27014648958134 -5.339139361068292 1.0 0.0 0.0 0.0 0.7005412839293232 0.47265436024147084 0.2785284622851523 0.03223469387755103 4.959183673469389e-05 650.0 12000.0 0.35 0 0
0.6107142857142858 0.48 -0.03214285714285714 1.6 -5.27014648958134 -5.27014648958134 -5.339139361068292 1.0 0.0 0.0 0.0 0.7933841046910408 0.47265436024147084 0.22788692368785204 0.03223469387755103 4.959183673469389e-05 650.0 12000.0 0.35 0 0
0.675 0.48 -0.03214285714285714 1.6 -5.27014648958134 -5.27014648958134 -5.339139361068292 1.0 0.0 0.0 0.0 0.886226925452758 0.47265436024147084 0.17724538509055177 0.03223469387755103 4.959183673469389e-05 650.0 12000.0 0.35 0 0
-0.675 0.48 0.03214285714285714 1.6 -5.27014648958134 -5.27014648958134 -5.339139361068292 1.0 0.0 0.0 0.0 -1.0634723105433095 0.41357256521128716 1.2407176956338613 0.03223469387755103 4.959183673469389e-05 650.0 12000.0 0.35 0 0
-0.6107142857142858 0.48 0.03214285714285714 1.6 -5.27014648958134 -5.27014648958134 -5.339139361068292 1.0 0.0 0.0 0.0 -0.9706294897815922 0.41357256521128716 1.1900761570365608 0.03223469387755103 4.959183673469389e-05 650.0 12000.0 0.35 0 0
-0.5464285714285715 0.48 0.03214285714285714 1.6 -5.27014648958134 -5.27014648958134 -5.339139361068292 1.0 0.0 0.0 0.0 -0.8777866690198747 0.41357256521128716 1.1394346184392603 0.03223469387755103 4.959183673469389e-05 650.0 12000.0 0.35 0 0
-0.48214285714285715 0.48 0.03214285714285714 1.6 -5.27014648958134 -5.27014648958134 -5.339139361068292 1.0 0.0 0.0 0.0 -0.7849438482581571 0.41357256521128716 1.0887930798419598 0.03223469387755103 4.959183673469389e-05 650.0 12000.0 0.35 0 0
-0.41785714285714287 0.48 0.03214285714285714 1.6 -5.27014648958134 -5.27014648958134 -5.339139361068292 1.0 0.0 0.0 0.0 -0.6921010274964395 0.41357256521128716 1.0381515412446594 0.03223469387755103 4.959183673469389e-05 650.0 12000.0 0.35 0 0
-0.3535714285714286 0.48 0.03214285714285714 1.6 -5.27014648958134 -5.27014648958134 -5.339139361068292 1.0 0.0 0.0 0.0 -0.599258206734722 0.41357256521128716 0.987510002647359 0.03223469387755103 4.959183673469389e-05 650.0 12000.0 0.35 0 0
-0.28928571428571426 0.48 0.03214285714285714 1.6 -5.27014648958134 -5.27014648958134 -5.339139361068292 1.0 0.0 0.0 0.0 -0.5064153859730045 0.41357256521128716 0.9368684640500583 0.03223469387755103 4.959183673469389e-05 650.0 12000.0 0.35 0 0
-0.22499999999999998 0.48 0.03214285714285714 1.6 -5.27014648958134 -5.27014648958134 -5.339139361068292 1.0 0.0 0.0 0.0 -0.413572565211287 0.41357256521128716 0.886226925452758 0.03223469387755103 4.959183673469389e-05 650.0 12000.0 0.35 0 0
-0.1607142857142857 0.48 0.03214285714285714 1.6 -5.27014648958134 -5.27014648958134 -5.339139361068292 1.0 0.0 0.0 0.0 -0.3207297444495696 0.41357256521128716 0.8355853868554578 0.03223469387755103 4.959183673469389e-05 650.0 12000.0 0.35 0 0
-0.09642857142857142 0.48 0.03214285714285714 1.6 -5.27014648958134 -5.27014648958134 -5.339139361068292 1.0 0.0 0.0 0.0 -0.22788692368785204 0.41357256521128716 0.7849438482581571 0.03223469387755103 4.959183673469389e-05 650.0 12000.0 0.35 0 0
-0.03214285714285714 0.48 0.03214285714285714 1.6 -5.27014648958134 -5.27014648958134 -5.339139361068292 1.0 0.0 0.0 0.0 -0.13504410292613447 0.41357256521128716 0.7343023096608564 0.03223469387755103 4.959183673469389e-05 650.0 12000.0 0.35 0 0
0.03214285714285714 0.48 0.03214285714285714 1.6 -5.27014648958134 -5.27014648958134 -5.339139361068292 1.0 0.0 0.0 0.0 -0.042201282164416896 0.41357256521128716 0.6836607710635562 0.03223469387755103 4.959183673469389e-05 650.0 12000.0 0.35 0 0
0.09642857142857153 0.48 0.03214285714285714 1.6 -5.27014648958134 -5.27014648958134 -5.339139361068292 1.0 0.0 0.0 0.0 0.05064153859730028 0.41357256521128716 0.6330192324662558 0.03223469387755103 4.959183673469389e-05 650.0 12000.0 0.35 0 0
0.1607142857142858 0.48 0.03214285714285714 1.6 -5.27014648958134 -5.27014648958134 -5.339139361068292 1.0 0.0 0.0 0.0 0.14348435935901824 0.41357256521128716 0.5823776938689552 0.03223469387755103 4.959183673469389e-05 650.0 12000.0 0.35 0 0
0.2250000000000001 0.48 0.03214285714285714 1.6 -5.27014648958134 -5.27014648958134 -5.339139361068292 1.0 0.0 0.0 0.0 0.23632718012073542 0.41357256521128716 0.5317361552716549 0.03223469387755103 4.959183673469389e-05 650.0 12000.0 0.35 0 0
0.28928571428571437 0.48 0.03214285714285714 1.6 -5.27014648958134 -5.27014648958134 -5.339139361068292 1.0 0.0 0.0 0.0 0.3291700008824534 0.41357256521128716 0.4810946166743542 0.03223469387755103 4.959183673469389e-05 650.0 12000.0 0.35 0 0
0.35357142857142865 0.48 0.03214285714285714 1.6 -5.27014648958134 -5.27014648958134 -5.339139361068292 1.0 0.0 0.0 0.0 0.4220128216441706 0.41357256521128716 0.43045307807705396 0.03223469387755103 4.959183673469389e-05 650.0 12000.0 0.35 0 0
0.4178571428571429 0.48 0.03214285714285714 1.6 -5.27014648958134 -5.27014648958134 -5.339139361068292 1.0 0.0 0.0 0.0 0.5148556424058881 0.41357256521128716 0.37981153947975327 0.03223469387755103 4.959183673469389e-05 650.0 12000.0 0.35 0 0
0.4821428571428572 0.48 0.03214285714285714 1.6 -5.27014648958134 -5.27014648958134 -5.339139361068292 1.0 0.0 0.0 0.0 0.6076984631676057 0.41357256521128716 0.329170000882453 0.03223469387755103 4.959183673469389e-05 650.0 12000.0 0.35 0 0
0.5464285714285715 0.48 0.03214285714285714 1.6 -5.27014648958134 -5.27014648958134 -5.339139361068292 1.0 0.0 0.0 0.0 0.7005412839293232 0.41357256521128716 0.2785284622851523 0.03223469387755103 4.959183673469389e-05 650.0 12000.0 0.35 0 0
0.6107142857142858 0.48 0.03214285714285714 1.6 -5.27014648958134 -5.27014648958134 -5.339139361068292 1.0 0.0 0.0 0.0 0.7933841046910408 0.41357256521128716 0.22788692368785204 0.03223469387755103 4.959183673469389e-05 650.0 12000.0 0.35 0 0
0.675 0.48 0.03214285714285714 1.6 -5.27014648958134 -5.27014648958134 -5.339139361068292 1.0 0.0 0.0 0.0 0.886226925452758 0.41357256521128716 0.17724538509055177 0.03223469387755103 4.959183673469389e-05 650.0 12000.0 0.35 0 0
-0.675 0.48 0.09642857142857153 1.6 -5.27014648958134 -5.27014648958134 -5.339139361068292 1.0 0.0 0.0 0.0 -1.0634723105433095 0.35449077018110314 1.2407176956338613 0.03223469387755103 4.959183673469389e-05 650.0 12000.0 0.35 0 0
-0.6107142857142858 0.48 0.09642857142857153 1.6 -5.27014648958134 -5.27014648958134 -5.339139361068292 1.0 0.0 0.0 0.0 -0.9706294897815922 0.35449077018110314 1.1900761570365608 0.03223469387755103 4.959183673469389e-05 650.0 12000.0 0.35 0 0
-0.5464285714285715 0.48 0.09642857142857153 1.6 -5.27014648958134 -5.27014648958134 -5.339139361068292 1.0 0.0 0.0 0.0 -0.8777866690198747 0.35449077018110314 1.1394346184392603 0.03223469387755103 4.959183673469389e-05 650.0 12000.0 0.35 0 0
-0.48214285714285715 0.48 0.09642857142857153 1.6 -5.27014648958134 -5.27014648958134 -5.339139361068292 1.0 0.0 0.0 0.0 -0.7849438482581571 0.35449077018110314 1.0887930798419598 0.03223469387755103 4.959183673469389e-05 650.0 12000.0 0.35 0 0
-0.41785714285714287 0.48 0.09642857142857153 1.6 -5.27014648958134 -5.27014648958134 -5.339139361068292 1.0 0.0 0.0 0.0 -0.6921010274964395 0.35449077018110314 1.0381515412446594 0.03223469387755103 4.959183673469389e-05 650.0 12000.0 0.35 0 0
-0.3535714285714286 0.48 0.09642857142857153 1.6 -5.27014648958134 -5.27014648958134 -5.339139361068292 1.0 0.0 0.0 0.0 -0.599258206734722 0.35449077018110314 0.987510002647359 0.03223469387755103 4.959183673469389e-05 650.0 12000.0 0.35 0 0
-0.28928571428571426 0.48 0.09642857142857153 1.6 -5.27014648958134 -5.27014648958134 -5.339139361068292 1.0 0.0 0.0 0.0 -0.5064153859730045 0.35449077018110314 0.9368684640500583 0.03223469387755103 4.959183673469389e-05 650.0 12000.0 0.35 0 0
-0.22499999999999998 0.48 0.09642857142857153 1.6 -5.27014648958134 -5.27014648958134 -5.339139361068292 1.0 0.0 0.0 0.0 -0.413572565211287 0.35449077018110314 0.886226925452758 0.03223469387755103 4.959183673469389e-05 650.0 12000.0 0.35 0 0
-0.1607142857142857 0.48 0.09642857142857153 1.6 -5.27014648958134 -5.27014648958134 -5.339139361068292 1.0 0.0 0.0 0.0 -0.3207297444495696 0.35449077018110314 0.8355853868554578 0.03223469387755103 4.959183673469389e-05 650.0 12000.0 0.35 0 0
-0.09642857142857142 0.48 0.09642857142857153 1.6 -5.27014648958134 -5.27014648958134 -5.339139361068292 1.0 0.0 0.0 0.0 -0.22788692368785204 0.35449077018110314 0.7849438482581571 0.03223469387755103 4.959183673469389e-05 650.0 12000.0 0.35 0 0
-0.03214285714285714 0.48 0.09642857142857153 1.6 -5.27014648958134 -5.27014648958134 -5.339139361068292 1.0 0.0 0.0 0.0 -0.13504410292613447 0.35449077018110314 0.7343023096608564 0.03223469387755103 4.959183673469389e-05 650.0 12000.0 0.35 0 0
0.03214285714285714 0.48 0.09642857142857153 1.6 -5.27014648958134 -5.27014648958134 -5.339139361068292 1.0 0.0 0.0 0.0 -0.042201282164416896 0.35449077018110314 0.6836607710635562 0.03223469387755103 4.959183673469389e-05 650.0 12000.0 0.35 0 0
0.09642857142857153 0.48 0.09642857142857153 1.6 -5.27014648958134 -5.27014648958134 -5.339139361068292 1.0 0.0 0.0 0.0 0.05064153859730028 0.35449077018110314 0.6330192324662558 0.03223469387755103 4.959183673469389e-05 650.0 12000.0 0.35 0 0
0.1607142857142858 0.48 0.09642857142857153 1.6 -5.27014648958134 -5.27014648958134 -5.339139361068292 1.0 0.0 0.0 0.0 0.14348435935901824 0.35449077018110314 0.5823776938689552 0.03223469387755103 4.959183673469389e-05 650.0 12000.0 0.35 0 0
0.2250000000000001 0.48 0.09642857142857153 1.6 -5.27014648958134 -5.27014648958134 -5.339139361068292 1.0 0.0 0.0 0.0 0.23632718012073542 0.35449077018110314 0.5317361552716549 0.03223469387755103 4.959183673469389e-05 650.0 12000.0 0.35 0 0
0.28928571428571437 0.48 0.09642857142857153 1.6 -5.27014648958134 -5.27014648958134 -5.339139361068292 1.0 0.0 0.0 0.0 0.3291700008824534 0.35449077018110314 0.4810946166743542 0.03223469387755103 4.959183673469389e-05 650.0 12000.0 0.35 0 0
0.35357142857142865 0.48 0.09642857142857153 1.6 -5.27014648958134 -5.27014648958134 -5.339139361068292 1.0 0.0 0.0 0.0 0.4220128216441706 0.35449077018110314 0.43045307807705396 0.03223469387755103 4.959183673469389e-05 650.0 12000.0 0.35 0 0
0.4178571428571429 0.48 0.09642857142857153 1.6 -5.27014648958134 -5.27014648958134 -5.339139361068292 1.0 0.0 0.0 0.0 0.5148556424058881 0.35449077018110314 0.37981153947975327 0.03223469387755103 4.959183673469389e-05 650.0 12000.0 0.35 0 0
0.4821428571428572 0.48 0.09642857142857153 1.6 -5.27014648958134 -5.27014648958134 -5.339139361068292 1.0 0.0 0.0 0.0 0.6076984631676057 0.35449077018110314 0.329170000882453 0.03223469387755103 4.959183673469389e-05 650.0 12000.0 0.35 0 0
0.5464285714285715 0.48 0.09642857142857153 1.6 -5.27014648958134 -5.27014648958134 -5.339139361068292 1.0 0.0 0.0 0.0 0.7005412839293232 0.35449077018110314 0.2785284622851523 0.03223469387755103 4.959183673469389e-05 650.0 12000.0 0.35 0 0
0.6107142857142858 0.48 0.09642857142857153 1.6 -5.27014648958134 -5.27014648958134 -5.339139361068292 1.0 0.0 0.0 0.0 0.7933841046910408 0.35449077018110314 0.22788692368785204 0.03223469387755103 4.959183673469389e-05 650.0 12000.0 0.35 0 0
0.675 0.48 0.09642857142857153 1.6 -5.27014648958134 -5.27014648958134 -5.339139361068292 1.0 0.0 0.0 0.0 0.886226925452758 0.35449077018110314 0.17724538509055177 0.03223469387755103 4.959183673469389e-05 650.0 12000.0 0.35 0 0
-0.675 0.48 0.1607142857142858 1.6 -5.27014648958134 -5.27014648958134 -5.339139361068292 1.0 0.0 0.0 0.0 -1.0634723105433095 0.2954089751509191 1.2407176956338613 0.03223469387755103 4.959183673469389e-05 650.0 12000.0 0.35 0 0
-0.6107142857142858 0.48 0.1607142857142858 1.6 -5.27014648958134 -5.27014648958134 -5.339139361068292 1.0 0.0 0.0 0.0 -0.9706294897815922 0.2954089751509191 1.1900761570365608 0.03223469387755103 4.959183673469389e-05 650.0 12000.0 0.35 0 0
-0.5464285714285715 0.48 0.1607142857142858 1.6 -5.27014648958134 -5.27014648958134 -5.339139361068292 1.0 0.0 0.0 0.0 -0.8777866690198747 0.2954089751509191 1.1394346184392603 0.03223469387755103 4.959183673469389e-05 650.0 12000.0 0.35 0 0
-0.48214285714285715 0.48 0.1607142857142858 1.6 -5.27014648958134 -5.27014648958134 -5.339139361068292 1.0 0.0 0.0 0.0 -0.7849438482581571 0.2954089751509191 1.0887930798419598 0.03223469387755103 4.959183673469389e-05 650.0 12000.0 0.35 0 0
-0.41785714285714287 0.48 0.1607142857142858 1.6 -5.27014648958134 -5.27014648958134 -5.339139361068292 1.0 0.0 0.0 0.0 -0.6921010274964395 0.2954089751509191 1.0381515412446594 0.03223469387755103 4.959183673469389e-05 650.0 12000.0 0.35 0 0
-0.3535714285714286 0.48 0.1607142857142858 1.6 -5.27014648958134 -5.27014648958134 -5.339139361068292 1.0 0.0 0.0 0.0 -0.599258206734722 0.2954089751509191 0.987510002647359 0.03223469387755103 4.959183673469389e-05 650.0 12000.0 0.35 0 0
-0.28928571428571426 0.48 0.1607142857142858 1.6 -5.27014648958134 -5.27014648958134 -5.339139361068292 1.0 0.0 0.0 0.0 -0.5064153859730045 0.2954089751509191 0.9368684640500583 0.03223469387755103 4.959183673469389e-05 650.0 12000.0 0.35 0 0
-0.22499999999999998 0.48 0.1607142857142858 1.6 -5.27014648958134 -5.27014648958134 -5.339139361068292 1.0 0.0 0.0 0.0 -0.413572565211287 0.2954089751509191 0.886226925452758 0.03223469387755103 4.959183673469389e-05 650.0 12000.0 0.35 0 0
-0.1607142857142857 0.48 0.1607142857142858 1.6 -5.27014648958134 -5.27014648958134 -5.339139361068292 1.0 0.0 0.0 0.0 -0.3207297444495696 0.2954089751509191 0.8355853868554578 0.03223469387755103 4.959183673469389e-05 650.0 12000.0 0.35 0 0
-0.09642857142857142 0.48 0.1607142857142858 1.6 -5.27014648958134 -5.27014648958134 -5.339139361068292 1.0 0.0 0.0 0.0 -0.22788692368785204 0.2954089751509191 0.7849438482581571 0.03223469387755103 4.959183673469389e-05 650.0 12000.0 0.35 0 0
-0.03214285714285714 0.48 0.1607142857142858 1.6 -5.27014648958134 -5.27014648958134 -5.339139361068292 1.0 0.0 0.0 0.0 -0.13504410292613447 0.2954089751509191 0.7343023096608564 0.03223469387755103 4.959183673469389e-05 650.0 12000.0 0.35 0 0
0.03214285714285714 0.48 0.1607142857142858 1.6 -5.27014648958134 -5.27014648958134 -5.339139361068292 1.0 0.0 0.0 0.0 -0.042201282164416896 0.2954089751509191 0.6836607710635562 0.03223469387755103 4.959183673469389e-05 650.0 12000.0 0.35 0 0
0.09642857142857153 0.48 0.1607142857142858 1.6 -5.27014648958134 -5.27014648958134 -5.339139361068292 1.0 0.0 0.0 0.0 0.05064153859730028 0.2954089751509191 0.6330192324662558 0.03223469387755103 4.959183673469389e-05 650.0 12000.0 0.35 0 0
0.1607142857142858 0.48 0.1607142857142858 1.6 -5.27014648958134 -5.27014648958134 -5.339139361068292 1.0 0.0 0.0 0.0 0.14348435935901824 0.2954089751509191 0.5823776938689552 0.03223469387755103 4.959183673469389e-05 650.0 12000.0 0.35 0 0
0.2250000000000001 0.48 0.1607142857142858 1.6 -5.27014648958134 -5.27014648958134 -5.339139361068292 1.0 0.0 0.0 0.0 0.23632718012073542 0.2954089751509191 0.5317361552716549 0.03223469387755103 4.959183673469389e-05 650.0 12000.0 0.35 0 0
0.28928571428571437 0.48 0.1607142857142858 1.6 -5.27014648958134 -5.27014648958134 -5.339139361068292 1.0 0.0 0.0 0.0 0.3291700008824534 0.2954089751509191 0.4810946166743542 0.03223469387755103 4.959183673469389e-05 650.0 12000.0 0.35 0 0
0.35357142857142865 0.48 0.1607142857142858 1.6 -5.27014648958134 -5.27014648958134 -5.339139361068292 1.0 0.0 0.0 0.0 0.4220128216441706 0.2954089751509191 0.43045307807705396 0.03223469387755103 4.959183673469389e-05 650.0 12000.0 0.35 0 0
0.4178571428571429 0.48 0.1607142857142858 1.6 -5.27014648958134 -5.27014648958134 -5.339139361068292 1.0 0.0 0.0 0.0 0.5148556424058881 0.2954089751509191 0.37981153947975327 0.03223469387755103 4.959183673469389e-05 650.0 12000.0 0.35 0 0
0.4821428571428572 0.48 0.1607142857142858 1.6 -5.27014648958134 -5.27014648958134 -5.339139361068292 1.0 0.0 0.0 0.0 0.6076984631676057 0.2954089751509191 0.329170000882453 0.03223469387755103 4.959183673469389e-05 650.0 12000.0 0.35 0 0
0.5464285714285715 0.48 0.1607142857142858 1.6 -5.27014648958134 -5.27014648958134 -5.339139361068292 1.0 0.0 0.0 0.0 0.7005412839293232 0.2954089751509191 0.2785284622851523 0.03223469387755103 4.959183673469389e-05 650.0 12000.0 0.35 0 0
0.6107142857142858 0.48 0.1607142857142858 1.6 -5.27014648958134 -5.27014648958134 -5.339139361068292 1.0 0.0 0.0 0.0 0.7933841046910408 0.2954089751509191 0.22788692368785204 0.03223469387755103 4.959183673469389e-05 650.0 12000.0 0.35 0 0
0.675 0.48 0.1607142857142858 1.6 -5.27014648958134 -5.27014648958134 -5.339139361068292 1.0 0.0 0.0 0.0 0.886226925452758 0.2954089751509191 0.17724538509055177 0.03223469387755103 4.959183673469389e-05 650.0 12000.0 0.35 0 0
-0.675 0.48 0.2250000000000001 1.6 -5.27014648958134 -5.27014648958134 -5.339139361068292 1.0 0.0 0.0 0.0 -1.0634723105433095 0.23632718012073542 1.2407176956338613 0.03223469387755103 4.959183673469389e-05 650.0 12000.0 0.35 0 0
-0.6107142857142858 0.48 0.2250000000000001 1.6 -5.27014648958134 -5.27014648958134 -5.339139361068292 1.0 0.0 0.0 0.0 -0.9706294897815922 0.23632718012073542 1.1900761570365608 0.03223469387755103 4.959183673469389e-05 650.0 12000.0 0.35 0 0
-0.5464285714285715 0.48 0.2250000000000001 1.6 -5.27014648958134 -5.27014648958134 -5.339139361068292 1.0 0.0 0.0 0.0 -0.8777866690198747 0.23632718012073542 1.1394346184392603 0.03223469387755103 4.959183673469389e-05 650.0 12000.0 0.35 0 0
-0.48214285714285715 0.48 0.2250000000000001 1.6 -5.27014648958134 -5.27014648958134 -5.339139361068292 1.0 0.0 0.0 0.0 -0.7849438482581571 0.23632718012073542 1.0887930798419598 0.03223469387755103 4.959183673469389e-05 650.0 12000.0 0.35 0 0
-0.41785714285714287 0.48 0.2250000000000001 1.6 -5.27014648958134 -5.27014648958134 -5.339139361068292 1.0 0.0 0.0 0.0 -0.6921010274964395 0.23632718012073542 1.0381515412446594 0.03223469387755103 4.959183673469389e-05 650.0 12000.0 0.35 0 0
-0.3535714285714286 0.48 0.2250000000000001 1.6 -5.27014648958134 -5.27014648958134 -5.339139361068292 1.0 0.0 0.0 0.0 -0.599258206734722 0.23632718012073542 0.987510002647359 0.03223469387755103 4.959183673469389e-05 650.0 12000.0 0.35 0 0
-0.28928571428571426 0.48 0.2250000000000001 1.6 -5.27014648958134 -5.27014648958134 -5.339139361068292 1.0 0.0 0.0 0.0 -0.5064153859730045 0.23632718012073542 0.9368684640500583 0.03223469387755103 4.959183673469389e-05 650.0 12000.0 0.35 0 0
-0.22499999999999998 0.48 0.2250000000000001 1.6 -5.27014648958134 -5.27014648958134 -5.339139361068292 1.0 0.0 0.0 0.0 -0.413572565211287 0.23632718012073542 0.886226925452758 0.03223469387755103 4.959183673469389e-05 650.0 12000.0 0.35 0 0
-0.1607142857142857 0.48 0.2250000000000001 1.6 -5.27014648958134 -5.27014648958134 -5.339139361068292 1.0 0.0 0.0 0.0 -0.3207297444495696 0.23632718012073542 0.8355853868554578 0.03223469387755103 4.959183673469389e-05 650.0 12000.0 0.35 0 0
-0.09642857142857142 0.48 0.2250000000000001 1.6 -5.27014648958134 -5.27014648958134 -5.339139361068292 1.0 0.0 0.0 0.0 -0.22788692368785204 0.23632718012073542 0.7849438482581571 0.03223469387755103 4.959183673469389e-05 650.0 12000.0 0.35 0 0
-0.03214285714285714 0.48 0.2250000000000001 1.6 -5.27014648958134 -5.27014648958134 -5.339139361068292 1.0 0.0 0.0 0.0 -0.13504410292613447 0.23632718012073542 0.7343023096608564 0.03223469387755103 4.959183673469389e-05 650.0 12000.0 0.35 0 0
0.03214285714285714 0.48 0.2250000000000001 1.6 -5.27014648958134 -5.27014648958134 -5.339139361068292 1.0 0.0 0.0 0.0 -0.042201282164416896 0.23632718012073542 0.6836607710635562 0.03223469387755103 4.959183673469389e-05 650.0 12000.0 0.35 0 0
0.09642857142857153 0.48 0.2250000000000001 1.6 -5.27014648958134 -5.27014648958134 -5.339139361068292 1.0 0.0 0.0 0.0 0.05064153859730028 0.23632718012073542 0.6330192324662558 0.03223469387755103 4.959183673469389e-05 650.0 12000.0 0.35 0 0
0.1607142857142858 0.48 0.2250000000000001 1.6 -5.27014648958134 -5.27014648958134 -5.339139361068292 1.0 0.0 0.0 0.0 0.14348435935901824 0.23632718012073542 0.5823776938689552 0.03223469387755103 4.959183673469389e-05 650.0 12000.0 0.35 0 0
0.2250000000000001 0.48 0.2250000000000001 1.6 -5.27014648958134 -5.27014648958134 -5.339139361068292 1.0 0.0 0.0 0.0 0.23632718012073542 0.23632718012073542 0.5317361552716549 0.03223469387755103 4.959183673469389e-05 650.0 12000.0 0.35 0 0
0.28928571428571437 0.48 0.2250000000000001 1.6 -5.27014648958134 -5.27014648958134 -5.339139361068292 1.0 0.0 0.0 0.0 0.3291700008824534 0.23632718012073542 0.4810946166743542 0.03223469387755103 4.959183673469389e-05 650.0 12000.0 0.35 0 0
0.35357142857142865 0.48 0.2250000000000001 1.6 -5.27014648958134 -5.27014648958134 -5.339139361068292 1.0 0.0 0.0 0.0 0.4220128216441706 0.23632718012073542 0.43045307807705396 0.03223469387755103 4.959183673469389e-05 650.0 12000.0 0.35 0 0
0.4178571428571429 0.48 0.2250000000000001 1.6 -5.27014648958134 -5.27014648958134 -5.339139361068292 1.0 0.0 0.0 0.0 0.5148556424058881 0.23632718012073542 0.37981153947975327 0.03223469387755103 4.959183673469389e-05 650.0 12000.0 0.35 0 0
0.4821428571428572 0.48 0.2250000000000001 1.6 -5.27014648958134 -5.27014648958134 -5.339139361068292 1.0 0.0 0.0 0.0 0.6076984631676057 0.23632718012073542 0.329170000882453 0.03223469387755103 4.959183673469389e-05 650.0 12000.0 0.35 0 0
0.5464285714285715 0.48 0.2250000000000001 1.6 -5.27014648958134 -5.27014648958134 -5.339139361068292 1.0 0.0 0.0 0.0 0.7005412839293232 0.23632718012073542 0.2785284622851523 0.03223469387755103 4.959183673469389e-05 650.0 12000.0 0.35 0 0
0.6107142857142858 0.48 0.2250000000000001 1.6 -5.27014648958134 -5.27014648958134 -5.339139361068292 1.0 0.0 0.0 0.0 0.7933841046910408 0.23632718012073542 0.22788692368785204 0.03223469387755103 4.959183673469389e-05 650.0 12000.0 0.35 0 0
0.675 0.48 0.2250000000000001 1.6 -5.27014648958134 -5.27014648958134 -5.339139361068292 1.0 0.0 0.0 0.0 0.886226925452758 0.23632718012073542 0.17724538509055177 0.03223469387755103 4.959183673469389e-05 650.0 12000.0 0.35 0 0
-0.675 0.48 0.28928571428571437 1.6 -5.27014648958134 -5.27014648958134 -5.339139361068292 1.0 0.0 0.0 0.0 -1.0634723105433095 0.17724538509055177 1.2407176956338613 0.03223469387755103 4.959183673469389e-05 650.0 12000.0 0.35 0 0
-0.6107142857142858 0.48 0.28928571428571437 1.6 -5.27014648958134 -5.27014648958134 -5.339139361068292 1.0 0.0 0.0 0.0 -0.9706294897815922 0.17724538509055177 1.1900761570365608 0.03223469387755103 4.959183673469389e-05 650.0 12000.0 0.35 0 0
-0.5464285714285715 0.48 0.28928571428571437 1.6 -5.27014648958134 -5.27014648958134 -5.339139361068292 1.0 0.0 0.0 0.0 -0.8777866690198747 0.17724538509055177 1.1394346184392603 0.03223469387755103 4.959183673469389e-05 650.0 12000.0 0.35 0 0
-0.48214285714285715 0.48 0.28928571428571437 1.6 -5.27014648958134 -5.27014648958134 -5.339139361068292 1.0 0.0 0.0 0.0 -0.7849438482581571 0.17724538509055177 1.0887930798419598 0.03223469387755103 4.959183673469389e-05 650.0 12000.0 0.35 0 0
-0.41785714285714287 0.48 0.28928571428571437 1.6 -5.27014648958134 -5.27014648958134 -5.339139361068292 1.0 0.0 0.0 0.0 -0.6921010274964395 0.17724538509055177 1.0381515412446594 0.03223469387755103 4.959183673469389e-05 650.0 12000.0 0.35 0 0
-0.3535714285714286 0.48 0.28928571428571437 1.6 -5.27014648958134 -5.27014648958134 -5.339139361068292 1.0 0.0 0.0 0.0 -0.599258206734722 0.17724538509055177 0.987510002647359 0.03223469387755103 4.959183673469389e-05 650.0 12000.0 0.35 0 0
-0.28928571428571426 0.48 0.28928571428571437 1.6 -5.27014648958134 -5.27014648958134 -5.339139361068292 1.0 0.0 0.0 0.0 -0.5064153859730045 0.17724538509055177 0.9368684640500583 0.03223469387755103 4.959183673469389e-05 650.0 12000.0 0.35 0 0
-0.22499999999999998 0.48 0.28928571428571437 1.6 -5.27014648958134 -5.27014648958134 -5.339139361068292 1.0 0.0 0.0 0.0 -0.413572565211287 0.17724538509055177 0.886226925452758 0.03223469387755103 4.959183673469389e-05 650.0 12000.0 0.35 0 0
-0.1607142857142857 0.48 0.28928571428571437 1.6 -5.27014648958134 -5.27014648958134 -5.339139361068292 1.0 0.0 0.0 0.0 -0.3207297444495696 0.17724538509055177 0.8355853868554578 0.03223469387755103 4.959183673469389e-05 650.0 12000.0 0.35 0 0
-0.09642857142857142 0.48 0.28928571428571437 1.6 -5.27014648958134 -5.27014648958134 -5.339139361068292 1.0 0.0 0.0 0.0 -0.22788692368785204 0.17724538509055177 0.7849438482581571 0.03223469387755103 4.959183673469389e-05 650.0 12000.0 0.35 0 0
-0.03214285714285714 0.48 0.28928571428571437 1.6 -5.27014648958134 -5.27014648958134 -5.339139361068292 1.0 0.0 0.0 0.0 -0.13504410292613447 0.17724538509055177 0.7343023096608564 0.03223469387755103 4.959183673469389e-05 650.0 12000.0 0.35 0 0
0.03214285714285714 0.48 0.28928571428571437 1.6 -5.27014648958134 -5.27014648958134 -5.339139361068292 1.0 0.0 0.0 0.0 -0.042201282164416896 0.17724538509055177 0.6836607710635562 0.03223469387755103 4.959183673469389e-05 650.0 12000.0 0.35 0 0
0.09642857142857153 0.48 0.28928571428571437 1.6 -5.27014648958134 -5.27014648958134 -5.339139361068292 1.0 0.0 0.0 0.0 0.05064153859730028 0.17724538509055177 0.6330192324662558 0.03223469387755103 4.959183673469389e-05 650.0 12000.0 0.35 0 0
0.1607142857142858 0.48 0.28928571428571437 1.6 -5.27014648958134 -5.27014648958134 -5.339139361068292 1.0 0.0 0.0 0.0 0.14348435935901824 0.17724538509055177 0.5823776938689552 0.03223469387755103 4.959183673469389e-05 650.0 12000.0 0.35 0 0
0.2250000000000001 0.48 0.28928571428571437 1.6 -5.27014648958134 -5.27014648958134 -5.339139361068292 1.0 0.0 0.0 0.0 0.23632718012073542 0.17724538509055177 0.5317361552716549 0.03223469387755103 4.959183673469389e-05 650.0 12000.0 0.35 0 0
0.28928571428571437 0.48 0.28928571428571437 1.6 -5.27014648958134 -5.27014648958134 -5.339139361068292 1.0 0.0 0.0 0.0 0.3291700008824534 0.17724538509055177 0.4810946166743542 0.03223469387755103 4.959183673469389e-05 650.0 12000.0 0.35 0 0
0.35357142857142865 0.48 0.28928571428571437 1.6 -5.27014648958134 -5.27014648958134 -5.339139361068292 1.0 0.0 0.0 0.0 0.4220128216441706 0.17724538509055177 0.43045307807705396 0.03223469387755103 4.959183673469389e-05 650.0 12000.0 0.35 0 0
0.4178571428571429 0.48 0.28928571428571437 1.6 -5.27014648958134 -5.27014648958134 -5.339139361068292 1.0 0.0 0.0 0.0 0.5148556424058881 0.17724538509055177 0.37981153947975327 0.03223469387755103 4.959183673469389e-05 650.0 12000.0 0.35 0 0
0.4821428571428572 0.48 0.28928571428571437 1.6 -5.27014648958134 -5.27014648958134 -5.339139361068292 1.0 0.0 0.0 0.0 0.6076984631676057 0.17724538509055177 0.329170000882453 0.03223469387755103 4.959183673469389e-05 650.0 12000.0 0.35 0 0
0.5464285714285715 0.48 0.28928571428571437 1.6 -5.27014648958134 -5.27014648958134 -5.339139361068292 1.0 0.0 0.0 0.0 0.7005412839293232 0.17724538509055177 0.2785284622851523 0.03223469387755103 4.959183673469389e-05 650.0 12000.0 0.35 0 0
0.6107142857142858 0.48 0.28928571428571437 1.6 -5.27014648958134 -5.27014648958134 -5.339139361068292 1.0 0.0 0.0 0.0 0.7933841046910408 0.17724538509055177 0.22788692368785204 0.03223469387755103 4.959183673469389e-05 650.0 12000.0 0.35 0 0
0.675 0.48 0.28928571428571437 1.6 -5.27014648958134 -5.27014648958134 -5.339139361068292 1.0 0.0 0.0 0.0 0.886226925452758 0.17724538509055177 0.17724538509055177 0.03223469387755103 4.959183673469389e-05 650.0 12000.0 0.35 0 0
-0.675 0.48 0.35357142857142865 1.6 -5.27014648958134 -5.27014648958134 -5.339139361068292 1.0 0.0 0.0 0.0 -1.0634723105433095 0.11816359006036771 1.2407176956338613 0.03223469387755103 4.959183673469389e-05 650.0 12000.0 0.35 0 0
-0.6107142857142858 0.48 0.35357142857142865 1.6 -5.27014648958134 -5.27014648958134 -5.339139361068292 1.0 0.0 0.0 0.0 -0.9706294897815922 0.11816359006036771 1.1900761570365608 0.03223469387755103 4.959183673469389e-05 650.0 12000.0 0.35 0 0
-0.5464285714285715 0.48 0.35357142857142865 1.6 -5.27014648958134 -5.27014648958134 -5.339139361068292 1.0 0.0 0.0 0.0 -0.8777866690198747 0.11816359006036771 1.1394346184392603 0.03223469387755103 4.959183673469389e-05 650.0 12000.0 0.35 0 0
-0.48214285714285715 0.48 0.35357142857142865 1.6 -5.27014648958134 -5.27014648958134 -5.339139361068292 1.0 0.0 0.0 0.0 -0.7849438482581571 0.11816359006036771 1.0887930798419598 0.03223469387755103 4.959183673469389e-05 650.0 12000.0 0.35 0 0
-0.41785714285714287 0.48 0.35357142857142865 1.6 -5.27014648958134 -5.27014648958134 -5.339139361068292 1.0 0.0 0.0 0.0 -0.6921010274964395 0.11816359006036771 1.0381515412446594 0.03223469387755103 4.959183673469389e-05 650.0 12000.0 0.35 0 0
-0.3535714285714286 0.48 0.35357142857142865 1.6 -5.27014648958134 -5.27014648958134 -5.339139361068292 1.0 0.0 0.0 0.0 -0.599258206734722 0.11816359006036771 0.987510002647359 0.03223469387755103 4.959183673469389e-05 650.0 12000.0 0.35 0 0
-0.28928571428571426 0.48 0.35357142857142865 1.6 -5.27014648958134 -5.27014648958134 -5.339139361068292 1.0 0.0 0.0 0.0 -0.5064153859730045 0.11816359006036771 0.9368684640500583 0.03223469387755103 4.959183673469389e-05 650.0 12000.0 0.35 0 0
-0.22499999999999998 0.48 0.35357142857142865 1.6 -5.27014648958134 -5.27014648958134 -5.339139361068292 1.0 0.0 0.0 0.0 -0.413572565211287 0.11816359006036771 0.886226925452758 0.03223469387755103 4.959183673469389e-05 650.0 12000.0 0.35 0 0
-0.1607142857142857 0.48 0.35357142857142865 1.6 -5.27014648958134 -5.27014648958134 -5.339139361068292 1.0 0.0 0.0 0.0 -0.3207297444495696 0.11816359006036771 0.8355853868554578 0.03223469387755103 4.959183673469389e-05 650.0 12000.0 0.35 0 0
-0.09642857142857142 0.48 0.35357142857142865 1.6 -5.27014648958134 -5.27014648958134 -5.339139361068292 1.0 0.0 0.0 0.0 -0.22788692368785204 0.11816359006036771 0.7849438482581571 0.03223469387755103 4.959183673469389e-05 650.0 12000.0 0.35 0 0
-0.03214285714285714 0.48 0.35357142857142865 1.6 -5.27014648958134 -5.27014648958134 -5.339139361068292 1.0 0.0 0.0 0.0 -0.13504410292613447 0.11816359006036771 0.7343023096608564 0.03223469387755103 4.959183673469389e-05 650.0 12000.0 0.35 0 0
0.03214285714285714 0.48 0.35357142857142865 1.6 -5.27014648958134 -5.27014648958134 -5.339139361068292 1.0 0.0 0.0 0.0 -0.042201282164416896 0.11816359006036771 0.6836607710635562 0.03223469387755103 4.959183673469389e-05 650.0 12000.0 0.35 0 0
0.09642857142857153 0.48 0.35357142857142865 1.6 -5.27014648958134 -5.27014648958134 -5.339139361068292 1.0 0.0 0.0 0.0 0.05064153859730028 0.11816359006036771 0.6330192324662558 0.03223469387755103 4.959183673469389e-05 650.0 12000.0 0.35 0 0
0.1607142857142858 0.48 0.35357142857142865 1.6 -5.27014648958134 -5.27014648958134 -5.339139361068292 1.0 0.0 0.0 0.0 0.14348435935901824 0.11816359006036771 0.5823776938689552 0.03223469387755103 4.959183673469389e-05 650.0 12000.0 0.35 0 0
0.2250000000000001 0.48 0.35357142857142865 1.6 -5.27014648958134 -5.27014648958134 -5.339139361068292 1.0 0.0 0.0 0.0 0.23632718012073542 0.11816359006036771 0.5317361552716549 0.03223469387755103 4.959183673469389e-05 650.0 12000.0 0.35 0 0
0.28928571428571437 0.48 0.35357142857142865 1.6 -5.27014648958134 -5.27014648958134 -5.339139361068292 1.0 0.0 0.0 0.0 0.3291700008824534 0.11816359006036771 0.4810946166743542 0.03223469387755103 4.959183673469389e-05 650.0 12000.0 0.35 0 0
0.35357142857142865 0.48 0.35357142857142865 1.6 -5.27014648958134 -5.27014648958134 -5.339139361068292 1.0 0.0 0.0 0.0 0.4220128216441706 0.11816359006036771 0.43045307807705396 0.03223469387755103 4.959183673469389e-05 650.0 12000.0 0.35 0 0
0.4178571428571429 0.48 0.35357142857142865 1.6 -5.27014648958134 -5.27014648958134 -5.339139361068292 1.0 0.0 0.0 0.0 0.5148556424058881 0.11816359006036771 0.37981153947975327 0.03223469387755103 4.959183673469389e-05 650.0 12000.0 0.35 0 0
0.4821428571428572 0.48 0.35357142857142865 1.6 -5.27014648958134 -5.27014648958134 -5.339139361068292 1.0 0.0 0.0 0.0 0.6076984631676057 0.11816359006036771 0.329170000882453 0.03223469387755103 4.959183673469389e-05 650.0 12000.0 0.35 0 0
0.5464285714285715 0.48 0.35357142857142865 1.6 -5.27014648958134 -5.27014648958134 -5.339139361068292 1.0 0.0 0.0 0.0 0.7005412839293232 0.11816359006036771 0.2785284622851523 0.03223469387755103 4.959183673469389e-05 650.0 12000.0 0.35 0 0
0.6107142857142858 0.48 0.35357142857142865 1.6 -5.27014648958134 -5.27014648958134 -5.339139361068292 1.0 0.0 0.0 0.0 0.7933841046910408 0.11816359006036771 0.22788692368785204 0.03223469387755103 4.959183673469389e-05 650.0 12000.0 0.35 0 0
0.675 0.48 0.35357142857142865 1.6 -5.27014648958134 -5.27014648958134 -5.339139361068292 1.0 0.0 0.0 0.0 0.886226925452758 0.11816359006036771 0.17724538509055177 0.03223469387755103 4.959183673469389e-05 650.0 12000.0 0.35 0 0
-0.675 0.48 0.4178571428571429 1.6 -5.27014648958134 -5.27014648958134 -5.339139361068292 1.0 0.0 0.0 0.0 -1.0634723105433095 0.05908179503018366 1.2407176956338613 0.03223469387755103 4.959183673469389e-05 650.0 12000.0 0.35 0 0
-0.6107142857142858 0.48 0.4178571428571429 1.6 -5.27014648958134 -5.27014648958134 -5.339139361068292 1.0 0.0 0.0 0.0 -0.9706294897815922 0.05908179503018366 1.1900761570365608 0.03223469387755103 4.959183673469389e-05 650.0 12000.0 0.35 0 0
-0.5464285714285715 0.48 0.4178571428571429 1.6 -5.27014648958134 -5.27014648958134 -5.339139361068292 1.0 0.0 0.0 0.0 -0.8777866690198747 0.05908179503018366 1.1394346184392603 0.03223469387755103 4.959183673469389e-05 650.0 12000.0 0.35 0 0
-0.48214285714285715 0.48 0.4178571428571429 1.6 -5.27014648958134 -5.27014648958134 -5.339139361068292 1.0 0.0 0.0 0.0 -0.7849438482581571 0.05908179503018366 1.0887930798419598 0.03223469387755103 4.959183673469389e-05 650.0 12000.0 0.35 0 0
-0.41785714285714287 0.48 0.4178571428571429 1.6 -5.27014648958134 -5.27014648958134 -5.339139361068292 1.0 0.0 0.0 0.0 -0.6921010274964395 0.05908179503018366 1.0381515412446594 0.03223469387755103 4.959183673469389e-05 650.0 12000.0 0.35 0 0
-0.3535714285714286 0.48 0.4178571428571429 1.6 -5.27014648958134 -5.27014648958134 -5.339139361068292 1.0 0.0 0.0 0.0 -0.599258206734722 0.05908179503018366 0.987510002647359 0.03223469387755103 4.959183673469389e-05 650.0 12000.0 0.35 0 0
-0.28928571428571426 0.48 0.4178571428571429 1.6 -5.27014648958134 -5.27014648958134 -5.339139361068292 1.0 0.0 0.0 0.0 -0.5064153859730045 0.05908179503018366 0.9368684640500583 0.03223469387755103 4.959183673469389e-05 650.0 12000.0 0.35 0 0
-0.22499999999999998 0.48 0.4178571428571429 1.6 -5.27014648958134 -5.27014648958134 -5.339139361068292 1.0 0.0 0.0 0.0 -0.413572565211287 0.05908179503018366 0.886226925452758 0.03223469387755103 4.959183673469389e-05 650.0 12000.0 0.35 0 0
-0.1607142857142857 0.48 0.4178571428571429 1.6 -5.27014648958134 -5.27014648958134 -5.339139361068292 1.0 0.0 0.0 0.0 -0.3207297444495696 0.05908179503018366 0.8355853868554578 0.03223469387755103 4.959183673469389e-05 650.0 12000.0 0.35 0 0
-0.09642857142857142 0.48 0.4178571428571429 1.6 -5.27014648958134 -5.27014648958134 -5.339139361068292 1.0 0.0 0.0 0.0 -0.22788692368785204 0.05908179503018366 0.7849438482581571 0.03223469387755103 4.959183673469389e-05 650.0 12000.0 0.35 0 0
-0.03214285714285714 0.48 0.4178571428571429 1.6 -5.27014648958134 -5.27014648958134 -5.339139361068292 1.0 0.0 0.0 0.0 -0.13504410292613447 0.05908179503018366 0.7343023096608564 0.03223469387755103 4.959183673469389e-05 650.0 12000.0 0.35 0 0
0.03214285714285714 0.48 0.4178571428571429 1.6 -5.27014648958134 -5.27014648958134 -5.339139361068292 1.0 0.0 0.0 0.0 -0.042201282164416896 0.05908179503018366 0.6836607710635562 0.03223469387755103 4.959183673469389e-05 650.0 12000.0 0.35 0 0
0.09642857142857153 0.48 0.4178571428571429 1.6 -5.27014648958134 -5.27014648958134 -5.339139361068292 1.0 0.0 0.0 0.0 0.05064153859730028 0.05908179503018366 0.6330192324662558 0.03223469387755103 4.959183673469389e-05 650.0 12000.0 0.35 0 0
0.1607142857142858 0.48 0.4178571428571429 1.6 -5.27014648958134 -5.27014648958134 -5.339139361068292 1.0 0.0 0.0 0.0 0.14348435935901824 0.05908179503018366 0.5823776938689552 0.03223469387755103 4.959183673469389e-05 650.0 12000.0 0.35 0 0
0.2250000000000001 0.48 0.4178571428571429 1.6 -5.27014648958134 -5.27014648958134 -5.339139361068292 1.0 0.0 0.0 0.0 0.23632718012073542 0.05908179503018366 0.5317361552716549 0.03223469387755103 4.959183673469389e-05 650.0 12000.0 0.35 0 0
0.28928571428571437 0.48 0.4178571428571429 1.6 -5.27014648958134 -5.27014648958134 -5.339139361068292 1.0 0.0 0.0 0.0 0.3291700008824534 0.05908179503018366 0.4810946166743542 0.03223469387755103 4.959183673469389e-05 650.0 12000.0 0.35 0 0
0.35357142857142865 0.48 0.4178571428571429 1.6 -5.27014648958134 -5.27014648958134 -5.339139361068292 1.0 0.0 0.0 0.0 0.4220128216441706 0.05908179503018366 0.43045307807705396 0.03223469387755103 4.959183673469389e-05 650.0 12000.0 0.35 0 0
0.4178571428571429 0.48 0.4178571428571429 1.6 -5.27014648958134 -5.27014648958134 -5.339139361068292 1.0 0.0 0.0 0.0 0.5148556424058881 0.05908179503018366 0.37981153947975327 0.03223469387755103 4.959183673469389e-05 650.0 12000.0 0.35 0 0
0.4821428571428572 0.48 0.4178571428571429 1.6 -5.27014648958134 -5.27014648958134 -5.339139361068292 1.0 0.0 0.0 0.0 0.6076984631676057 0.05908179503018366 0.329170000882453 0.03223469387755103 4.959183673469389e-05 650.0 12000.0 0.35 0 0
0.5464285714285715 0.48 0.4178571428571429 1.6 -5.27014648958134 -5.27014648958134 -5.339139361068292 1.0 0.0 0.0 0.0 0.7005412839293232 0.05908179503018366 0.2785284622851523 0.03223469387755103 4.959183673469389e-05 650.0 12000.0 0.35 0 0
0.6107142857142858 0.48 0.4178571428571429 1.6 -5.27014648958134 -5.27014648958134 -5.339139361068292 1.0 0.0 0.0 0.0 0.7933841046910408 0.05908179503018366 0.22788692368785204 0.03223469387755103 4.959183673469389e-05 650.0 12000.0 0.35 0 0
0.675 0.48 0.4178571428571429 1.6 -5.27014648958134 -5.27014648958134 -5.339139361068292 1.0 0.0 0.0 0.0 0.886226925452758 0.05908179503018366 0.17724538509055177 0.03223469387755103 4.959183673469389e-05 650.0 12000.0 0.35 0 0
-0.675 0.48 0.4821428571428572 1.6 -5.27014648958134 -5.27014648958134 -5.339139361068292 1.0 0.0 0.0 0.0 -1.0634723105433095 0.0 1.2407176956338613 0.03223469387755103 4.959183673469389e-05 650.0 12000.0 0.35 0 0
-0.6107142857142858 0.48 0.4821428571428572 1.6 -5.27014648958134 -5.27014648958134 -5.339139361068292 1.0 0.0 0.0 0.0 -0.9706294897815922 0.0 1.1900761570365608 0.03223469387755103 4.959183673469389e-05 650.0 12000.0 0.35 0 0
-0.5464285714285715 0.48 0.4821428571428572 1.6 -5.27014648958134 -5.27014648958134 -5.339139361068292 1.0 0.0 0.0 0.0 -0.8777866690198747 0.0 1.1394346184392603 0.03223469387755103 4.959183673469389e-05 650.0 12000.0 0.35 0 0
-0.48214285714285715 0.48 0.4821428571428572 1.6 -5.27014648958134 -5.27014648958134 -5.339139361068292 1.0 0.0 0.0 0.0 -0.7849438482581571 0.0 1.0887930798419598 0.03223469387755103 4.959183673469389e-05 650.0 12000.0 0.35 0 0
-0.41785714285714287 0.48 0.4821428571428572 1.6 -5.27014648958134 -5.27014648958134 -5.339139361068292 1.0 0.0 0.0 0.0 -0.6921010274964395 0.0 1.0381515412446594 0.03223469387755103 4.959183673469389e-05 650.0 12000.0 0.35 0 0
-0.3535714285714286 0.48 0.4821428571428572 1.6 -5.27014648958134 -5.27014648958134 -5.339139361068292 1.0 0.0 0.0 0.0 -0.599258206734722 0.0 0.987510002647359 0.03223469387755103 4.959183673469389e-05 650.0 12000.0 0.35 0 0
-0.28928571428571426 0.48 0.4821428571428572 1.6 -5.27014648958134 -5.27014648958134 -5.339139361068292 1.0 0.0 0.0 0.0 -0.5064153859730045 0.0 0.9368684640500583 0.03223469387755103 4.959183673469389e-05 650.0 12000.0 0.35 0 0
-0.22499999999999998 0.48 0.4821428571428572 1.6 -5.27014648958134 -5.27014648958134 -5.339139361068292 1.0 0.0 0.0 0.0 -0.413572565211287 0.0 0.886226925452758 0.03223469387755103 4.959183673469389e-05 650.0 12000.0 0.35 0 0
-0.1607142857142857 0.48 0.4821428571428572 1.6 -5.27014648958134 -5.27014648958134 -5.339139361068292 1.0 0.0 0.0 0.0 -0.3207297444495696 0.0 0.8355853868554578 0.03223469387755103 4.959183673469389e-05 650.0 12000.0 0.35 0 0
-0.09642857142857142 0.48 0.4821428571428572 1.6 -5.27014648958134 -5.27014648958134 -5.339139361068292 1.0 0.0 0.0 0.0 -0.22788692368785204 0.0 0.7849438482581571 0.03223469387755103 4.959183673469389e-05 650.0 12000.0 0.35 0 0
-0.03214285714285714 0.48 0.4821428571428572 1.6 -5.27014648958134 -5.27014648958134 -5.339139361068292 1.0 0.0 0.0 0.0 -0.13504410292613447 0.0 0.7343023096608564 0.03223469387755103 4.959183673469389e-05 650.0 12000.0 0.35 0 0
0.03214285714285714 0.48 0.4821428571428572 1.6 -5.27014648958134 -5.27014648958134 -5.339139361068292 1.0 0.0 0.0 0.0 -0.042201282164416896 0.0 0.6836607710635562 0.03223469387755103 4.959183673469389e-05 650.0 12000.0 0.35 0 0
0.09642857142857153 0.48 0.4821428571428572 1.6 -5.27014648958134 -5.27014648958134 -5.339139361068292 1.0 0.0 0.0 0.0 0.05064153859730028 0.0 0.6330192324662558 0.03223469387755103 4.959183673469389e-05 650.0 12000.0 0.35 0 0
0.1607142857142858 0.48 0.4821428571428572 1.6 -5.27014648958134 -5.27014648958134 -5.339139361068292 1.0 0.0 0.0 0.0 0.14348435935901824 0.0 0.5823776938689552 0.03223469387755103 4.959183673469389e-05 650.0 12000.0 0.35 0 0
0.2250000000000001 0.48 0.4821428571428572 1.6 -5.27014648958134 -5.27014648958134 -5.339139361068292 1.0 0.0 0.0 0.0 0.23632718012073542 0.0 0.5317361552716549 0.03223469387755103 4.959183673469389e-05 650.0 12000.0 0.35 0 0
0.28928571428571437 0.48 0.4821428571428572 1.6 -5.27014648958134 -5.27014648958134 -5.339139361068292 1.0 0.0 0.0 0.0 0.3291700008824534 0.0 0.4810946166743542 0.03223469387755103 4.959183673469389e-05 650.0 12000.0 0.35 0 0
0.35357142857142865 0.48 0.4821428571428572 1.6 -5.27014648958134 -5.27014648958134 -5.339139361068292 1.0 0.0 0.0 0.0 0.4220128216441706 0.0 0.43045307807705396 0.03223469387755103 4.959183673469389e-05 650.0 12000.0 0.35 0 0
0.4178571428571429 0.48 0.4821428571428572 1.6 -5.27014648958134 -5.27014648958134 -5.339139361068292 1.0 0.0 0.0 0.0 0.5148556424058881 0.0 0.37981153947975327 0.03223469387755103 4.959183673469389e-05 650.0 12000.0 0.35 0 0
0.4821428571428572 0.48 0.4821428571428572 1.6 -5.27014648958134 -5.27014648958134 -5.339139361068292 1.0 0.0 0.0 0.0 0.6076984631676057 0.0 0.329170000882453 0.03223469387755103 4.959183673469389e-05 650.0 12000.0 0.35 0 0
0.5464285714285715 0.48 0.4821428571428572 1.6 -5.27014648958134 -5.27014648958134 -5.339139361068292 1.0 0.0 0.0 0.0 0.7005412839293232 0.0 0.2785284622851523 0.03223469387755103 4.959183673469389e-05 650.0 12000.0 0.35 0 0
0.6107142857142858 0.48 0.4821428571428572 1.6 -5.27014648958134 -5.27014648958134 -5.339139361068292 1.0 0.0 0.0 0.0 0.7933841046910408 0.0 0.22788692368785204 0.03223469387755103 4.959183673469389e-05 650.0 12000.0 0.35 0 0
0.675 0.48 0.4821428571428572 1.6 -5.27014648958134 -5.27014648958134 -5.339139361068292 1.0 0.0 0.0 0.0 0.886226925452758 0.0 0.17724538509055177 0.03223469387755103 4.959183673469389e-05 650.0 12000.0 0.35 0 0
-0.675 0.48 0.5464285714285715 1.6 -5.27014648958134 -5.27014648958134 -5.339139361068292 1.0 0.0 0.0 0.0 -1.0634723105433095 -0.059081795030183855 1.2407176956338613 0.03223469387755103 4.959183673469389e-05 650.0 12000.0 0.35 0 0
-0.6107142857142858 0.48 0.5464285714285715 1.6 -5.27014648958134 -5.27014648958134 -5.339139361068292 1.0 0.0 0.0 0.0 -0.9706294897815922 -0.059081795030183855 1.1900761570365608 0.03223469387755103 4.959183673469389e-05 650.0 12000.0 0.35 0 0
-0.5464285714285715 0.48 0.5464285714285715 1.6 -5.27014648958134 -5.27014648958134 -5.339139361068292 1.0 0.0 0.0 0.0 -0.8777866690198747 -0.059081795030183855 1.1394346184392603 0.03223469387755103 4.959183673469389e-05 650.0 12000.0 0.35 0 0
-0.48214285714285715 0.48 0.5464285714285715 1.6 -5.27014648958134 -5.27014648958134 -5.339139361068292 1.0 0.0 0.0 0.0 -0.7849438482581571 -0.059081795030183855 1.0887930798419598 0.03223469387755103 4.959183673469389e-05 650.0 12000.0 0.35 0 0
-0.41785714285714287 0.48 0.5464285714285715 1.6 -5.27014648958134 -5.27014648958134 -5.339139361068292 1.0 0.0 0.0 0.0 -0.6921010274964395 -0.059081795030183855 1.0381515412446594 0.03223469387755103 4.959183673469389e-05 650.0 12000.0 0.35 0 0
-0.3535714285714286 0.48 0.5464285714285715 1.6 -5.27014648958134 -5.27014648958134 -5.339139361068292 1.0 0.0 0.0 0.0 -0.599258206734722 -0.059081795030183855 0.987510002647359 0.03223469387755103 4.959183673469389e-05 650.0 12000.0 0.35 0 0
-0.28928571428571426 0.48 0.5464285714285715 1.6 -5.27014648958134 -5.27014648958134 -5.339139361068292 1.0 0.0 0.0 0.0 -0.5064153859730045 -0.059081795030183855 0.9368684640500583 0.03223469387755103 4.959183673469389e-05 650.0 12000.0 0.35 0 0
-0.22499999999999998 0.48 0.5464285714285715 1.6 -5.27014648958134 -5.27014648958134 -5.339139361068292 1.0 0.0 0.0 0.0 -0.413572565211287 -0.059081795030183855 0.886226925452758 0.03223469387755103 4.959183673469389e-05 650.0 12000.0 0.35 0 0
-0.1607142857142857 0.48 0.5464285714285715 1.6 -5.27014648958134 -5.27014648958134 -5.339139361068292 1.0 0.0 0.0 0.0 -0.3207297444495696 -0.059081795030183855 0.8355853868554578 0.03223469387755103 4.959183673469389e-05 650.0 12000.0 0.35 0 0
-0.09642857142857142 0.48 0.5464285714285715 1.6 -5.27014648958134 -5.27014648958134 -5.339139361068292 1.0 0.0 0.0 0.0 -0.22788692368785204 -0.059081795030183855 0.7849438482581571 0.03223469387755103 4.959183673469389e-05 650.0 12000.0 0.35 0 0
-0.03214285714285714 0.48 0.5464285714285715 1.6 -5.27014648958134 -5.27014648958134 -5.339139361068292 1.0 0.0 0.0 0.0 -0.13504410292613447 -0.059081795030183855 0.7343023096608564 0.03223469387755103 4.959183673469389e-05 650.0 12000.0 0.35 0 0
0.03214285714285714 0.48 0.5464285714285715 1.6 -5.27014648958134 -5.27014648958134 -5.339139361068292 1.0 0.0 0.0 0.0 -0.042201282164416896 -0.059081795030183855 0.6836607710635562 0.03223469387755103 4.959183673469389e-05 650.0 12000.0 0.35 0 0
0.09642857142857153 0.48 0.5464285714285715 1.6 -5.27014648958134 -5.27014648958134 -5.339139361068292 1.0 0.0 0.0 0.0 0.05064153859730028 -0.059081795030183855 0.6330192324662558 0.03223469387755103 4.959183673469389e-05 650.0 12000.0 0.35 0 0
0.1607142857142858 0.48 0.5464285714285715 1.6 -5.27014648958134 -5.27014648958134 -5.339139361068292 1.0 0.0 0.0 0.0 0.14348435935901824 -0.059081795030183855 0.5823776938689552 0.03223469387755103 4.959183673469389e-05 650.0 12000.0 0.35 0 0
0.2250000000000001 0.48 0.5464285714285715 1.6 -5.27014648958134 -5.27014648958134 -5.339139361068292 1.0 0.0 0.0 0.0 0.23632718012073542 -0.059081795030183855 0.5317361552716549 0.03223469387755103 4.959183673469389e-05 650.0 12000.0 0.35 0 0
0.28928571428571437 0.48 0.5464285714285715 1.6 -5.27014648958134 -5.27014648958134 -5.339139361068292 1.0 0.0 0.0 0.0 0.3291700008824534 -0.059081795030183855 0.4810946166743542 0.03223469387755103 4.959183673469389e-05 650.0 12000.0 0.35 0 0
0.35357142857142865 0.48 0.5464285714285715 1.6 -5.27014648958134 -5.27014648958134 -5.339139361068292 1.0 0.0 0.0 0.0 0.4220128216441706 -0.059081795030183855 0.43045307807705396 0.03223469387755103 4.959183673469389e-05 650.0 12000.0 0.35 0 0
0.4178571428571429 0.48 0.5464285714285715 1.6 -5.27014648958134 -5.27014648958134 -5.339139361068292 1.0 0.0 0.0 0.0 0.5148556424058881 -0.059081795030183855 0.37981153947975327 0.03223469387755103 4.959183673469389e-05 650.0 12000.0 0.35 0 0
0.4821428571428572 0.48 0.5464285714285715 1.6 -5.27014648958134 -5.27014648958134 -5.339139361068292 1.0 0.0 0.0 0.0 0.6076984631676057 -0.059081795030183855 0.329170000882453 0.03223469387755103 4.959183673469389e-05 650.0 12000.0 0.35 0 0
0.5464285714285715 0.48 0.5464285714285715 1.6 -5.27014648958134 -5.27014648958134 -5.339139361068292 1.0 0.0 0.0 0.0 0.7005412839293232 -0.059081795030183855 0.2785284622851523 0.03223469387755103 4.959183673469389e-05 650.0 12000.0 0.35 0 0
0.6107142857142858 0.48 0.5464285714285715 1.6 -5.27014648958134 -5.27014648958134 -5.339139361068292 1.0 0.0 0.0 0.0 0.7933841046910408 -0.059081795030183855 0.22788692368785204 0.03223469387755103 4.959183673469389e-05 650.0 12000.0 0.35 0 0
0.675 0.48 0.5464285714285715 1.6 -5.27014648958134 -5.27014648958134 -5.339139361068292 1.0 0.0 0.0 0.0 0.886226925452758 -0.059081795030183855 0.17724538509055177 0.03223469387755103 4.959183673469389e-05 650.0 12000.0 0.35 0 0
-0.675 0.48 0.6107142857142858 1.6 -5.27014648958134 -5.27014648958134 -5.339139361068292 1.0 0.0 0.0 0.0 -1.0634723105433095 -0.11816359006036771 1.2407176956338613 0.03223469387755103 4.959183673469389e-05 650.0 12000.0 0.35 0 0
-0.6107142857142858 0.48 0.6107142857142858 1.6 -5.27014648958134 -5.27014648958134 -5.339139361068292 1.0 0.0 0.0 0.0 -0.9706294897815922 -0.11816359006036771 1.1900761570365608 0.03223469387755103 4.959183673469389e-05 650.0 12000.0 0.35 0 0
-0.5464285714285715 0.48 0.6107142857142858 1.6 -5.27014648958134 -5.27014648958134 -5.339139361068292 1.0 0.0 0.0 0.0 -0.8777866690198747 -0.11816359006036771 1.1394346184392603 0.03223469387755103 4.959183673469389e-05 650.0 12000.0 0.35 0 0
-0.48214285714285715 0.48 0.6107142857142858 1.6 -5.27014648958134 -5.27014648958134 -5.339139361068292 1.0 0.0 0.0 0.0 -0.7849438482581571 -0.11816359006036771 1.0887930798419598 0.03223469387755103 4.959183673469389e-05 650.0 12000.0 0.35 0 0
-0.41785714285714287 0.48 0.6107142857142858 1.6 -5.27014648958134 -5.27014648958134 -5.339139361068292 1.0 0.0 0.0 0.0 -0.6921010274964395 -0.11816359006036771 1.0381515412446594 0.03223469387755103 4.959183673469389e-05 650.0 12000.0 0.35 0 0
-0.3535714285714286 0.48 0.6107142857142858 1.6 -5.27014648958134 -5.27014648958134 -5.339139361068292 1.0 0.0 0.0 0.0 -0.599258206734722 -0.11816359006036771 0.987510002647359 0.03223469387755103 4.959183673469389e-05 650.0 12000.0 0.35 0 0
-0.28928571428571426 0.48 0.6107142857142858 1.6 -5.27014648958134 -5.27014648958134 -5.339139361068292 1.0 0.0 0.0 0.0 -0.5064153859730045 -0.11816359006036771 0.9368684640500583 0.03223469387755103 4.959183673469389e-05 650.0 12000.0 0.35 0 0
-0.22499999999999998 0.48 0.6107142857142858 1.6 -5.27014648958134 -5.27014648958134 -5.339139361068292 1.0 0.0 0.0 0.0 -0.413572565211287 -0.11816359006036771 0.886226925452758 0.03223469387755103 4.959183673469389e-05 650.0 12000.0 0.35 0 0
-0.1607142857142857 0.48 0.6107142857142858 1.6 -5.27014648958134 -5.27014648958134 -5.339139361068292 1.0 0.0 0.0 0.0 -0.3207297444495696 -0.11816359006036771 0.8355853868554578 0.03223469387755103 4.959183673469389e-05 650.0 12000.0 0.35 0 0
-0.09642857142857142 0.48 0.6107142857142858 1.6 -5.27014648958134 -5.27014648958134 -5.339139361068292 1.0 0.0 0.0 0.0 -0.22788692368785204 -0.11816359006036771 0.7849438482581571 0.03223469387755103 4.959183673469389e-05 650.0 12000.0 0.35 0 0
-0.03214285714285714 0.48 0.6107142857142858 1.6 -5.27014648958134 -5.27014648958134 -5.339139361068292 1.0 0.0 0.0 0.0 -0.13504410292613447 -0.11816359006036771 0.7343023096608564 0.03223469387755103 4.959183673469389e-05 650.0 12000.0 0.35 0 0
0.03214285714285714 0.48 0.6107142857142858 1.6 -5.27014648958134 -5.27014648958134 -5.339139361068292 1.0 0.0 0.0 0.0 -0.042201282164416896 -0.11816359006036771 0.6836607710635562 0.03223469387755103 4.959183673469389e-05 650.0 12000.0 0.35 0 0
0.09642857142857153 0.48 0.6107142857142858 1.6 -5.27014648958134 -5.27014648958134 -5.339139361068292 1.0 0.0 0.0 0.0 0.05064153859730028 -0.11816359006036771 0.6330192324662558 0.03223469387755103 4.959183673469389e-05 650.0 12000.0 0.35 0 0
0.1607142857142858 0.48 0.6107142857142858 1.6 -5.27014648958134 -5.27014648958134 -5.339139361068292 1.0 0.0 0.0 0.0 0.14348435935901824 -0.11816359006036771 0.5823776938689552 0.03223469387755103 4.959183673469389e-05 650.0 12000.0 0.35 0 0
0.2250000000000001 0.48 0.6107142857142858 1.6 -5.27014648958134 -5.27014648958134 -5.339139361068292 1.0 0.0 0.0 0.0 0.23632718012073542 -0.11816359006036771 0.5317361552716549 0.03223469387755103 4.959183673469389e-05 650.0 12000.0 0.35 0 0
0.28928571428571437 0.48 0.6107142857142858 1.6 -5.27014648958134 -5.27014648958134 -5.339139361068292 1.0 0.0 0.0 0.0 0.3291700008824534 -0.11816359006036771 0.4810946166743542 0.03223469387755103 4.959183673469389e-05 650.0 12000.0 0.35 0 0
0.35357142857142865 0.48 0.6107142857142858 1.6 -5.27014648958134 -5.27014648958134 -5.339139361068292 1.0 0.0 0.0 0.0 0.4220128216441706 -0.11816359006036771 0.43045307807705396 0.03223469387755103 4.959183673469389e-05 650.0 12000.0 0.35 0 0
0.4178571428571429 0.48 0.6107142857142858 1.6 -5.27014648958134 -5.27014648958134 -5.339139361068292 1.0 0.0 0.0 0.0 0.5148556424058881 -0.11816359006036771 0.37981153947975327 0.03223469387755103 4.959183673469389e-05 650.0 12000.0 0.35 0 0
0.4821428571428572 0.48 0.6107142857142858 1.6 -5.27014648958134 -5.27014648958134 -5.339139361068292 1.0 0.0 0.0 0.0 0.6076984631676057 -0.11816359006036771 0.329170000882453 0.03223469387755103 4.959183673469389e-05 650.0 12000.0 0.35 0 0
0.5464285714285715 0.48 0.6107142857142858 1.6 -5.27014648958134 -5.27014648958134 -5.339139361068292 1.0 0.0 0.0 0.0 0.7005412839293232 -0.11816359006036771 0.2785284622851523 0.03223469387755103 4.959183673469389e-05 650.0 12000.0 0.35 0 0
0.6107142857142858 0.48 0.6107142857142858 1.6 -5.27014648958134 -5.27014648958134 -5.339139361068292 1.0 0.0 0.0 0.0 0.7933841046910408 -0.11816359006036771 0.22788692368785204 0.03223469387755103 4.959183673469389e-05 650.0 12000.0 0.35 0 0
0.675 0.48 0.6107142857142858 1.6 -5.27014648958134 -5.27014648958134 -5.339139361068292 1.0 0.0 0.0 0.0 0.886226925452758 -0.11816359006036771 0.17724538509055177 0.03223469387755103 4.959183673469389e-05 650.0 12000.0 0.35 0 0
-0.675 0.48 0.675 1.6 -5.27014648958134 -5.27014648958134 -5.339139361068292 1.0 0.0 0.0 0.0 -1.0634723105433095 -0.17724538509055157 1.2407176956338613 0.03223469387755103 4.959183673469389e-05 650.0 12000.0 0.35 0 1
-0.6107142857142858 0.48 0.675 1.6 -5.27014648958134 -5.27014648958134 -5.339139361068292 1.0 0.0 0.0 0.0 -0.9706294897815922 -0.17724538509055157 1.1900761570365608 0.03223469387755103 4.959183673469389e-05 650.0 12000.0 0.35 0 0
-0.5464285714285715 0.48 0.675 1.6 -5.27014648958134 -5.27014648958134 -5.339139361068292 1.0 0.0 0.0 0.0 -0.8777866690198747 -0.17724538509055157 1.1394346184392603 0.03223469387755103 4.959183673469389e-05 650.0 12000.0 0.35 0 0
-0.48214285714285715 0.48 0.675 1.6 -5.27014648958134 -5.27014648958134 -5.339139361068292 1.0 0.0 0.0 0.0 -0.7849438482581571 -0.17724538509055157 1.0887930798419598 0.03223469387755103 4.959183673469389e-05 650.0 12000.0 0.35 0 0
-0.41785714285714287 0.48 0.675 1.6 -5.27014648958134 -5.27014648958134 -5.339139361068292 1.0 0.0 0.0 0.0 -0.6921010274964395 -0.17724538509055157 1.0381515412446594 0.03223469387755103 4.959183673469389e-05 650.0 12000.0 0.35 0 0
-0.3535714285714286 0.48 0.675 1.6 -5.27014648958134 -5.27014648958134 -5.339139361068292 1.0 0.0 0.0 0.0 -0.599258206734722 -0.17724538509055157 0.987510002647359 0.03223469387755103 4.959183673469389e-05 650.0 12000.0 0.35 0 0
-0.28928571428571426 0.48 0.675 1.6 -5.27014648958134 -5.27014648958134 -5.339139361068292 1.0 0.0 0.0 0.0 -0.5064153859730045 -0.17724538509055157 0.9368684640500583 0.03223469387755103 4.959183673469389e-05 650.0 12000.0 0.35 0 0
-0.22499999999999998 0.48 0.675 1.6 -5.27014648958134 -5.27014648958134 -5.339139361068292 1.0 0.0 0.0 0.0 -0.413572565211287 -0.17724538509055157 0.886226925452758 0.03223469387755103 4.959183673469389e-05 650.0 12000.0 0.35 0 0
-0.1607142857142857 0.48 0.675 1.6 -5.27014648958134 -5.27014648958134 -5.339139361068292 1.0 0.0 0.0 0.0 -0.3207297444495696 -0.17724538509055157 0.8355853868554578 0.03223469387755103 4.959183673469389e-05 650.0 12000.0 0.35 0 0
-0.09642857142857142 0.48 0.675 1.6 -5.27014648958134 -5.27014648958134 -5.339139361068292 1.0 0.0 0.0 0.0 -0.22788692368785204 -0.17724538509055157 0.7849438482581571 0.03223469387755103 4.959183673469389e-05 650.0 12000.0 0.35 0 0
-0.03214285714285714 0.48 0.675 1.6 -5.27014648958134 -5.27014648958134 -5.339139361068292 1.0 0.0 0.0 0.0 -0.13504410292613447 -0.17724538509055157 0.7343023096608564 0.03223469387755103 4.959183673469389e-05 650.0 12000.0 0.35 0 0
0.03214285714285714 0.48 0.675 1.6 -5.27014648958134 -5.27014648958134 -5.339139361068292 1.0 0.0 0.0 0.0 -0.042201282164416896 -0.17724538509055157 0.6836607710635562 0.03223469387755103 4.959183673469389e-05 650.0 12000.0 0.35 0 0
0.09642857142857153 0.48 0.675 1.6 -5.27014648958134 -5.27014648958134 -5.339139361068292 1.0 0.0 0.0 0.0 0.05064153859730028 -0.17724538509055157 0.6330192324662558 0.03223469387755103 4.959183673469389e-05 650.0 12000.0 0.35 0 0
0.1607142857142858 0.48 0.675 1.6 -5.27014648958134 -5.27014648958134 -5.339139361068292 1.0 0.0 0.0 0.0 0.14348435935901824 -0.17724538509055157 0.5823776938689552 0.03223469387755103 4.959183673469389e-05 650.0 12000.0 0.35 0 0
0.2250000000000001 0.48 0.675 1.6 -5.27014648958134 -5.27014648958134 -5.339139361068292 1.0 0.0 0.0 0.0 0.23632718012073542 -0.17724538509055157 0.5317361552716549 0.03223469387755103 4.959183673469389e-05 650.0 12000.0 0.35 0 0
0.28928571428571437 0.48 0.675 1.6 -5.27014648958134 -5.27014648958134 -5.339139361068292 1.0 0.0 0.0 0.0 0.3291700008824534 -0.17724538509055157 0.4810946166743542 0.03223469387755103 4.959183673469389e-05 650.0 12000.0 0.35 0 0
0.35357142857142865 0.48 0.675 1.6 -5.27014648958134 -5.27014648958134 -5.339139361068292 1.0 0.0 0.0 0.0 0.4220128216441706 -0.17724538509055157 0.43045307807705396 0.03223469387755103 4.959183673469389e-05 650.0 12000.0 0.35 0 0
0.4178571428571429 0.48 0.675 1.6 -5.27014648958134 -5.27014648958134 -5.339139361068292 1.0 0.0 0.0 0.0 0.5148556424058881 -0.17724538509055157 0.37981153947975327 0.03223469387755103 4.959183673469389e-05 650.0 12000.0 0.35 0 0
0.4821428571428572 0.48 0.675 1.6 -5.27014648958134 -5.27014648958134 -5.339139361068292 1.0 0.0 0.0 0.0 0.6076984631676057 -0.17724538509055157 0.329170000882453 0.03223469387755103 4.959183673469389e-05 650.0 12000.0 0.35 0 0
0.5464285714285715 0.48 0.675 1.6 -5.27014648958134 -5.27014648958134 -5.339139361068292 1.0 0.0 0.0 0.0 0.7005412839293232 -0.17724538509055157 0.2785284622851523 0.03223469387755103 4.959183673469389e-05 650.0 12000.0 0.35 0 0
0.6107142857142858 0.48 0.675 1.6 -5.27014648958134 -5.27014648958134 -5.339139361068292 1.0 0.0 0.0 0.0 0.7933841046910408 -0.17724538509055157 0.22788692368785204 0.03223469387755103 4.959183673469389e-05 650.0 12000.0 0.35 0 0
0.675 0.48 0.675 1.6 -5.27014648958134 -5.27014648958134 -5.339139361068292 1.0 0.0 0.0 0.0 0.886226925452758 -0.17724538509055157 0.17724538509055177 0.03223469387755103 4.959183673469389e-05 650.0 12000.0 0.35 0 1
